[07/02/2016 22:29:35] /t
[07/02/2016 22:29:54] /ghost
[07/02/2016 22:30:47] /up
[07/02/2016 22:30:52] /a 1
[07/02/2016 22:31:07] /i 14438
[07/02/2016 22:31:10] /i 14438
[07/02/2016 22:31:14] /i 14368
[07/02/2016 22:31:20] /i 4398
[07/02/2016 22:31:28] /r
[07/02/2016 22:31:29] /r
[07/02/2016 22:31:35] /i 14435
[07/02/2016 22:33:12] /b Pessoal não sei se informei mais estamos em faze BETA amanhã saira do beta viu, hoje estamos removendo os bugs e balanceando o ot, é amanhã que sera inaugurado de vez o servidor, logico iremos dar uma bonificação a Todos por participarem do beta.
[07/02/2016 22:33:43] /b Pessoal não sei se informei mais estamos em faze BETA amanhã saira do beta viu, hoje estamos removendo os bugs e balanceando o ot, é amanhã que sera inaugurado de vez o servidor, logico iremos dar uma bonificação a Todos por participarem do beta.
[07/02/2016 22:35:48] /goto haivozo
[07/02/2016 22:35:56] /ghost
[07/02/2016 22:36:00] /i
[07/02/2016 22:36:03] /r
[07/02/2016 22:36:04] /r
[07/02/2016 22:36:08] /i 1394
[07/02/2016 22:36:25] /b Povo Muito PM calma ! respondei todos Help.
[07/02/2016 22:37:31] /b Quando ot sair do Beta no caso Amanhã, Assim que o Servidor Atingir 50 Players, iremos dar uma Shiny Boxs a todos online, como benefecio.
[07/02/2016 22:41:37] /t tirede
[07/02/2016 22:43:17] /c wang
[07/02/2016 22:44:20] /b Povo é o Seguinte, iremos resetar amnhã por que estamos em BETA para remover bugs, alias todo ot tem sua faze BETA, desculpe se não avisei, mais depois do beta tera o Double catch e xp e ganharão Shiny Box se atingir 50 Players.
[07/02/2016 22:45:15] /t
[07/02/2016 22:45:22] /a 50
[07/02/2016 22:45:26] /t
[07/02/2016 22:45:29] /a 5
[07/02/2016 22:45:35] /i 1385
[07/02/2016 22:47:01] /r
[07/02/2016 22:47:03] /r
[07/02/2016 22:47:04] /r
[07/02/2016 22:47:04] /r
[07/02/2016 22:47:10] /a 1
[07/02/2016 22:47:13] /i 1385
[07/02/2016 22:48:11] /b Pessoal nao tem cmo responder PM tem muitos
[07/02/2016 22:48:23] /b Pessoal nao tem cmo responder PM tem muitos
[07/02/2016 22:50:26] /b Pessoal vou dar 100 diamonds a cada para testarem os itens ShOP
[07/02/2016 22:50:30] /b Pessoal vou dar 100 diamonds a cada para testarem os itens SHOP
[07/02/2016 22:50:30] /b Pessoal vou dar 100 diamonds a cada para testarem os itens SHOP
[07/02/2016 22:50:31] /b Pessoal vou dar 100 diamonds a cada para testarem os itens SHOP
[07/02/2016 22:50:35] /b Pessoal vou dar 100 diamonds a cada para testarem os itens SHOP
[07/02/2016 22:51:15] /bc green Amanhã As 13:00 Servidor sera inaugurado Sem BUGS, Espero que compreendão.
[07/02/2016 22:51:16] /bc green Amanhã As 13:00 Servidor sera inaugurado Sem BUGS, Espero que compreendão.
[07/02/2016 22:51:17] /bc green Amanhã As 13:00 Servidor sera inaugurado Sem BUGS, Espero que compreendão.
[07/02/2016 22:51:23] /n shop
[07/02/2016 22:52:10] /c extremocv
[07/02/2016 22:53:01] /b Irei arruamr tbm os Tier que vi que estão bugados !
[07/02/2016 22:53:02] /b Irei arruamr tbm os Tier que vi que estão bugados !
[07/02/2016 22:53:02] /b Irei arruamr tbm os Tier que vi que estão bugados !
[07/02/2016 22:53:03] /b Irei arruamr tbm os Tier que vi que estão bugados !
[07/02/2016 22:53:08] /n diamond
[07/02/2016 22:53:13] /n diamond
[07/02/2016 22:53:15] /n diamond
[07/02/2016 22:53:18] /n diamond
[07/02/2016 22:53:22] /n diamond
[07/02/2016 22:54:12] /b Lembrando Amanhã Ás 13:00, Servidor Online Sem BETA, este é o previsto, Ai poderão criar contas Novamente!
[07/02/2016 22:54:24] /ghost
[07/02/2016 22:54:27] /newtype 660
[07/02/2016 22:54:32] /goto wang
[07/02/2016 22:54:38] /town 15
[07/02/2016 22:54:41] /town 16
[07/02/2016 22:54:44] /c wang
[07/02/2016 22:54:45] /c wang
[07/02/2016 22:54:59] /n diamond
[07/02/2016 22:55:26] /b Desculpa Povo muitos PMS.
[07/02/2016 22:55:27] /b Desculpa Povo muitos PMS.
[07/02/2016 22:59:25] /n diamond
[07/02/2016 22:59:43] /r
[07/02/2016 23:00:45] /n diamond
[07/02/2016 23:02:01] /b 00:39 Voce Montou na bike, Lembrando que nao pode usar pokemon na bike.
[07/02/2016 23:02:02] /b 00:39 Voce Montou na bike, Lembrando que nao pode usar pokemon na bike.
[07/02/2016 23:02:03] /b 00:39 Voce Montou na bike, Lembrando que nao pode usar pokemon na bike.
[07/02/2016 23:02:03] /b 00:39 Voce Montou na bike, Lembrando que nao pode usar pokemon na bike.
[07/02/2016 23:02:04] /b 00:39 Voce Montou na bike, Lembrando que nao pode usar pokemon na bike.
[07/02/2016 23:02:04] /b 00:39 Voce Montou na bike, Lembrando que nao pode usar pokemon na bike.
[07/02/2016 23:02:15] /b não pode usar pokemon na bike povo
[07/02/2016 23:02:54] /goto wang
[07/02/2016 23:02:59] /i dark ball
[07/02/2016 23:03:14] /c candhy crush
[07/02/2016 23:03:16] /i 2145
[07/02/2016 23:03:26] /t candhy crush
[07/02/2016 23:03:37] /t candhy crush
[07/02/2016 23:03:55] /b povo vou arrumar os bugs para deixar pronto amanhã
[07/02/2016 23:03:57] /t
[07/02/2016 23:04:16] /a 10
[07/02/2016 23:04:39] /i fainted shiny brozong
[07/02/2016 23:04:40] /i fainted shiny brozong
[07/02/2016 23:04:40] /i fainted shiny brozong
[07/02/2016 23:04:40] /i fainted shiny brozong
[07/02/2016 23:04:40] /i fainted shiny brozong
[07/02/2016 23:04:40] /i fainted shiny brozong
[07/02/2016 23:04:40] /i fainted shiny brozong
[07/02/2016 23:04:40] /i fainted shiny brozong
[07/02/2016 23:04:40] /i fainted shiny brozong
[07/02/2016 23:04:40] /i fainted shiny brozong
[07/02/2016 23:04:40] /i fainted shiny brozong
[07/02/2016 23:04:40] /i fainted shiny brozong
[07/02/2016 23:04:40] /i fainted shiny brozong
[07/02/2016 23:04:40] /i fainted shiny brozong
[07/02/2016 23:04:40] /i fainted shiny brozong
[07/02/2016 23:04:40] /i fainted shiny brozong
[07/02/2016 23:04:40] /i fainted shiny brozong
[07/02/2016 23:04:49] /i fainted shiny bronzong
[07/02/2016 23:04:49] /i fainted shiny bronzong
[07/02/2016 23:04:49] /i fainted shiny bronzong
[07/02/2016 23:04:49] /i fainted shiny bronzong
[07/02/2016 23:04:49] /i fainted shiny bronzong
[07/02/2016 23:04:49] /i fainted shiny bronzong
[07/02/2016 23:04:49] /i fainted shiny bronzong
[07/02/2016 23:04:49] /i fainted shiny bronzong
[07/02/2016 23:04:49] /i fainted shiny bronzong
[07/02/2016 23:04:49] /i fainted shiny bronzong
[07/02/2016 23:04:49] /i fainted shiny bronzong
[07/02/2016 23:04:49] /i fainted shiny bronzong
[07/02/2016 23:04:49] /i fainted shiny bronzong
[07/02/2016 23:04:50] /i fainted shiny bronzong
[07/02/2016 23:04:50] /i fainted shiny bronzong
[07/02/2016 23:04:50] /i fainted shiny bronzong
[07/02/2016 23:04:50] /i fainted shiny bronzong
[07/02/2016 23:04:50] /i fainted shiny bronzong
[07/02/2016 23:04:50] /i fainted shiny bronzong
[07/02/2016 23:04:50] /i fainted shiny bronzong
[07/02/2016 23:04:50] /i fainted shiny bronzong
[07/02/2016 23:04:50] /i fainted shiny bronzong
[07/02/2016 23:04:50] /i fainted shiny bronzong
[07/02/2016 23:04:50] /i fainted shiny bronzong
[07/02/2016 23:04:50] /i fainted shiny bronzong
[07/02/2016 23:04:50] /i fainted shiny bronzong
[07/02/2016 23:04:50] /i fainted shiny bronzong
[07/02/2016 23:04:50] /i fainted shiny bronzong
[07/02/2016 23:04:50] /i fainted shiny bronzong
[07/02/2016 23:04:50] /i fainted shiny bronzong
[07/02/2016 23:04:50] /i fainted shiny bronzong
[07/02/2016 23:04:50] /i fainted shiny bronzong
[07/02/2016 23:04:50] /i fainted shiny bronzong
[07/02/2016 23:04:50] /i fainted shiny bronzong
[07/02/2016 23:04:50] /i fainted shiny bronzong
[07/02/2016 23:04:50] /i fainted shiny bronzong
[07/02/2016 23:04:50] /i fainted shiny bronzong
[07/02/2016 23:04:50] /i fainted shiny bronzong
[07/02/2016 23:04:50] /i fainted shiny bronzong
[07/02/2016 23:04:51] /i fainted shiny bronzong
[07/02/2016 23:04:51] /i fainted shiny bronzong
[07/02/2016 23:04:51] /i fainted shiny bronzong
[07/02/2016 23:04:51] /i fainted shiny bronzong
[07/02/2016 23:04:51] /i fainted shiny bronzong
[07/02/2016 23:04:51] /i fainted shiny bronzong
[07/02/2016 23:04:51] /i fainted shiny bronzong
[07/02/2016 23:04:51] /i fainted shiny bronzong
[07/02/2016 23:04:51] /i fainted shiny bronzong
[07/02/2016 23:04:51] /i fainted shiny bronzong
[07/02/2016 23:04:51] /i fainted shiny bronzong
[07/02/2016 23:04:51] /i fainted shiny bronzong
[07/02/2016 23:04:51] /i fainted shiny bronzong
[07/02/2016 23:04:51] /i fainted shiny bronzong
[07/02/2016 23:04:51] /i fainted shiny bronzong
[07/02/2016 23:04:51] /i fainted shiny bronzong
[07/02/2016 23:04:51] /i fainted shiny bronzong
[07/02/2016 23:04:51] /i fainted shiny bronzong
[07/02/2016 23:04:51] /i fainted shiny bronzong
[07/02/2016 23:04:51] /i fainted shiny bronzong
[07/02/2016 23:04:51] /i fainted shiny bronzong
[07/02/2016 23:04:51] /i fainted shiny bronzong
[07/02/2016 23:04:51] /i fainted shiny bronzong
[07/02/2016 23:04:51] /i fainted shiny bronzong
[07/02/2016 23:04:51] /i fainted shiny bronzong
[07/02/2016 23:04:51] /i fainted shiny bronzong
[07/02/2016 23:04:52] /i fainted shiny bronzong
[07/02/2016 23:04:52] /i fainted shiny bronzong
[07/02/2016 23:04:52] /i fainted shiny bronzong
[07/02/2016 23:04:52] /i fainted shiny bronzong
[07/02/2016 23:04:52] /i fainted shiny bronzong
[07/02/2016 23:04:52] /i fainted shiny bronzong
[07/02/2016 23:04:52] /i fainted shiny bronzong
[07/02/2016 23:04:52] /i fainted shiny bronzong
[07/02/2016 23:04:52] /i fainted shiny bronzong
[07/02/2016 23:04:52] /i fainted shiny bronzong
[07/02/2016 23:04:52] /i fainted shiny bronzong
[07/02/2016 23:04:52] /i fainted shiny bronzong
[07/02/2016 23:04:52] /i fainted shiny bronzong
[07/02/2016 23:04:52] /i fainted shiny bronzong
[07/02/2016 23:04:52] /i fainted shiny bronzong
[07/02/2016 23:04:52] /i fainted shiny bronzong
[07/02/2016 23:04:52] /i fainted shiny bronzong
[07/02/2016 23:04:52] /i fainted shiny bronzong
[07/02/2016 23:04:52] /i fainted shiny bronzong
[07/02/2016 23:04:52] /i fainted shiny bronzong
[07/02/2016 23:04:52] /i fainted shiny bronzong
[07/02/2016 23:04:52] /i fainted shiny bronzong
[07/02/2016 23:04:52] /i fainted shiny bronzong
[07/02/2016 23:04:52] /i fainted shiny bronzong
[07/02/2016 23:04:52] /i fainted shiny bronzong
[07/02/2016 23:04:52] /i fainted shiny bronzong
[07/02/2016 23:04:53] /i fainted shiny bronzong
[07/02/2016 23:04:53] /i fainted shiny bronzong
[07/02/2016 23:04:53] /i fainted shiny bronzong
[07/02/2016 23:04:53] /i fainted shiny bronzong
[07/02/2016 23:04:53] /i fainted shiny bronzong
[07/02/2016 23:04:53] /i fainted shiny bronzong
[07/02/2016 23:04:53] /i fainted shiny bronzong
[07/02/2016 23:04:53] /i fainted shiny bronzong
[07/02/2016 23:04:53] /i fainted shiny bronzong
[07/02/2016 23:04:53] /i fainted shiny bronzong
[07/02/2016 23:04:53] /i fainted shiny bronzong
[07/02/2016 23:04:53] /i fainted shiny bronzong
[07/02/2016 23:04:53] /i fainted shiny bronzong
[07/02/2016 23:04:53] /i fainted shiny bronzong
[07/02/2016 23:04:53] /i fainted shiny bronzong
[07/02/2016 23:04:53] /i fainted shiny bronzong
[07/02/2016 23:04:53] /i fainted shiny bronzong
[07/02/2016 23:04:53] /i fainted shiny bronzong
[07/02/2016 23:04:53] /i fainted shiny bronzong
[07/02/2016 23:04:53] /i fainted shiny bronzong
[07/02/2016 23:04:53] /i fainted shiny bronzong
[07/02/2016 23:04:53] /i fainted shiny bronzong
[07/02/2016 23:04:53] /i fainted shiny bronzong
[07/02/2016 23:04:53] /i fainted shiny bronzong
[07/02/2016 23:04:53] /i fainted shiny bronzong
[07/02/2016 23:04:53] /i fainted shiny bronzong
[07/02/2016 23:04:53] /i fainted shiny bronzong
[07/02/2016 23:04:53] /i fainted shiny bronzong
[07/02/2016 23:04:54] /i fainted shiny bronzong
[07/02/2016 23:04:54] /i fainted shiny bronzong
[07/02/2016 23:04:54] /i fainted shiny bronzong
[07/02/2016 23:04:54] /i fainted shiny bronzong
[07/02/2016 23:04:54] /i fainted shiny bronzong
[07/02/2016 23:04:54] /i fainted shiny bronzong
[07/02/2016 23:04:54] /i fainted shiny bronzong
[07/02/2016 23:04:54] /i fainted shiny bronzong
[07/02/2016 23:04:54] /i fainted shiny bronzong
[07/02/2016 23:04:54] /i fainted shiny bronzong
[07/02/2016 23:04:54] /i fainted shiny bronzong
[07/02/2016 23:04:54] /i fainted shiny bronzong
[07/02/2016 23:04:54] /i fainted shiny bronzong
[07/02/2016 23:04:54] /i fainted shiny bronzong
[07/02/2016 23:04:54] /i fainted shiny bronzong
[07/02/2016 23:04:54] /i fainted shiny bronzong
[07/02/2016 23:04:54] /i fainted shiny bronzong
[07/02/2016 23:04:54] /i fainted shiny bronzong
[07/02/2016 23:04:54] /i fainted shiny bronzong
[07/02/2016 23:04:54] /i fainted shiny bronzong
[07/02/2016 23:04:54] /i fainted shiny bronzong
[07/02/2016 23:04:54] /i fainted shiny bronzong
[07/02/2016 23:04:54] /i fainted shiny bronzong
[07/02/2016 23:04:54] /i fainted shiny bronzong
[07/02/2016 23:04:54] /i fainted shiny bronzong
[07/02/2016 23:04:54] /i fainted shiny bronzong
[07/02/2016 23:04:54] /i fainted shiny bronzong
[07/02/2016 23:04:54] /i fainted shiny bronzong
[07/02/2016 23:04:54] /i fainted shiny bronzong
[07/02/2016 23:04:55] /i fainted shiny bronzong
[07/02/2016 23:04:55] /i fainted shiny bronzong
[07/02/2016 23:04:55] /i fainted shiny bronzong
[07/02/2016 23:04:55] /i fainted shiny bronzong
[07/02/2016 23:04:55] /i fainted shiny bronzong
[07/02/2016 23:04:55] /i fainted shiny bronzong
[07/02/2016 23:04:55] /i fainted shiny bronzong
[07/02/2016 23:04:55] /i fainted shiny bronzong
[07/02/2016 23:04:55] /i fainted shiny bronzong
[07/02/2016 23:04:55] /i fainted shiny bronzong
[07/02/2016 23:04:55] /i fainted shiny bronzong
[07/02/2016 23:04:55] /i fainted shiny bronzong
[07/02/2016 23:04:55] /i fainted shiny bronzong
[07/02/2016 23:04:55] /i fainted shiny bronzong
[07/02/2016 23:04:55] /i fainted shiny bronzong
[07/02/2016 23:04:55] /i fainted shiny bronzong
[07/02/2016 23:04:55] /i fainted shiny bronzong
[07/02/2016 23:04:55] /i fainted shiny bronzong
[07/02/2016 23:04:55] /i fainted shiny bronzong
[07/02/2016 23:04:55] /i fainted shiny bronzong
[07/02/2016 23:04:55] /i fainted shiny bronzong
[07/02/2016 23:04:55] /i fainted shiny bronzong
[07/02/2016 23:04:55] /i fainted shiny bronzong
[07/02/2016 23:04:55] /i fainted shiny bronzong
[07/02/2016 23:04:55] /i fainted shiny bronzong
[07/02/2016 23:04:56] /i fainted shiny bronzong
[07/02/2016 23:04:56] /i fainted shiny bronzong
[07/02/2016 23:04:56] /i fainted shiny bronzong
[07/02/2016 23:04:56] /i fainted shiny bronzong
[07/02/2016 23:04:56] /i fainted shiny bronzong
[07/02/2016 23:04:56] /i fainted shiny bronzong
[07/02/2016 23:04:56] /i fainted shiny bronzong
[07/02/2016 23:04:56] /i fainted shiny bronzong
[07/02/2016 23:04:56] /i fainted shiny bronzong
[07/02/2016 23:04:56] /i fainted shiny bronzong
[07/02/2016 23:04:56] /i fainted shiny bronzong
[07/02/2016 23:04:56] /i fainted shiny bronzong
[07/02/2016 23:04:56] /i fainted shiny bronzong
[07/02/2016 23:04:56] /i fainted shiny bronzong
[07/02/2016 23:04:56] /i fainted shiny bronzong
[07/02/2016 23:04:56] /i fainted shiny bronzong
[07/02/2016 23:04:56] /i fainted shiny bronzong
[07/02/2016 23:04:56] /i fainted shiny bronzong
[07/02/2016 23:04:56] /i fainted shiny bronzong
[07/02/2016 23:04:56] /i fainted shiny bronzong
[07/02/2016 23:04:56] /i fainted shiny bronzong
[07/02/2016 23:04:56] /i fainted shiny bronzong
[07/02/2016 23:04:56] /i fainted shiny bronzong
[07/02/2016 23:04:56] /i fainted shiny bronzong
[07/02/2016 23:04:56] /i fainted shiny bronzong
[07/02/2016 23:04:56] /i fainted shiny bronzong
[07/02/2016 23:04:57] /i fainted shiny bronzong
[07/02/2016 23:04:57] /i fainted shiny bronzong
[07/02/2016 23:04:57] /i fainted shiny bronzong
[07/02/2016 23:04:57] /i fainted shiny bronzong
[07/02/2016 23:04:57] /i fainted shiny bronzong
[07/02/2016 23:04:57] /i fainted shiny bronzong
[07/02/2016 23:04:57] /i fainted shiny bronzong
[07/02/2016 23:04:57] /i fainted shiny bronzong
[07/02/2016 23:04:57] /i fainted shiny bronzong
[07/02/2016 23:04:57] /i fainted shiny bronzong
[07/02/2016 23:04:57] /i fainted shiny bronzong
[07/02/2016 23:04:57] /i fainted shiny bronzong
[07/02/2016 23:04:57] /i fainted shiny bronzong
[07/02/2016 23:04:57] /i fainted shiny bronzong
[07/02/2016 23:04:57] /i fainted shiny bronzong
[07/02/2016 23:04:57] /i fainted shiny bronzong
[07/02/2016 23:04:57] /i fainted shiny bronzong
[07/02/2016 23:04:57] /i fainted shiny bronzong
[07/02/2016 23:04:57] /i fainted shiny bronzong
[07/02/2016 23:04:57] /i fainted shiny bronzong
[07/02/2016 23:04:57] /i fainted shiny bronzong
[07/02/2016 23:04:57] /i fainted shiny bronzong
[07/02/2016 23:04:57] /i fainted shiny bronzong
[07/02/2016 23:04:57] /i fainted shiny bronzong
[07/02/2016 23:04:57] /i fainted shiny bronzong
[07/02/2016 23:04:57] /i fainted shiny bronzong
[07/02/2016 23:04:57] /i fainted shiny bronzong
[07/02/2016 23:04:57] /i fainted shiny bronzong
[07/02/2016 23:04:58] /i fainted shiny bronzong
[07/02/2016 23:04:58] /i fainted shiny bronzong
[07/02/2016 23:04:58] /i fainted shiny bronzong
[07/02/2016 23:04:58] /i fainted shiny bronzong
[07/02/2016 23:04:58] /i fainted shiny bronzong
[07/02/2016 23:04:58] /i fainted shiny bronzong
[07/02/2016 23:04:58] /i fainted shiny bronzong
[07/02/2016 23:04:58] /i fainted shiny bronzong
[07/02/2016 23:04:58] /i fainted shiny bronzong
[07/02/2016 23:04:58] /i fainted shiny bronzong
[07/02/2016 23:04:58] /i fainted shiny bronzong
[07/02/2016 23:04:58] /i fainted shiny bronzong
[07/02/2016 23:04:58] /i fainted shiny bronzong
[07/02/2016 23:04:58] /i fainted shiny bronzong
[07/02/2016 23:04:58] /i fainted shiny bronzong
[07/02/2016 23:04:58] /i fainted shiny bronzong
[07/02/2016 23:04:58] /i fainted shiny bronzong
[07/02/2016 23:04:58] /i fainted shiny bronzong
[07/02/2016 23:04:58] /i fainted shiny bronzong
[07/02/2016 23:04:58] /i fainted shiny bronzong
[07/02/2016 23:04:58] /i fainted shiny bronzong
[07/02/2016 23:04:58] /i fainted shiny bronzong
[07/02/2016 23:04:58] /i fainted shiny bronzong
[07/02/2016 23:04:58] /i fainted shiny bronzong
[07/02/2016 23:04:59] /i fainted shiny bronzong
[07/02/2016 23:04:59] /i fainted shiny bronzong
[07/02/2016 23:04:59] /i fainted shiny bronzong
[07/02/2016 23:04:59] /i fainted shiny bronzong
[07/02/2016 23:04:59] /i fainted shiny bronzong
[07/02/2016 23:04:59] /i fainted shiny bronzong
[07/02/2016 23:04:59] /i fainted shiny bronzong
[07/02/2016 23:04:59] /i fainted shiny bronzong
[07/02/2016 23:04:59] /i fainted shiny bronzong
[07/02/2016 23:04:59] /i fainted shiny bronzong
[07/02/2016 23:04:59] /i fainted shiny bronzong
[07/02/2016 23:04:59] /i fainted shiny bronzong
[07/02/2016 23:04:59] /i fainted shiny bronzong
[07/02/2016 23:04:59] /i fainted shiny bronzong
[07/02/2016 23:04:59] /i fainted shiny bronzong
[07/02/2016 23:04:59] /i fainted shiny bronzong
[07/02/2016 23:04:59] /i fainted shiny bronzong
[07/02/2016 23:04:59] /i fainted shiny bronzong
[07/02/2016 23:04:59] /i fainted shiny bronzong
[07/02/2016 23:04:59] /i fainted shiny bronzong
[07/02/2016 23:04:59] /i fainted shiny bronzong
[07/02/2016 23:04:59] /i fainted shiny bronzong
[07/02/2016 23:04:59] /i fainted shiny bronzong
[07/02/2016 23:04:59] /i fainted shiny bronzong
[07/02/2016 23:04:59] /i fainted shiny bronzong
[07/02/2016 23:04:59] /i fainted shiny bronzong
[07/02/2016 23:05:00] /i fainted shiny bronzong
[07/02/2016 23:05:00] /i fainted shiny bronzong
[07/02/2016 23:05:00] /i fainted shiny bronzong
[07/02/2016 23:05:00] /i fainted shiny bronzong
[07/02/2016 23:05:00] /i fainted shiny bronzong
[07/02/2016 23:05:00] /i fainted shiny bronzong
[07/02/2016 23:05:00] /i fainted shiny bronzong
[07/02/2016 23:05:00] /i fainted shiny bronzong
[07/02/2016 23:05:00] /i fainted shiny bronzong
[07/02/2016 23:05:00] /i fainted shiny bronzong
[07/02/2016 23:05:00] /i fainted shiny bronzong
[07/02/2016 23:05:09] /b corpo de shiny bronzong frente cp tenten pega
[07/02/2016 23:05:10] /b corpo de shiny bronzong frente cp tenten pega
[07/02/2016 23:05:13] /i fainted shiny bronzong
[07/02/2016 23:05:13] /i fainted shiny bronzong
[07/02/2016 23:05:13] /i fainted shiny bronzong
[07/02/2016 23:05:14] /i fainted shiny bronzong
[07/02/2016 23:05:14] /i fainted shiny bronzong
[07/02/2016 23:05:14] /i fainted shiny bronzong
[07/02/2016 23:05:14] /i fainted shiny bronzong
[07/02/2016 23:05:15] /i fainted shiny bronzong
[07/02/2016 23:05:15] /i fainted shiny bronzong
[07/02/2016 23:05:15] /i fainted shiny bronzong
[07/02/2016 23:05:15] /i fainted shiny bronzong
[07/02/2016 23:05:15] /i fainted shiny bronzong
[07/02/2016 23:05:15] /i fainted shiny bronzong
[07/02/2016 23:05:15] /i fainted shiny bronzong
[07/02/2016 23:05:15] /i fainted shiny bronzong
[07/02/2016 23:05:15] /i fainted shiny bronzong
[07/02/2016 23:05:15] /i fainted shiny bronzong
[07/02/2016 23:05:15] /i fainted shiny bronzong
[07/02/2016 23:05:15] /i fainted shiny bronzong
[07/02/2016 23:05:15] /i fainted shiny bronzong
[07/02/2016 23:05:15] /i fainted shiny bronzong
[07/02/2016 23:05:15] /i fainted shiny bronzong
[07/02/2016 23:05:15] /i fainted shiny bronzong
[07/02/2016 23:05:15] /i fainted shiny bronzong
[07/02/2016 23:05:15] /i fainted shiny bronzong
[07/02/2016 23:05:15] /i fainted shiny bronzong
[07/02/2016 23:05:15] /i fainted shiny bronzong
[07/02/2016 23:05:15] /i fainted shiny bronzong
[07/02/2016 23:05:15] /i fainted shiny bronzong
[07/02/2016 23:05:15] /i fainted shiny bronzong
[07/02/2016 23:05:15] /i fainted shiny bronzong
[07/02/2016 23:05:15] /i fainted shiny bronzong
[07/02/2016 23:05:15] /i fainted shiny bronzong
[07/02/2016 23:05:15] /i fainted shiny bronzong
[07/02/2016 23:05:16] /i fainted shiny bronzong
[07/02/2016 23:05:16] /i fainted shiny bronzong
[07/02/2016 23:05:16] /i fainted shiny bronzong
[07/02/2016 23:05:16] /i fainted shiny bronzong
[07/02/2016 23:05:16] /i fainted shiny bronzong
[07/02/2016 23:05:16] /i fainted shiny bronzong
[07/02/2016 23:05:16] /i fainted shiny bronzong
[07/02/2016 23:05:16] /i fainted shiny bronzong
[07/02/2016 23:05:16] /i fainted shiny bronzong
[07/02/2016 23:05:16] /i fainted shiny bronzong
[07/02/2016 23:05:16] /i fainted shiny bronzong
[07/02/2016 23:05:16] /i fainted shiny bronzong
[07/02/2016 23:05:16] /i fainted shiny bronzong
[07/02/2016 23:05:16] /i fainted shiny bronzong
[07/02/2016 23:05:16] /i fainted shiny bronzong
[07/02/2016 23:05:16] /i fainted shiny bronzong
[07/02/2016 23:05:16] /i fainted shiny bronzong
[07/02/2016 23:05:16] /i fainted shiny bronzong
[07/02/2016 23:05:16] /i fainted shiny bronzong
[07/02/2016 23:05:16] /i fainted shiny bronzong
[07/02/2016 23:05:16] /i fainted shiny bronzong
[07/02/2016 23:05:16] /i fainted shiny bronzong
[07/02/2016 23:05:16] /i fainted shiny bronzong
[07/02/2016 23:05:16] /i fainted shiny bronzong
[07/02/2016 23:05:16] /i fainted shiny bronzong
[07/02/2016 23:05:16] /i fainted shiny bronzong
[07/02/2016 23:05:16] /i fainted shiny bronzong
[07/02/2016 23:05:16] /i fainted shiny bronzong
[07/02/2016 23:05:17] /i fainted shiny bronzong
[07/02/2016 23:05:17] /i fainted shiny bronzong
[07/02/2016 23:05:17] /i fainted shiny bronzong
[07/02/2016 23:05:17] /i fainted shiny bronzong
[07/02/2016 23:05:17] /i fainted shiny bronzong
[07/02/2016 23:05:17] /i fainted shiny bronzong
[07/02/2016 23:05:17] /i fainted shiny bronzong
[07/02/2016 23:05:17] /i fainted shiny bronzong
[07/02/2016 23:05:17] /i fainted shiny bronzong
[07/02/2016 23:05:17] /i fainted shiny bronzong
[07/02/2016 23:05:17] /i fainted shiny bronzong
[07/02/2016 23:05:17] /i fainted shiny bronzong
[07/02/2016 23:05:17] /i fainted shiny bronzong
[07/02/2016 23:05:17] /i fainted shiny bronzong
[07/02/2016 23:05:17] /i fainted shiny bronzong
[07/02/2016 23:05:17] /i fainted shiny bronzong
[07/02/2016 23:05:17] /i fainted shiny bronzong
[07/02/2016 23:05:17] /i fainted shiny bronzong
[07/02/2016 23:05:17] /i fainted shiny bronzong
[07/02/2016 23:05:17] /i fainted shiny bronzong
[07/02/2016 23:05:17] /i fainted shiny bronzong
[07/02/2016 23:05:17] /i fainted shiny bronzong
[07/02/2016 23:05:17] /i fainted shiny bronzong
[07/02/2016 23:05:17] /i fainted shiny bronzong
[07/02/2016 23:05:17] /i fainted shiny bronzong
[07/02/2016 23:05:17] /i fainted shiny bronzong
[07/02/2016 23:05:18] /i fainted shiny bronzong
[07/02/2016 23:05:18] /i fainted shiny bronzong
[07/02/2016 23:05:18] /i fainted shiny bronzong
[07/02/2016 23:05:18] /i fainted shiny bronzong
[07/02/2016 23:05:18] /i fainted shiny bronzong
[07/02/2016 23:05:18] /i fainted shiny bronzong
[07/02/2016 23:05:18] /i fainted shiny bronzong
[07/02/2016 23:05:18] /i fainted shiny bronzong
[07/02/2016 23:05:18] /i fainted shiny bronzong
[07/02/2016 23:05:18] /i fainted shiny bronzong
[07/02/2016 23:05:18] /i fainted shiny bronzong
[07/02/2016 23:05:18] /i fainted shiny bronzong
[07/02/2016 23:05:18] /i fainted shiny bronzong
[07/02/2016 23:05:18] /i fainted shiny bronzong
[07/02/2016 23:05:18] /i fainted shiny bronzong
[07/02/2016 23:05:18] /i fainted shiny bronzong
[07/02/2016 23:05:18] /i fainted shiny bronzong
[07/02/2016 23:05:18] /i fainted shiny bronzong
[07/02/2016 23:05:18] /i fainted shiny bronzong
[07/02/2016 23:05:18] /i fainted shiny bronzong
[07/02/2016 23:05:18] /i fainted shiny bronzong
[07/02/2016 23:05:18] /i fainted shiny bronzong
[07/02/2016 23:05:18] /i fainted shiny bronzong
[07/02/2016 23:05:18] /i fainted shiny bronzong
[07/02/2016 23:05:18] /i fainted shiny bronzong
[07/02/2016 23:05:19] /i fainted shiny bronzong
[07/02/2016 23:05:19] /i fainted shiny bronzong
[07/02/2016 23:05:19] /i fainted shiny bronzong
[07/02/2016 23:05:19] /i fainted shiny bronzong
[07/02/2016 23:05:19] /i fainted shiny bronzong
[07/02/2016 23:05:19] /i fainted shiny bronzong
[07/02/2016 23:05:19] /i fainted shiny bronzong
[07/02/2016 23:05:19] /i fainted shiny bronzong
[07/02/2016 23:05:19] /i fainted shiny bronzong
[07/02/2016 23:05:19] /i fainted shiny bronzong
[07/02/2016 23:05:19] /i fainted shiny bronzong
[07/02/2016 23:05:19] /i fainted shiny bronzong
[07/02/2016 23:05:19] /i fainted shiny bronzong
[07/02/2016 23:05:19] /i fainted shiny bronzong
[07/02/2016 23:05:19] /i fainted shiny bronzong
[07/02/2016 23:05:19] /i fainted shiny bronzong
[07/02/2016 23:05:19] /i fainted shiny bronzong
[07/02/2016 23:05:19] /i fainted shiny bronzong
[07/02/2016 23:05:19] /i fainted shiny bronzong
[07/02/2016 23:05:19] /i fainted shiny bronzong
[07/02/2016 23:05:19] /i fainted shiny bronzong
[07/02/2016 23:05:19] /i fainted shiny bronzong
[07/02/2016 23:05:19] /i fainted shiny bronzong
[07/02/2016 23:05:19] /i fainted shiny bronzong
[07/02/2016 23:05:19] /i fainted shiny bronzong
[07/02/2016 23:05:19] /i fainted shiny bronzong
[07/02/2016 23:05:20] /i fainted shiny bronzong
[07/02/2016 23:05:20] /i fainted shiny bronzong
[07/02/2016 23:05:20] /i fainted shiny bronzong
[07/02/2016 23:05:20] /i fainted shiny bronzong
[07/02/2016 23:05:20] /i fainted shiny bronzong
[07/02/2016 23:05:20] /i fainted shiny bronzong
[07/02/2016 23:05:20] /i fainted shiny bronzong
[07/02/2016 23:05:20] /i fainted shiny bronzong
[07/02/2016 23:05:20] /i fainted shiny bronzong
[07/02/2016 23:05:20] /i fainted shiny bronzong
[07/02/2016 23:05:20] /i fainted shiny bronzong
[07/02/2016 23:05:20] /i fainted shiny bronzong
[07/02/2016 23:05:20] /i fainted shiny bronzong
[07/02/2016 23:05:20] /i fainted shiny bronzong
[07/02/2016 23:05:20] /i fainted shiny bronzong
[07/02/2016 23:05:20] /i fainted shiny bronzong
[07/02/2016 23:05:20] /i fainted shiny bronzong
[07/02/2016 23:05:20] /i fainted shiny bronzong
[07/02/2016 23:05:20] /i fainted shiny bronzong
[07/02/2016 23:05:20] /i fainted shiny bronzong
[07/02/2016 23:05:20] /i fainted shiny bronzong
[07/02/2016 23:05:20] /i fainted shiny bronzong
[07/02/2016 23:05:20] /i fainted shiny bronzong
[07/02/2016 23:05:20] /i fainted shiny bronzong
[07/02/2016 23:05:20] /i fainted shiny bronzong
[07/02/2016 23:05:21] /i fainted shiny bronzong
[07/02/2016 23:05:21] /i fainted shiny bronzong
[07/02/2016 23:05:21] /i fainted shiny bronzong
[07/02/2016 23:05:21] /i fainted shiny bronzong
[07/02/2016 23:05:21] /i fainted shiny bronzong
[07/02/2016 23:05:21] /i fainted shiny bronzong
[07/02/2016 23:05:21] /i fainted shiny bronzong
[07/02/2016 23:05:21] /i fainted shiny bronzong
[07/02/2016 23:05:21] /i fainted shiny bronzong
[07/02/2016 23:05:21] /i fainted shiny bronzong
[07/02/2016 23:05:21] /i fainted shiny bronzong
[07/02/2016 23:05:21] /i fainted shiny bronzong
[07/02/2016 23:05:21] /i fainted shiny bronzong
[07/02/2016 23:05:21] /i fainted shiny bronzong
[07/02/2016 23:05:21] /i fainted shiny bronzong
[07/02/2016 23:05:21] /i fainted shiny bronzong
[07/02/2016 23:05:21] /i fainted shiny bronzong
[07/02/2016 23:05:21] /i fainted shiny bronzong
[07/02/2016 23:05:21] /i fainted shiny bronzong
[07/02/2016 23:05:21] /i fainted shiny bronzong
[07/02/2016 23:05:21] /i fainted shiny bronzong
[07/02/2016 23:05:21] /i fainted shiny bronzong
[07/02/2016 23:05:21] /i fainted shiny bronzong
[07/02/2016 23:05:21] /i fainted shiny bronzong
[07/02/2016 23:05:21] /i fainted shiny bronzong
[07/02/2016 23:05:21] /i fainted shiny bronzong
[07/02/2016 23:05:22] /i fainted shiny bronzong
[07/02/2016 23:05:22] /i fainted shiny bronzong
[07/02/2016 23:05:22] /i fainted shiny bronzong
[07/02/2016 23:05:22] /i fainted shiny bronzong
[07/02/2016 23:05:22] /i fainted shiny bronzong
[07/02/2016 23:05:22] /i fainted shiny bronzong
[07/02/2016 23:05:22] /i fainted shiny bronzong
[07/02/2016 23:05:22] /i fainted shiny bronzong
[07/02/2016 23:05:22] /i fainted shiny bronzong
[07/02/2016 23:05:22] /i fainted shiny bronzong
[07/02/2016 23:05:22] /i fainted shiny bronzong
[07/02/2016 23:05:22] /i fainted shiny bronzong
[07/02/2016 23:05:22] /i fainted shiny bronzong
[07/02/2016 23:05:22] /i fainted shiny bronzong
[07/02/2016 23:05:22] /i fainted shiny bronzong
[07/02/2016 23:05:22] /i fainted shiny bronzong
[07/02/2016 23:05:22] /i fainted shiny bronzong
[07/02/2016 23:05:22] /i fainted shiny bronzong
[07/02/2016 23:05:22] /i fainted shiny bronzong
[07/02/2016 23:05:22] /i fainted shiny bronzong
[07/02/2016 23:05:22] /i fainted shiny bronzong
[07/02/2016 23:05:22] /i fainted shiny bronzong
[07/02/2016 23:05:22] /i fainted shiny bronzong
[07/02/2016 23:05:22] /i fainted shiny bronzong
[07/02/2016 23:05:22] /i fainted shiny bronzong
[07/02/2016 23:05:22] /i fainted shiny bronzong
[07/02/2016 23:05:23] /i fainted shiny bronzong
[07/02/2016 23:05:23] /i fainted shiny bronzong
[07/02/2016 23:05:23] /i fainted shiny bronzong
[07/02/2016 23:05:23] /i fainted shiny bronzong
[07/02/2016 23:05:23] /i fainted shiny bronzong
[07/02/2016 23:05:23] /i fainted shiny bronzong
[07/02/2016 23:05:23] /i fainted shiny bronzong
[07/02/2016 23:05:23] /i fainted shiny bronzong
[07/02/2016 23:05:23] /i fainted shiny bronzong
[07/02/2016 23:05:23] /i fainted shiny bronzong
[07/02/2016 23:05:23] /i fainted shiny bronzong
[07/02/2016 23:05:23] /i fainted shiny bronzong
[07/02/2016 23:05:23] /i fainted shiny bronzong
[07/02/2016 23:05:23] /i fainted shiny bronzong
[07/02/2016 23:05:23] /i fainted shiny bronzong
[07/02/2016 23:05:23] /i fainted shiny bronzong
[07/02/2016 23:05:30] /i fainted shiny bronzong
[07/02/2016 23:05:30] /i fainted shiny bronzong
[07/02/2016 23:05:31] /i fainted shiny bronzong
[07/02/2016 23:05:31] /i fainted shiny bronzong
[07/02/2016 23:05:31] /i fainted shiny bronzong
[07/02/2016 23:05:31] /i fainted shiny bronzong
[07/02/2016 23:05:31] /i fainted shiny bronzong
[07/02/2016 23:05:31] /i fainted shiny bronzong
[07/02/2016 23:05:31] /i fainted shiny bronzong
[07/02/2016 23:05:31] /i fainted shiny bronzong
[07/02/2016 23:05:31] /i fainted shiny bronzong
[07/02/2016 23:05:31] /i fainted shiny bronzong
[07/02/2016 23:05:31] /i fainted shiny bronzong
[07/02/2016 23:05:31] /i fainted shiny bronzong
[07/02/2016 23:05:31] /i fainted shiny bronzong
[07/02/2016 23:05:31] /i fainted shiny bronzong
[07/02/2016 23:05:31] /i fainted shiny bronzong
[07/02/2016 23:05:31] /i fainted shiny bronzong
[07/02/2016 23:05:31] /i fainted shiny bronzong
[07/02/2016 23:05:31] /i fainted shiny bronzong
[07/02/2016 23:05:31] /i fainted shiny bronzong
[07/02/2016 23:05:31] /i fainted shiny bronzong
[07/02/2016 23:05:31] /i fainted shiny bronzong
[07/02/2016 23:05:31] /i fainted shiny bronzong
[07/02/2016 23:05:31] /i fainted shiny bronzong
[07/02/2016 23:05:31] /i fainted shiny bronzong
[07/02/2016 23:05:31] /i fainted shiny bronzong
[07/02/2016 23:05:31] /i fainted shiny bronzong
[07/02/2016 23:05:31] /i fainted shiny bronzong
[07/02/2016 23:05:31] /i fainted shiny bronzong
[07/02/2016 23:05:32] /i fainted shiny bronzong
[07/02/2016 23:05:32] /i fainted shiny bronzong
[07/02/2016 23:05:32] /i fainted shiny bronzong
[07/02/2016 23:05:32] /i fainted shiny bronzong
[07/02/2016 23:05:32] /i fainted shiny bronzong
[07/02/2016 23:05:32] /i fainted shiny bronzong
[07/02/2016 23:05:32] /i fainted shiny bronzong
[07/02/2016 23:05:32] /i fainted shiny bronzong
[07/02/2016 23:05:32] /i fainted shiny bronzong
[07/02/2016 23:05:32] /i fainted shiny bronzong
[07/02/2016 23:05:32] /i fainted shiny bronzong
[07/02/2016 23:05:32] /i fainted shiny bronzong
[07/02/2016 23:05:32] /i fainted shiny bronzong
[07/02/2016 23:05:32] /i fainted shiny bronzong
[07/02/2016 23:05:32] /i fainted shiny bronzong
[07/02/2016 23:05:32] /i fainted shiny bronzong
[07/02/2016 23:05:32] /i fainted shiny bronzong
[07/02/2016 23:05:32] /i fainted shiny bronzong
[07/02/2016 23:05:32] /i fainted shiny bronzong
[07/02/2016 23:05:32] /i fainted shiny bronzong
[07/02/2016 23:05:32] /i fainted shiny bronzong
[07/02/2016 23:05:32] /i fainted shiny bronzong
[07/02/2016 23:05:32] /i fainted shiny bronzong
[07/02/2016 23:05:32] /i fainted shiny bronzong
[07/02/2016 23:05:32] /i fainted shiny bronzong
[07/02/2016 23:05:32] /i fainted shiny bronzong
[07/02/2016 23:05:32] /i fainted shiny bronzong
[07/02/2016 23:05:33] /i fainted shiny bronzong
[07/02/2016 23:05:33] /i fainted shiny bronzong
[07/02/2016 23:05:33] /i fainted shiny bronzong
[07/02/2016 23:05:33] /i fainted shiny bronzong
[07/02/2016 23:05:33] /i fainted shiny bronzong
[07/02/2016 23:05:33] /i fainted shiny bronzong
[07/02/2016 23:05:33] /i fainted shiny bronzong
[07/02/2016 23:05:33] /i fainted shiny bronzong
[07/02/2016 23:05:33] /i fainted shiny bronzong
[07/02/2016 23:05:33] /i fainted shiny bronzong
[07/02/2016 23:05:33] /i fainted shiny bronzong
[07/02/2016 23:05:33] /i fainted shiny bronzong
[07/02/2016 23:05:33] /i fainted shiny bronzong
[07/02/2016 23:05:33] /i fainted shiny bronzong
[07/02/2016 23:05:33] /i fainted shiny bronzong
[07/02/2016 23:05:33] /i fainted shiny bronzong
[07/02/2016 23:05:33] /i fainted shiny bronzong
[07/02/2016 23:05:33] /i fainted shiny bronzong
[07/02/2016 23:05:33] /i fainted shiny bronzong
[07/02/2016 23:05:33] /i fainted shiny bronzong
[07/02/2016 23:05:33] /i fainted shiny bronzong
[07/02/2016 23:05:33] /i fainted shiny bronzong
[07/02/2016 23:05:33] /i fainted shiny bronzong
[07/02/2016 23:05:33] /i fainted shiny bronzong
[07/02/2016 23:05:34] /i fainted shiny bronzong
[07/02/2016 23:05:34] /i fainted shiny bronzong
[07/02/2016 23:05:34] /i fainted shiny bronzong
[07/02/2016 23:05:34] /i fainted shiny bronzong
[07/02/2016 23:05:34] /i fainted shiny bronzong
[07/02/2016 23:05:34] /i fainted shiny bronzong
[07/02/2016 23:05:34] /i fainted shiny bronzong
[07/02/2016 23:05:34] /i fainted shiny bronzong
[07/02/2016 23:05:34] /i fainted shiny bronzong
[07/02/2016 23:05:34] /i fainted shiny bronzong
[07/02/2016 23:05:34] /i fainted shiny bronzong
[07/02/2016 23:05:34] /i fainted shiny bronzong
[07/02/2016 23:05:34] /i fainted shiny bronzong
[07/02/2016 23:05:34] /i fainted shiny bronzong
[07/02/2016 23:05:34] /i fainted shiny bronzong
[07/02/2016 23:05:34] /i fainted shiny bronzong
[07/02/2016 23:05:34] /i fainted shiny bronzong
[07/02/2016 23:05:34] /i fainted shiny bronzong
[07/02/2016 23:05:34] /i fainted shiny bronzong
[07/02/2016 23:05:34] /i fainted shiny bronzong
[07/02/2016 23:05:35] /i fainted shiny bronzong
[07/02/2016 23:05:35] /i fainted shiny bronzong
[07/02/2016 23:05:35] /i fainted shiny bronzong
[07/02/2016 23:05:35] /i fainted shiny bronzong
[07/02/2016 23:05:35] /i fainted shiny bronzong
[07/02/2016 23:05:35] /i fainted shiny bronzong
[07/02/2016 23:05:35] /i fainted shiny bronzong
[07/02/2016 23:05:35] /i fainted shiny bronzong
[07/02/2016 23:05:35] /i fainted shiny bronzong
[07/02/2016 23:05:35] /i fainted shiny bronzong
[07/02/2016 23:05:35] /i fainted shiny bronzong
[07/02/2016 23:05:35] /i fainted shiny bronzong
[07/02/2016 23:05:35] /i fainted shiny bronzong
[07/02/2016 23:05:35] /i fainted shiny bronzong
[07/02/2016 23:05:35] /i fainted shiny bronzong
[07/02/2016 23:05:35] /i fainted shiny bronzong
[07/02/2016 23:05:35] /i fainted shiny bronzong
[07/02/2016 23:05:35] /i fainted shiny bronzong
[07/02/2016 23:05:35] /i fainted shiny bronzong
[07/02/2016 23:05:35] /i fainted shiny bronzong
[07/02/2016 23:05:35] /i fainted shiny bronzong
[07/02/2016 23:05:35] /i fainted shiny bronzong
[07/02/2016 23:05:35] /i fainted shiny bronzong
[07/02/2016 23:05:36] /i fainted shiny bronzong
[07/02/2016 23:05:36] /i fainted shiny bronzong
[07/02/2016 23:05:36] /i fainted shiny bronzong
[07/02/2016 23:05:36] /i fainted shiny bronzong
[07/02/2016 23:05:36] /i fainted shiny bronzong
[07/02/2016 23:05:36] /i fainted shiny bronzong
[07/02/2016 23:05:36] /i fainted shiny bronzong
[07/02/2016 23:05:36] /i fainted shiny bronzong
[07/02/2016 23:05:36] /i fainted shiny bronzong
[07/02/2016 23:05:36] /i fainted shiny bronzong
[07/02/2016 23:05:36] /i fainted shiny bronzong
[07/02/2016 23:05:36] /i fainted shiny bronzong
[07/02/2016 23:05:36] /i fainted shiny bronzong
[07/02/2016 23:05:36] /i fainted shiny bronzong
[07/02/2016 23:05:36] /i fainted shiny bronzong
[07/02/2016 23:05:36] /i fainted shiny bronzong
[07/02/2016 23:05:36] /i fainted shiny bronzong
[07/02/2016 23:05:36] /i fainted shiny bronzong
[07/02/2016 23:05:36] /i fainted shiny bronzong
[07/02/2016 23:05:36] /i fainted shiny bronzong
[07/02/2016 23:05:36] /i fainted shiny bronzong
[07/02/2016 23:05:36] /i fainted shiny bronzong
[07/02/2016 23:05:36] /i fainted shiny bronzong
[07/02/2016 23:05:36] /i fainted shiny bronzong
[07/02/2016 23:05:36] /i fainted shiny bronzong
[07/02/2016 23:05:36] /i fainted shiny bronzong
[07/02/2016 23:05:36] /i fainted shiny bronzong
[07/02/2016 23:05:36] /i fainted shiny bronzong
[07/02/2016 23:05:36] /i fainted shiny bronzong
[07/02/2016 23:05:36] /i fainted shiny bronzong
[07/02/2016 23:05:37] /i fainted shiny bronzong
[07/02/2016 23:05:37] /i fainted shiny bronzong
[07/02/2016 23:05:37] /i fainted shiny bronzong
[07/02/2016 23:05:37] /i fainted shiny bronzong
[07/02/2016 23:05:37] /i fainted shiny bronzong
[07/02/2016 23:05:37] /i fainted shiny bronzong
[07/02/2016 23:05:37] /i fainted shiny bronzong
[07/02/2016 23:05:37] /i fainted shiny bronzong
[07/02/2016 23:05:37] /i fainted shiny bronzong
[07/02/2016 23:05:37] /i fainted shiny bronzong
[07/02/2016 23:05:37] /i fainted shiny bronzong
[07/02/2016 23:05:37] /i fainted shiny bronzong
[07/02/2016 23:05:37] /i fainted shiny bronzong
[07/02/2016 23:05:37] /i fainted shiny bronzong
[07/02/2016 23:05:37] /i fainted shiny bronzong
[07/02/2016 23:05:37] /i fainted shiny bronzong
[07/02/2016 23:05:37] /i fainted shiny bronzong
[07/02/2016 23:05:37] /i fainted shiny bronzong
[07/02/2016 23:05:37] /i fainted shiny bronzong
[07/02/2016 23:05:37] /i fainted shiny bronzong
[07/02/2016 23:05:37] /i fainted shiny bronzong
[07/02/2016 23:05:37] /i fainted shiny bronzong
[07/02/2016 23:05:37] /i fainted shiny bronzong
[07/02/2016 23:05:37] /i fainted shiny bronzong
[07/02/2016 23:05:37] /i fainted shiny bronzong
[07/02/2016 23:05:37] /i fainted shiny bronzong
[07/02/2016 23:05:37] /i fainted shiny bronzong
[07/02/2016 23:05:37] /i fainted shiny bronzong
[07/02/2016 23:05:37] /i fainted shiny bronzong
[07/02/2016 23:05:38] /i fainted shiny bronzong
[07/02/2016 23:05:38] /i fainted shiny bronzong
[07/02/2016 23:05:38] /i fainted shiny bronzong
[07/02/2016 23:05:38] /i fainted shiny bronzong
[07/02/2016 23:05:38] /i fainted shiny bronzong
[07/02/2016 23:05:38] /i fainted shiny bronzong
[07/02/2016 23:05:38] /i fainted shiny bronzong
[07/02/2016 23:05:38] /i fainted shiny bronzong
[07/02/2016 23:05:38] /i fainted shiny bronzong
[07/02/2016 23:05:38] /i fainted shiny bronzong
[07/02/2016 23:05:38] /i fainted shiny bronzong
[07/02/2016 23:05:38] /i fainted shiny bronzong
[07/02/2016 23:05:38] /i fainted shiny bronzong
[07/02/2016 23:05:38] /i fainted shiny bronzong
[07/02/2016 23:05:38] /i fainted shiny bronzong
[07/02/2016 23:05:38] /i fainted shiny bronzong
[07/02/2016 23:05:38] /i fainted shiny bronzong
[07/02/2016 23:05:38] /i fainted shiny bronzong
[07/02/2016 23:05:38] /i fainted shiny bronzong
[07/02/2016 23:05:38] /i fainted shiny bronzong
[07/02/2016 23:05:38] /i fainted shiny bronzong
[07/02/2016 23:05:38] /i fainted shiny bronzong
[07/02/2016 23:05:38] /i fainted shiny bronzong
[07/02/2016 23:05:38] /i fainted shiny bronzong
[07/02/2016 23:05:39] /i fainted shiny bronzong
[07/02/2016 23:05:39] /i fainted shiny bronzong
[07/02/2016 23:05:39] /i fainted shiny bronzong
[07/02/2016 23:05:39] /i fainted shiny bronzong
[07/02/2016 23:05:39] /i fainted shiny bronzong
[07/02/2016 23:05:39] /i fainted shiny bronzong
[07/02/2016 23:05:39] /i fainted shiny bronzong
[07/02/2016 23:05:39] /i fainted shiny bronzong
[07/02/2016 23:05:39] /i fainted shiny bronzong
[07/02/2016 23:05:39] /i fainted shiny bronzong
[07/02/2016 23:05:39] /i fainted shiny bronzong
[07/02/2016 23:05:39] /i fainted shiny bronzong
[07/02/2016 23:05:39] /i fainted shiny bronzong
[07/02/2016 23:05:39] /i fainted shiny bronzong
[07/02/2016 23:05:39] /i fainted shiny bronzong
[07/02/2016 23:05:39] /i fainted shiny bronzong
[07/02/2016 23:05:39] /i fainted shiny bronzong
[07/02/2016 23:05:39] /i fainted shiny bronzong
[07/02/2016 23:05:39] /i fainted shiny bronzong
[07/02/2016 23:05:39] /i fainted shiny bronzong
[07/02/2016 23:05:39] /i fainted shiny bronzong
[07/02/2016 23:05:39] /i fainted shiny bronzong
[07/02/2016 23:05:39] /i fainted shiny bronzong
[07/02/2016 23:05:39] /i fainted shiny bronzong
[07/02/2016 23:05:39] /i fainted shiny bronzong
[07/02/2016 23:05:39] /i fainted shiny bronzong
[07/02/2016 23:05:39] /i fainted shiny bronzong
[07/02/2016 23:05:39] /i fainted shiny bronzong
[07/02/2016 23:05:39] /i fainted shiny bronzong
[07/02/2016 23:05:39] /i fainted shiny bronzong
[07/02/2016 23:05:40] /i fainted shiny bronzong
[07/02/2016 23:05:40] /i fainted shiny bronzong
[07/02/2016 23:05:40] /i fainted shiny bronzong
[07/02/2016 23:05:40] /i fainted shiny bronzong
[07/02/2016 23:05:40] /i fainted shiny bronzong
[07/02/2016 23:05:40] /i fainted shiny bronzong
[07/02/2016 23:05:40] /i fainted shiny bronzong
[07/02/2016 23:05:40] /i fainted shiny bronzong
[07/02/2016 23:05:40] /i fainted shiny bronzong
[07/02/2016 23:05:40] /i fainted shiny bronzong
[07/02/2016 23:05:40] /i fainted shiny bronzong
[07/02/2016 23:05:40] /i fainted shiny bronzong
[07/02/2016 23:05:40] /i fainted shiny bronzong
[07/02/2016 23:05:40] /i fainted shiny bronzong
[07/02/2016 23:05:40] /i fainted shiny bronzong
[07/02/2016 23:05:40] /i fainted shiny bronzong
[07/02/2016 23:05:40] /i fainted shiny bronzong
[07/02/2016 23:05:40] /i fainted shiny bronzong
[07/02/2016 23:05:40] /i fainted shiny bronzong
[07/02/2016 23:05:40] /i fainted shiny bronzong
[07/02/2016 23:05:40] /i fainted shiny bronzong
[07/02/2016 23:05:40] /i fainted shiny bronzong
[07/02/2016 23:05:40] /i fainted shiny bronzong
[07/02/2016 23:05:40] /i fainted shiny bronzong
[07/02/2016 23:05:40] /i fainted shiny bronzong
[07/02/2016 23:05:41] /i fainted shiny bronzong
[07/02/2016 23:05:41] /i fainted shiny bronzong
[07/02/2016 23:05:41] /i fainted shiny bronzong
[07/02/2016 23:05:41] /i fainted shiny bronzong
[07/02/2016 23:05:41] /i fainted shiny bronzong
[07/02/2016 23:05:41] /i fainted shiny bronzong
[07/02/2016 23:05:41] /i fainted shiny bronzong
[07/02/2016 23:05:41] /i fainted shiny bronzong
[07/02/2016 23:05:41] /i fainted shiny bronzong
[07/02/2016 23:05:41] /i fainted shiny bronzong
[07/02/2016 23:05:41] /i fainted shiny bronzong
[07/02/2016 23:05:41] /i fainted shiny bronzong
[07/02/2016 23:05:41] /i fainted shiny bronzong
[07/02/2016 23:05:41] /i fainted shiny bronzong
[07/02/2016 23:05:41] /i fainted shiny bronzong
[07/02/2016 23:05:41] /i fainted shiny bronzong
[07/02/2016 23:05:41] /i fainted shiny bronzong
[07/02/2016 23:05:41] /i fainted shiny bronzong
[07/02/2016 23:05:41] /i fainted shiny bronzong
[07/02/2016 23:05:41] /i fainted shiny bronzong
[07/02/2016 23:05:41] /i fainted shiny bronzong
[07/02/2016 23:05:41] /i fainted shiny bronzong
[07/02/2016 23:05:41] /i fainted shiny bronzong
[07/02/2016 23:05:41] /i fainted shiny bronzong
[07/02/2016 23:05:41] /i fainted shiny bronzong
[07/02/2016 23:05:41] /i fainted shiny bronzong
[07/02/2016 23:05:41] /i fainted shiny bronzong
[07/02/2016 23:05:41] /i fainted shiny bronzong
[07/02/2016 23:05:41] /i fainted shiny bronzong
[07/02/2016 23:05:42] /i fainted shiny bronzong
[07/02/2016 23:05:42] /i fainted shiny bronzong
[07/02/2016 23:05:42] /i fainted shiny bronzong
[07/02/2016 23:05:42] /i fainted shiny bronzong
[07/02/2016 23:05:42] /i fainted shiny bronzong
[07/02/2016 23:05:42] /i fainted shiny bronzong
[07/02/2016 23:05:42] /i fainted shiny bronzong
[07/02/2016 23:05:42] /i fainted shiny bronzong
[07/02/2016 23:05:42] /i fainted shiny bronzong
[07/02/2016 23:05:42] /i fainted shiny bronzong
[07/02/2016 23:05:42] /i fainted shiny bronzong
[07/02/2016 23:05:42] /i fainted shiny bronzong
[07/02/2016 23:05:42] /i fainted shiny bronzong
[07/02/2016 23:05:42] /i fainted shiny bronzong
[07/02/2016 23:05:42] /i fainted shiny bronzong
[07/02/2016 23:05:42] /i fainted shiny bronzong
[07/02/2016 23:05:42] /i fainted shiny bronzong
[07/02/2016 23:05:42] /i fainted shiny bronzong
[07/02/2016 23:05:42] /i fainted shiny bronzong
[07/02/2016 23:05:42] /i fainted shiny bronzong
[07/02/2016 23:05:42] /i fainted shiny bronzong
[07/02/2016 23:05:42] /i fainted shiny bronzong
[07/02/2016 23:05:42] /i fainted shiny bronzong
[07/02/2016 23:05:42] /i fainted shiny bronzong
[07/02/2016 23:05:42] /i fainted shiny bronzong
[07/02/2016 23:05:42] /i fainted shiny bronzong
[07/02/2016 23:05:42] /i fainted shiny bronzong
[07/02/2016 23:05:42] /i fainted shiny bronzong
[07/02/2016 23:05:42] /i fainted shiny bronzong
[07/02/2016 23:05:43] /i fainted shiny bronzong
[07/02/2016 23:05:43] /i fainted shiny bronzong
[07/02/2016 23:05:43] /i fainted shiny bronzong
[07/02/2016 23:05:43] /i fainted shiny bronzong
[07/02/2016 23:05:43] /i fainted shiny bronzong
[07/02/2016 23:05:43] /i fainted shiny bronzong
[07/02/2016 23:05:43] /i fainted shiny bronzong
[07/02/2016 23:05:43] /i fainted shiny bronzong
[07/02/2016 23:05:43] /i fainted shiny bronzong
[07/02/2016 23:05:43] /i fainted shiny bronzong
[07/02/2016 23:05:43] /i fainted shiny bronzong
[07/02/2016 23:05:43] /i fainted shiny bronzong
[07/02/2016 23:05:43] /i fainted shiny bronzong
[07/02/2016 23:05:43] /i fainted shiny bronzong
[07/02/2016 23:05:43] /i fainted shiny bronzong
[07/02/2016 23:05:43] /i fainted shiny bronzong
[07/02/2016 23:05:43] /i fainted shiny bronzong
[07/02/2016 23:05:43] /i fainted shiny bronzong
[07/02/2016 23:05:43] /i fainted shiny bronzong
[07/02/2016 23:05:43] /i fainted shiny bronzong
[07/02/2016 23:05:43] /i fainted shiny bronzong
[07/02/2016 23:05:43] /i fainted shiny bronzong
[07/02/2016 23:05:43] /i fainted shiny bronzong
[07/02/2016 23:05:43] /i fainted shiny bronzong
[07/02/2016 23:05:43] /i fainted shiny bronzong
[07/02/2016 23:05:44] /i fainted shiny bronzong
[07/02/2016 23:05:44] /i fainted shiny bronzong
[07/02/2016 23:05:44] /i fainted shiny bronzong
[07/02/2016 23:05:44] /i fainted shiny bronzong
[07/02/2016 23:05:44] /i fainted shiny bronzong
[07/02/2016 23:05:44] /i fainted shiny bronzong
[07/02/2016 23:05:44] /i fainted shiny bronzong
[07/02/2016 23:05:44] /i fainted shiny bronzong
[07/02/2016 23:05:44] /i fainted shiny bronzong
[07/02/2016 23:05:44] /i fainted shiny bronzong
[07/02/2016 23:05:44] /i fainted shiny bronzong
[07/02/2016 23:05:44] /i fainted shiny bronzong
[07/02/2016 23:05:44] /i fainted shiny bronzong
[07/02/2016 23:05:44] /i fainted shiny bronzong
[07/02/2016 23:05:44] /i fainted shiny bronzong
[07/02/2016 23:05:44] /i fainted shiny bronzong
[07/02/2016 23:05:44] /i fainted shiny bronzong
[07/02/2016 23:05:44] /i fainted shiny bronzong
[07/02/2016 23:05:44] /i fainted shiny bronzong
[07/02/2016 23:05:44] /i fainted shiny bronzong
[07/02/2016 23:05:44] /i fainted shiny bronzong
[07/02/2016 23:05:44] /i fainted shiny bronzong
[07/02/2016 23:05:44] /i fainted shiny bronzong
[07/02/2016 23:05:44] /i fainted shiny bronzong
[07/02/2016 23:05:44] /i fainted shiny bronzong
[07/02/2016 23:05:44] /i fainted shiny bronzong
[07/02/2016 23:05:44] /i fainted shiny bronzong
[07/02/2016 23:05:44] /i fainted shiny bronzong
[07/02/2016 23:05:44] /i fainted shiny bronzong
[07/02/2016 23:05:45] /i fainted shiny bronzong
[07/02/2016 23:05:45] /i fainted shiny bronzong
[07/02/2016 23:05:45] /i fainted shiny bronzong
[07/02/2016 23:05:45] /i fainted shiny bronzong
[07/02/2016 23:05:45] /i fainted shiny bronzong
[07/02/2016 23:05:45] /i fainted shiny bronzong
[07/02/2016 23:05:45] /i fainted shiny bronzong
[07/02/2016 23:05:45] /i fainted shiny bronzong
[07/02/2016 23:05:45] /i fainted shiny bronzong
[07/02/2016 23:05:45] /i fainted shiny bronzong
[07/02/2016 23:05:45] /i fainted shiny bronzong
[07/02/2016 23:05:45] /i fainted shiny bronzong
[07/02/2016 23:05:45] /i fainted shiny bronzong
[07/02/2016 23:05:45] /i fainted shiny bronzong
[07/02/2016 23:05:45] /i fainted shiny bronzong
[07/02/2016 23:05:45] /i fainted shiny bronzong
[07/02/2016 23:05:45] /i fainted shiny bronzong
[07/02/2016 23:05:45] /i fainted shiny bronzong
[07/02/2016 23:05:45] /i fainted shiny bronzong
[07/02/2016 23:05:45] /i fainted shiny bronzong
[07/02/2016 23:05:45] /i fainted shiny bronzong
[07/02/2016 23:05:45] /i fainted shiny bronzong
[07/02/2016 23:05:45] /i fainted shiny bronzong
[07/02/2016 23:05:46] /i fainted shiny bronzong
[07/02/2016 23:05:46] /i fainted shiny bronzong
[07/02/2016 23:05:46] /i fainted shiny bronzong
[07/02/2016 23:05:46] /i fainted shiny bronzong
[07/02/2016 23:05:46] /i fainted shiny bronzong
[07/02/2016 23:05:46] /i fainted shiny bronzong
[07/02/2016 23:05:46] /i fainted shiny bronzong
[07/02/2016 23:05:46] /i fainted shiny bronzong
[07/02/2016 23:05:46] /i fainted shiny bronzong
[07/02/2016 23:05:46] /i fainted shiny bronzong
[07/02/2016 23:05:46] /i fainted shiny bronzong
[07/02/2016 23:05:46] /i fainted shiny bronzong
[07/02/2016 23:05:46] /i fainted shiny bronzong
[07/02/2016 23:05:46] /i fainted shiny bronzong
[07/02/2016 23:05:46] /i fainted shiny bronzong
[07/02/2016 23:05:46] /i fainted shiny bronzong
[07/02/2016 23:05:46] /i fainted shiny bronzong
[07/02/2016 23:05:46] /i fainted shiny bronzong
[07/02/2016 23:05:46] /i fainted shiny bronzong
[07/02/2016 23:05:46] /i fainted shiny bronzong
[07/02/2016 23:05:46] /i fainted shiny bronzong
[07/02/2016 23:05:46] /i fainted shiny bronzong
[07/02/2016 23:05:46] /i fainted shiny bronzong
[07/02/2016 23:05:46] /i fainted shiny bronzong
[07/02/2016 23:05:46] /i fainted shiny bronzong
[07/02/2016 23:05:46] /i fainted shiny bronzong
[07/02/2016 23:05:46] /i fainted shiny bronzong
[07/02/2016 23:05:46] /i fainted shiny bronzong
[07/02/2016 23:05:46] /i fainted shiny bronzong
[07/02/2016 23:05:46] /i fainted shiny bronzong
[07/02/2016 23:05:47] /i fainted shiny bronzong
[07/02/2016 23:05:47] /i fainted shiny bronzong
[07/02/2016 23:05:47] /i fainted shiny bronzong
[07/02/2016 23:05:47] /i fainted shiny bronzong
[07/02/2016 23:05:47] /i fainted shiny bronzong
[07/02/2016 23:05:47] /i fainted shiny bronzong
[07/02/2016 23:05:47] /i fainted shiny bronzong
[07/02/2016 23:05:47] /i fainted shiny bronzong
[07/02/2016 23:05:47] /i fainted shiny bronzong
[07/02/2016 23:05:47] /i fainted shiny bronzong
[07/02/2016 23:05:47] /i fainted shiny bronzong
[07/02/2016 23:05:47] /i fainted shiny bronzong
[07/02/2016 23:05:47] /i fainted shiny bronzong
[07/02/2016 23:05:47] /i fainted shiny bronzong
[07/02/2016 23:05:47] /i fainted shiny bronzong
[07/02/2016 23:05:47] /i fainted shiny bronzong
[07/02/2016 23:05:47] /i fainted shiny bronzong
[07/02/2016 23:05:47] /i fainted shiny bronzong
[07/02/2016 23:05:47] /i fainted shiny bronzong
[07/02/2016 23:05:47] /i fainted shiny bronzong
[07/02/2016 23:05:47] /i fainted shiny bronzong
[07/02/2016 23:05:47] /i fainted shiny bronzong
[07/02/2016 23:05:47] /i fainted shiny bronzong
[07/02/2016 23:05:47] /i fainted shiny bronzong
[07/02/2016 23:05:47] /i fainted shiny bronzong
[07/02/2016 23:05:47] /i fainted shiny bronzong
[07/02/2016 23:05:47] /i fainted shiny bronzong
[07/02/2016 23:05:47] /i fainted shiny bronzong
[07/02/2016 23:05:47] /i fainted shiny bronzong
[07/02/2016 23:05:47] /i fainted shiny bronzong
[07/02/2016 23:05:47] /i fainted shiny bronzong
[07/02/2016 23:05:47] /i fainted shiny bronzong
[07/02/2016 23:05:48] /i fainted shiny bronzong
[07/02/2016 23:05:48] /i fainted shiny bronzong
[07/02/2016 23:05:48] /i fainted shiny bronzong
[07/02/2016 23:05:48] /i fainted shiny bronzong
[07/02/2016 23:05:48] /i fainted shiny bronzong
[07/02/2016 23:05:48] /i fainted shiny bronzong
[07/02/2016 23:05:48] /i fainted shiny bronzong
[07/02/2016 23:05:48] /i fainted shiny bronzong
[07/02/2016 23:05:48] /i fainted shiny bronzong
[07/02/2016 23:05:48] /i fainted shiny bronzong
[07/02/2016 23:05:48] /i fainted shiny bronzong
[07/02/2016 23:05:48] /i fainted shiny bronzong
[07/02/2016 23:05:48] /i fainted shiny bronzong
[07/02/2016 23:05:48] /i fainted shiny bronzong
[07/02/2016 23:05:48] /i fainted shiny bronzong
[07/02/2016 23:05:48] /i fainted shiny bronzong
[07/02/2016 23:05:48] /i fainted shiny bronzong
[07/02/2016 23:05:48] /i fainted shiny bronzong
[07/02/2016 23:05:48] /i fainted shiny bronzong
[07/02/2016 23:05:48] /i fainted shiny bronzong
[07/02/2016 23:05:48] /i fainted shiny bronzong
[07/02/2016 23:05:48] /i fainted shiny bronzong
[07/02/2016 23:05:48] /i fainted shiny bronzong
[07/02/2016 23:05:48] /i fainted shiny bronzong
[07/02/2016 23:05:48] /i fainted shiny bronzong
[07/02/2016 23:05:48] /i fainted shiny bronzong
[07/02/2016 23:05:48] /i fainted shiny bronzong
[07/02/2016 23:05:49] /i fainted shiny bronzong
[07/02/2016 23:05:49] /i fainted shiny bronzong
[07/02/2016 23:05:49] /i fainted shiny bronzong
[07/02/2016 23:05:49] /i fainted shiny bronzong
[07/02/2016 23:05:49] /i fainted shiny bronzong
[07/02/2016 23:05:49] /i fainted shiny bronzong
[07/02/2016 23:05:49] /i fainted shiny bronzong
[07/02/2016 23:05:49] /i fainted shiny bronzong
[07/02/2016 23:05:49] /i fainted shiny bronzong
[07/02/2016 23:05:49] /i fainted shiny bronzong
[07/02/2016 23:05:49] /i fainted shiny bronzong
[07/02/2016 23:05:49] /i fainted shiny bronzong
[07/02/2016 23:05:49] /i fainted shiny bronzong
[07/02/2016 23:05:49] /i fainted shiny bronzong
[07/02/2016 23:05:49] /i fainted shiny bronzong
[07/02/2016 23:05:49] /i fainted shiny bronzong
[07/02/2016 23:05:49] /i fainted shiny bronzong
[07/02/2016 23:05:49] /i fainted shiny bronzong
[07/02/2016 23:05:49] /i fainted shiny bronzong
[07/02/2016 23:05:49] /i fainted shiny bronzong
[07/02/2016 23:05:49] /i fainted shiny bronzong
[07/02/2016 23:05:49] /i fainted shiny bronzong
[07/02/2016 23:05:49] /i fainted shiny bronzong
[07/02/2016 23:05:49] /i fainted shiny bronzong
[07/02/2016 23:05:49] /i fainted shiny bronzong
[07/02/2016 23:05:50] /i fainted shiny bronzong
[07/02/2016 23:05:50] /i fainted shiny bronzong
[07/02/2016 23:05:50] /i fainted shiny bronzong
[07/02/2016 23:05:50] /i fainted shiny bronzong
[07/02/2016 23:05:50] /i fainted shiny bronzong
[07/02/2016 23:05:50] /i fainted shiny bronzong
[07/02/2016 23:05:50] /i fainted shiny bronzong
[07/02/2016 23:05:50] /i fainted shiny bronzong
[07/02/2016 23:05:50] /i fainted shiny bronzong
[07/02/2016 23:05:50] /i fainted shiny bronzong
[07/02/2016 23:05:50] /i fainted shiny bronzong
[07/02/2016 23:05:50] /i fainted shiny bronzong
[07/02/2016 23:05:50] /i fainted shiny bronzong
[07/02/2016 23:05:50] /i fainted shiny bronzong
[07/02/2016 23:05:50] /i fainted shiny bronzong
[07/02/2016 23:05:50] /i fainted shiny bronzong
[07/02/2016 23:05:50] /i fainted shiny bronzong
[07/02/2016 23:05:50] /i fainted shiny bronzong
[07/02/2016 23:05:50] /i fainted shiny bronzong
[07/02/2016 23:05:50] /i fainted shiny bronzong
[07/02/2016 23:05:50] /i fainted shiny bronzong
[07/02/2016 23:05:50] /i fainted shiny bronzong
[07/02/2016 23:05:50] /i fainted shiny bronzong
[07/02/2016 23:05:50] /i fainted shiny bronzong
[07/02/2016 23:05:50] /i fainted shiny bronzong
[07/02/2016 23:05:50] /i fainted shiny bronzong
[07/02/2016 23:05:51] /i fainted shiny bronzong
[07/02/2016 23:05:51] /i fainted shiny bronzong
[07/02/2016 23:05:51] /i fainted shiny bronzong
[07/02/2016 23:05:51] /i fainted shiny bronzong
[07/02/2016 23:05:51] /i fainted shiny bronzong
[07/02/2016 23:05:51] /i fainted shiny bronzong
[07/02/2016 23:05:51] /i fainted shiny bronzong
[07/02/2016 23:05:51] /i fainted shiny bronzong
[07/02/2016 23:05:51] /i fainted shiny bronzong
[07/02/2016 23:05:51] /i fainted shiny bronzong
[07/02/2016 23:05:51] /i fainted shiny bronzong
[07/02/2016 23:05:51] /i fainted shiny bronzong
[07/02/2016 23:05:51] /i fainted shiny bronzong
[07/02/2016 23:05:51] /i fainted shiny bronzong
[07/02/2016 23:05:51] /i fainted shiny bronzong
[07/02/2016 23:05:51] /i fainted shiny bronzong
[07/02/2016 23:05:51] /i fainted shiny bronzong
[07/02/2016 23:05:51] /i fainted shiny bronzong
[07/02/2016 23:05:51] /i fainted shiny bronzong
[07/02/2016 23:05:51] /i fainted shiny bronzong
[07/02/2016 23:05:51] /i fainted shiny bronzong
[07/02/2016 23:05:51] /i fainted shiny bronzong
[07/02/2016 23:05:51] /i fainted shiny bronzong
[07/02/2016 23:05:51] /i fainted shiny bronzong
[07/02/2016 23:05:52] /i fainted shiny bronzong
[07/02/2016 23:05:52] /i fainted shiny bronzong
[07/02/2016 23:05:52] /i fainted shiny bronzong
[07/02/2016 23:05:52] /i fainted shiny bronzong
[07/02/2016 23:05:52] /i fainted shiny bronzong
[07/02/2016 23:05:52] /i fainted shiny bronzong
[07/02/2016 23:05:52] /i fainted shiny bronzong
[07/02/2016 23:05:52] /i fainted shiny bronzong
[07/02/2016 23:05:52] /i fainted shiny bronzong
[07/02/2016 23:05:52] /i fainted shiny bronzong
[07/02/2016 23:05:52] /i fainted shiny bronzong
[07/02/2016 23:05:52] /i fainted shiny bronzong
[07/02/2016 23:05:52] /i fainted shiny bronzong
[07/02/2016 23:05:52] /i fainted shiny bronzong
[07/02/2016 23:05:52] /i fainted shiny bronzong
[07/02/2016 23:05:52] /i fainted shiny bronzong
[07/02/2016 23:05:52] /i fainted shiny bronzong
[07/02/2016 23:05:52] /i fainted shiny bronzong
[07/02/2016 23:05:52] /i fainted shiny bronzong
[07/02/2016 23:05:52] /i fainted shiny bronzong
[07/02/2016 23:05:52] /i fainted shiny bronzong
[07/02/2016 23:05:52] /i fainted shiny bronzong
[07/02/2016 23:05:52] /i fainted shiny bronzong
[07/02/2016 23:05:52] /i fainted shiny bronzong
[07/02/2016 23:05:52] /i fainted shiny bronzong
[07/02/2016 23:05:52] /i fainted shiny bronzong
[07/02/2016 23:05:53] /i fainted shiny bronzong
[07/02/2016 23:05:53] /i fainted shiny bronzong
[07/02/2016 23:05:53] /i fainted shiny bronzong
[07/02/2016 23:05:53] /i fainted shiny bronzong
[07/02/2016 23:05:53] /i fainted shiny bronzong
[07/02/2016 23:05:53] /i fainted shiny bronzong
[07/02/2016 23:05:53] /i fainted shiny bronzong
[07/02/2016 23:05:53] /i fainted shiny bronzong
[07/02/2016 23:05:53] /i fainted shiny bronzong
[07/02/2016 23:05:53] /i fainted shiny bronzong
[07/02/2016 23:05:53] /i fainted shiny bronzong
[07/02/2016 23:05:53] /i fainted shiny bronzong
[07/02/2016 23:05:53] /i fainted shiny bronzong
[07/02/2016 23:05:53] /i fainted shiny bronzong
[07/02/2016 23:05:53] /i fainted shiny bronzong
[07/02/2016 23:05:53] /i fainted shiny bronzong
[07/02/2016 23:05:53] /i fainted shiny bronzong
[07/02/2016 23:05:53] /i fainted shiny bronzong
[07/02/2016 23:05:53] /i fainted shiny bronzong
[07/02/2016 23:05:53] /i fainted shiny bronzong
[07/02/2016 23:05:53] /i fainted shiny bronzong
[07/02/2016 23:05:53] /i fainted shiny bronzong
[07/02/2016 23:05:53] /i fainted shiny bronzong
[07/02/2016 23:05:53] /i fainted shiny bronzong
[07/02/2016 23:05:53] /i fainted shiny bronzong
[07/02/2016 23:05:54] /i fainted shiny bronzong
[07/02/2016 23:05:54] /i fainted shiny bronzong
[07/02/2016 23:05:54] /i fainted shiny bronzong
[07/02/2016 23:05:54] /i fainted shiny bronzong
[07/02/2016 23:05:54] /i fainted shiny bronzong
[07/02/2016 23:05:54] /i fainted shiny bronzong
[07/02/2016 23:05:54] /i fainted shiny bronzong
[07/02/2016 23:05:54] /i fainted shiny bronzong
[07/02/2016 23:05:54] /i fainted shiny bronzong
[07/02/2016 23:05:54] /i fainted shiny bronzong
[07/02/2016 23:05:54] /i fainted shiny bronzong
[07/02/2016 23:05:54] /i fainted shiny bronzong
[07/02/2016 23:05:54] /i fainted shiny bronzong
[07/02/2016 23:05:54] /i fainted shiny bronzong
[07/02/2016 23:05:54] /i fainted shiny bronzong
[07/02/2016 23:05:54] /i fainted shiny bronzong
[07/02/2016 23:05:54] /i fainted shiny bronzong
[07/02/2016 23:05:54] /i fainted shiny bronzong
[07/02/2016 23:05:54] /i fainted shiny bronzong
[07/02/2016 23:05:54] /i fainted shiny bronzong
[07/02/2016 23:05:54] /i fainted shiny bronzong
[07/02/2016 23:05:54] /i fainted shiny bronzong
[07/02/2016 23:05:54] /i fainted shiny bronzong
[07/02/2016 23:05:54] /i fainted shiny bronzong
[07/02/2016 23:05:54] /i fainted shiny bronzong
[07/02/2016 23:05:54] /i fainted shiny bronzong
[07/02/2016 23:05:54] /i fainted shiny bronzong
[07/02/2016 23:05:54] /i fainted shiny bronzong
[07/02/2016 23:05:55] /i fainted shiny bronzong
[07/02/2016 23:05:55] /i fainted shiny bronzong
[07/02/2016 23:05:55] /i fainted shiny bronzong
[07/02/2016 23:05:55] /i fainted shiny bronzong
[07/02/2016 23:05:55] /i fainted shiny bronzong
[07/02/2016 23:05:55] /i fainted shiny bronzong
[07/02/2016 23:05:55] /i fainted shiny bronzong
[07/02/2016 23:05:55] /i fainted shiny bronzong
[07/02/2016 23:05:55] /i fainted shiny bronzong
[07/02/2016 23:05:55] /i fainted shiny bronzong
[07/02/2016 23:05:55] /i fainted shiny bronzong
[07/02/2016 23:05:55] /i fainted shiny bronzong
[07/02/2016 23:05:55] /i fainted shiny bronzong
[07/02/2016 23:05:55] /i fainted shiny bronzong
[07/02/2016 23:05:55] /i fainted shiny bronzong
[07/02/2016 23:06:00] /i fainted shiny bronzong
[07/02/2016 23:06:01] /i fainted shiny bronzong
[07/02/2016 23:06:01] /i fainted shiny bronzong
[07/02/2016 23:06:01] /i fainted shiny bronzong
[07/02/2016 23:06:01] /i fainted shiny bronzong
[07/02/2016 23:06:01] /i fainted shiny bronzong
[07/02/2016 23:06:01] /i fainted shiny bronzong
[07/02/2016 23:06:01] /i fainted shiny bronzong
[07/02/2016 23:06:01] /i fainted shiny bronzong
[07/02/2016 23:06:01] /i fainted shiny bronzong
[07/02/2016 23:06:01] /i fainted shiny bronzong
[07/02/2016 23:06:01] /i fainted shiny bronzong
[07/02/2016 23:06:01] /i fainted shiny bronzong
[07/02/2016 23:06:01] /i fainted shiny bronzong
[07/02/2016 23:06:01] /i fainted shiny bronzong
[07/02/2016 23:06:01] /i fainted shiny bronzong
[07/02/2016 23:06:01] /i fainted shiny bronzong
[07/02/2016 23:06:01] /i fainted shiny bronzong
[07/02/2016 23:06:01] /i fainted shiny bronzong
[07/02/2016 23:06:01] /i fainted shiny bronzong
[07/02/2016 23:06:01] /i fainted shiny bronzong
[07/02/2016 23:06:02] /i fainted shiny bronzong
[07/02/2016 23:06:02] /i fainted shiny bronzong
[07/02/2016 23:06:02] /i fainted shiny bronzong
[07/02/2016 23:06:02] /i fainted shiny bronzong
[07/02/2016 23:06:02] /i fainted shiny bronzong
[07/02/2016 23:06:02] /i fainted shiny bronzong
[07/02/2016 23:06:02] /i fainted shiny bronzong
[07/02/2016 23:06:02] /i fainted shiny bronzong
[07/02/2016 23:06:02] /i fainted shiny bronzong
[07/02/2016 23:06:02] /i fainted shiny bronzong
[07/02/2016 23:06:02] /i fainted shiny bronzong
[07/02/2016 23:06:02] /i fainted shiny bronzong
[07/02/2016 23:06:02] /i fainted shiny bronzong
[07/02/2016 23:06:02] /i fainted shiny bronzong
[07/02/2016 23:06:02] /i fainted shiny bronzong
[07/02/2016 23:06:02] /i fainted shiny bronzong
[07/02/2016 23:06:02] /i fainted shiny bronzong
[07/02/2016 23:06:02] /i fainted shiny bronzong
[07/02/2016 23:06:02] /i fainted shiny bronzong
[07/02/2016 23:06:02] /i fainted shiny bronzong
[07/02/2016 23:06:02] /i fainted shiny bronzong
[07/02/2016 23:06:02] /i fainted shiny bronzong
[07/02/2016 23:06:02] /i fainted shiny bronzong
[07/02/2016 23:06:02] /i fainted shiny bronzong
[07/02/2016 23:06:02] /i fainted shiny bronzong
[07/02/2016 23:06:02] /i fainted shiny bronzong
[07/02/2016 23:06:02] /i fainted shiny bronzong
[07/02/2016 23:06:03] /i fainted shiny bronzong
[07/02/2016 23:06:03] /i fainted shiny bronzong
[07/02/2016 23:06:03] /i fainted shiny bronzong
[07/02/2016 23:06:03] /i fainted shiny bronzong
[07/02/2016 23:06:03] /i fainted shiny bronzong
[07/02/2016 23:06:03] /i fainted shiny bronzong
[07/02/2016 23:06:03] /i fainted shiny bronzong
[07/02/2016 23:06:03] /i fainted shiny bronzong
[07/02/2016 23:06:03] /i fainted shiny bronzong
[07/02/2016 23:06:03] /i fainted shiny bronzong
[07/02/2016 23:06:03] /i fainted shiny bronzong
[07/02/2016 23:06:03] /i fainted shiny bronzong
[07/02/2016 23:06:03] /i fainted shiny bronzong
[07/02/2016 23:06:03] /i fainted shiny bronzong
[07/02/2016 23:06:03] /i fainted shiny bronzong
[07/02/2016 23:06:03] /i fainted shiny bronzong
[07/02/2016 23:06:03] /i fainted shiny bronzong
[07/02/2016 23:06:03] /i fainted shiny bronzong
[07/02/2016 23:06:03] /i fainted shiny bronzong
[07/02/2016 23:06:03] /i fainted shiny bronzong
[07/02/2016 23:06:03] /i fainted shiny bronzong
[07/02/2016 23:06:03] /i fainted shiny bronzong
[07/02/2016 23:06:03] /i fainted shiny bronzong
[07/02/2016 23:06:03] /i fainted shiny bronzong
[07/02/2016 23:06:03] /i fainted shiny bronzong
[07/02/2016 23:06:03] /i fainted shiny bronzong
[07/02/2016 23:06:03] /i fainted shiny bronzong
[07/02/2016 23:06:04] /i fainted shiny bronzong
[07/02/2016 23:06:04] /i fainted shiny bronzong
[07/02/2016 23:06:04] /i fainted shiny bronzong
[07/02/2016 23:06:04] /i fainted shiny bronzong
[07/02/2016 23:06:04] /i fainted shiny bronzong
[07/02/2016 23:06:04] /i fainted shiny bronzong
[07/02/2016 23:06:04] /i fainted shiny bronzong
[07/02/2016 23:06:05] /i fainted shiny bronzong
[07/02/2016 23:06:05] /i fainted shiny bronzong
[07/02/2016 23:06:05] /i fainted shiny bronzong
[07/02/2016 23:06:05] /i fainted shiny bronzong
[07/02/2016 23:06:06] /i fainted shiny bronzong
[07/02/2016 23:06:06] /i fainted shiny bronzong
[07/02/2016 23:06:06] /i fainted shiny bronzong
[07/02/2016 23:06:07] /i fainted shiny bronzong
[07/02/2016 23:06:07] /i fainted shiny bronzong
[07/02/2016 23:06:07] /i fainted shiny bronzong
[07/02/2016 23:06:07] /i fainted shiny bronzong
[07/02/2016 23:06:07] /i fainted shiny bronzong
[07/02/2016 23:06:07] /i fainted shiny bronzong
[07/02/2016 23:06:07] /i fainted shiny bronzong
[07/02/2016 23:06:07] /i fainted shiny bronzong
[07/02/2016 23:06:07] /i fainted shiny bronzong
[07/02/2016 23:06:07] /i fainted shiny bronzong
[07/02/2016 23:06:07] /i fainted shiny bronzong
[07/02/2016 23:06:07] /i fainted shiny bronzong
[07/02/2016 23:06:07] /i fainted shiny bronzong
[07/02/2016 23:06:07] /i fainted shiny bronzong
[07/02/2016 23:06:07] /i fainted shiny bronzong
[07/02/2016 23:06:07] /i fainted shiny bronzong
[07/02/2016 23:06:07] /i fainted shiny bronzong
[07/02/2016 23:06:07] /i fainted shiny bronzong
[07/02/2016 23:06:07] /i fainted shiny bronzong
[07/02/2016 23:06:07] /i fainted shiny bronzong
[07/02/2016 23:06:07] /i fainted shiny bronzong
[07/02/2016 23:06:07] /i fainted shiny bronzong
[07/02/2016 23:06:07] /i fainted shiny bronzong
[07/02/2016 23:06:07] /i fainted shiny bronzong
[07/02/2016 23:06:07] /i fainted shiny bronzong
[07/02/2016 23:06:08] /i fainted shiny bronzong
[07/02/2016 23:06:08] /i fainted shiny bronzong
[07/02/2016 23:06:08] /i fainted shiny bronzong
[07/02/2016 23:06:08] /i fainted shiny bronzong
[07/02/2016 23:06:08] /i fainted shiny bronzong
[07/02/2016 23:06:08] /i fainted shiny bronzong
[07/02/2016 23:06:08] /i fainted shiny bronzong
[07/02/2016 23:06:08] /i fainted shiny bronzong
[07/02/2016 23:06:08] /i fainted shiny bronzong
[07/02/2016 23:06:08] /i fainted shiny bronzong
[07/02/2016 23:06:08] /i fainted shiny bronzong
[07/02/2016 23:06:08] /i fainted shiny bronzong
[07/02/2016 23:06:08] /i fainted shiny bronzong
[07/02/2016 23:06:08] /i fainted shiny bronzong
[07/02/2016 23:06:08] /i fainted shiny bronzong
[07/02/2016 23:06:08] /i fainted shiny bronzong
[07/02/2016 23:06:08] /i fainted shiny bronzong
[07/02/2016 23:06:08] /i fainted shiny bronzong
[07/02/2016 23:06:08] /i fainted shiny bronzong
[07/02/2016 23:06:08] /i fainted shiny bronzong
[07/02/2016 23:06:08] /i fainted shiny bronzong
[07/02/2016 23:06:08] /i fainted shiny bronzong
[07/02/2016 23:06:08] /i fainted shiny bronzong
[07/02/2016 23:06:08] /i fainted shiny bronzong
[07/02/2016 23:06:08] /i fainted shiny bronzong
[07/02/2016 23:06:08] /i fainted shiny bronzong
[07/02/2016 23:06:08] /i fainted shiny bronzong
[07/02/2016 23:06:09] /i fainted shiny bronzong
[07/02/2016 23:06:09] /i fainted shiny bronzong
[07/02/2016 23:06:09] /i fainted shiny bronzong
[07/02/2016 23:06:09] /i fainted shiny bronzong
[07/02/2016 23:06:09] /i fainted shiny bronzong
[07/02/2016 23:06:09] /i fainted shiny bronzong
[07/02/2016 23:06:09] /i fainted shiny bronzong
[07/02/2016 23:06:09] /i fainted shiny bronzong
[07/02/2016 23:06:09] /i fainted shiny bronzong
[07/02/2016 23:06:09] /i fainted shiny bronzong
[07/02/2016 23:06:09] /i fainted shiny bronzong
[07/02/2016 23:06:09] /i fainted shiny bronzong
[07/02/2016 23:06:09] /i fainted shiny bronzong
[07/02/2016 23:06:09] /i fainted shiny bronzong
[07/02/2016 23:06:09] /i fainted shiny bronzong
[07/02/2016 23:06:09] /i fainted shiny bronzong
[07/02/2016 23:06:09] /i fainted shiny bronzong
[07/02/2016 23:06:09] /i fainted shiny bronzong
[07/02/2016 23:06:09] /i fainted shiny bronzong
[07/02/2016 23:06:09] /i fainted shiny bronzong
[07/02/2016 23:06:09] /i fainted shiny bronzong
[07/02/2016 23:06:09] /i fainted shiny bronzong
[07/02/2016 23:06:09] /i fainted shiny bronzong
[07/02/2016 23:06:09] /i fainted shiny bronzong
[07/02/2016 23:06:09] /i fainted shiny bronzong
[07/02/2016 23:06:09] /i fainted shiny bronzong
[07/02/2016 23:06:09] /i fainted shiny bronzong
[07/02/2016 23:06:10] /i fainted shiny bronzong
[07/02/2016 23:06:10] /i fainted shiny bronzong
[07/02/2016 23:06:10] /i fainted shiny bronzong
[07/02/2016 23:06:10] /i fainted shiny bronzong
[07/02/2016 23:06:10] /i fainted shiny bronzong
[07/02/2016 23:06:10] /i fainted shiny bronzong
[07/02/2016 23:06:10] /i fainted shiny bronzong
[07/02/2016 23:06:10] /i fainted shiny bronzong
[07/02/2016 23:06:10] /i fainted shiny bronzong
[07/02/2016 23:06:10] /i fainted shiny bronzong
[07/02/2016 23:06:10] /i fainted shiny bronzong
[07/02/2016 23:06:10] /i fainted shiny bronzong
[07/02/2016 23:06:10] /i fainted shiny bronzong
[07/02/2016 23:06:10] /i fainted shiny bronzong
[07/02/2016 23:06:10] /i fainted shiny bronzong
[07/02/2016 23:06:10] /i fainted shiny bronzong
[07/02/2016 23:06:10] /i fainted shiny bronzong
[07/02/2016 23:06:10] /i fainted shiny bronzong
[07/02/2016 23:06:10] /i fainted shiny bronzong
[07/02/2016 23:06:10] /i fainted shiny bronzong
[07/02/2016 23:06:10] /i fainted shiny bronzong
[07/02/2016 23:06:10] /i fainted shiny bronzong
[07/02/2016 23:06:10] /i fainted shiny bronzong
[07/02/2016 23:06:10] /i fainted shiny bronzong
[07/02/2016 23:06:10] /i fainted shiny bronzong
[07/02/2016 23:06:55] /goto wang
[07/02/2016 23:07:28] /b quem pegou por favor me mande no help com quantas balls
[07/02/2016 23:08:02] /reload actions
[07/02/2016 23:08:06] /b obrigado
[07/02/2016 23:08:11] /i ultra ball
[07/02/2016 23:08:48] /ghost
[07/02/2016 23:09:04] /c Bickslow
[07/02/2016 23:09:39] /r
[07/02/2016 23:09:41] /r
[07/02/2016 23:09:44] /r all
[07/02/2016 23:10:08] /reload actions
[07/02/2016 23:10:09] /i fainted shiny tangela
[07/02/2016 23:10:10] /i fainted shiny tangela
[07/02/2016 23:10:10] /i fainted shiny tangela
[07/02/2016 23:10:10] /i fainted shiny tangela
[07/02/2016 23:10:10] /i fainted shiny tangela
[07/02/2016 23:10:10] /i fainted shiny tangela
[07/02/2016 23:10:10] /i fainted shiny tangela
[07/02/2016 23:10:10] /i fainted shiny tangela
[07/02/2016 23:10:10] /i fainted shiny tangela
[07/02/2016 23:10:10] /i fainted shiny tangela
[07/02/2016 23:10:10] /i fainted shiny tangela
[07/02/2016 23:10:10] /i fainted shiny tangela
[07/02/2016 23:10:10] /i fainted shiny tangela
[07/02/2016 23:10:10] /i fainted shiny tangela
[07/02/2016 23:10:10] /i fainted shiny tangela
[07/02/2016 23:10:10] /i fainted shiny tangela
[07/02/2016 23:10:10] /i fainted shiny tangela
[07/02/2016 23:10:10] /i fainted shiny tangela
[07/02/2016 23:10:10] /i fainted shiny tangela
[07/02/2016 23:10:10] /i fainted shiny tangela
[07/02/2016 23:10:10] /i fainted shiny tangela
[07/02/2016 23:10:10] /i fainted shiny tangela
[07/02/2016 23:10:11] /i fainted shiny tangela
[07/02/2016 23:10:11] /i fainted shiny tangela
[07/02/2016 23:10:11] /i fainted shiny tangela
[07/02/2016 23:10:11] /i fainted shiny tangela
[07/02/2016 23:10:11] /i fainted shiny tangela
[07/02/2016 23:10:11] /i fainted shiny tangela
[07/02/2016 23:10:11] /i fainted shiny tangela
[07/02/2016 23:10:11] /i fainted shiny tangela
[07/02/2016 23:10:11] /i fainted shiny tangela
[07/02/2016 23:10:11] /i fainted shiny tangela
[07/02/2016 23:10:11] /i fainted shiny tangela
[07/02/2016 23:10:11] /i fainted shiny tangela
[07/02/2016 23:10:11] /i fainted shiny tangela
[07/02/2016 23:10:11] /i fainted shiny tangela
[07/02/2016 23:10:11] /i fainted shiny tangela
[07/02/2016 23:10:11] /i fainted shiny tangela
[07/02/2016 23:10:11] /i fainted shiny tangela
[07/02/2016 23:10:11] /i fainted shiny tangela
[07/02/2016 23:10:11] /i fainted shiny tangela
[07/02/2016 23:10:11] /i fainted shiny tangela
[07/02/2016 23:10:11] /i fainted shiny tangela
[07/02/2016 23:10:11] /i fainted shiny tangela
[07/02/2016 23:10:11] /i fainted shiny tangela
[07/02/2016 23:10:11] /i fainted shiny tangela
[07/02/2016 23:10:11] /i fainted shiny tangela
[07/02/2016 23:10:11] /i fainted shiny tangela
[07/02/2016 23:10:11] /i fainted shiny tangela
[07/02/2016 23:10:12] /i fainted shiny tangela
[07/02/2016 23:10:12] /i fainted shiny tangela
[07/02/2016 23:10:12] /i fainted shiny tangela
[07/02/2016 23:10:12] /i fainted shiny tangela
[07/02/2016 23:10:12] /i fainted shiny tangela
[07/02/2016 23:10:12] /i fainted shiny tangela
[07/02/2016 23:10:12] /i fainted shiny tangela
[07/02/2016 23:10:12] /i fainted shiny tangela
[07/02/2016 23:10:12] /i fainted shiny tangela
[07/02/2016 23:10:12] /i fainted shiny tangela
[07/02/2016 23:10:12] /i fainted shiny tangela
[07/02/2016 23:10:12] /i fainted shiny tangela
[07/02/2016 23:10:12] /i fainted shiny tangela
[07/02/2016 23:10:12] /i fainted shiny tangela
[07/02/2016 23:10:12] /i fainted shiny tangela
[07/02/2016 23:10:12] /i fainted shiny tangela
[07/02/2016 23:10:12] /i fainted shiny tangela
[07/02/2016 23:10:12] /i fainted shiny tangela
[07/02/2016 23:10:12] /i fainted shiny tangela
[07/02/2016 23:10:12] /i fainted shiny tangela
[07/02/2016 23:10:12] /i fainted shiny tangela
[07/02/2016 23:10:12] /i fainted shiny tangela
[07/02/2016 23:10:12] /i fainted shiny tangela
[07/02/2016 23:10:12] /i fainted shiny tangela
[07/02/2016 23:10:12] /i fainted shiny tangela
[07/02/2016 23:10:12] /i fainted shiny tangela
[07/02/2016 23:10:12] /i fainted shiny tangela
[07/02/2016 23:10:12] /i fainted shiny tangela
[07/02/2016 23:10:13] /i fainted shiny tangela
[07/02/2016 23:10:13] /i fainted shiny tangela
[07/02/2016 23:10:13] /i fainted shiny tangela
[07/02/2016 23:10:13] /i fainted shiny tangela
[07/02/2016 23:10:13] /i fainted shiny tangela
[07/02/2016 23:10:13] /i fainted shiny tangela
[07/02/2016 23:10:13] /i fainted shiny tangela
[07/02/2016 23:10:13] /i fainted shiny tangela
[07/02/2016 23:10:13] /i fainted shiny tangela
[07/02/2016 23:10:13] /i fainted shiny tangela
[07/02/2016 23:10:13] /i fainted shiny tangela
[07/02/2016 23:10:13] /i fainted shiny tangela
[07/02/2016 23:10:13] /i fainted shiny tangela
[07/02/2016 23:10:13] /i fainted shiny tangela
[07/02/2016 23:10:13] /i fainted shiny tangela
[07/02/2016 23:10:13] /i fainted shiny tangela
[07/02/2016 23:10:13] /i fainted shiny tangela
[07/02/2016 23:10:13] /i fainted shiny tangela
[07/02/2016 23:10:13] /i fainted shiny tangela
[07/02/2016 23:10:13] /i fainted shiny tangela
[07/02/2016 23:10:13] /i fainted shiny tangela
[07/02/2016 23:10:13] /i fainted shiny tangela
[07/02/2016 23:10:13] /i fainted shiny tangela
[07/02/2016 23:10:13] /i fainted shiny tangela
[07/02/2016 23:10:13] /i fainted shiny tangela
[07/02/2016 23:10:13] /i fainted shiny tangela
[07/02/2016 23:10:13] /i fainted shiny tangela
[07/02/2016 23:10:14] /i fainted shiny tangela
[07/02/2016 23:10:14] /i fainted shiny tangela
[07/02/2016 23:10:14] /i fainted shiny tangela
[07/02/2016 23:10:14] /i fainted shiny tangela
[07/02/2016 23:10:14] /i fainted shiny tangela
[07/02/2016 23:10:14] /i fainted shiny tangela
[07/02/2016 23:10:14] /i fainted shiny tangela
[07/02/2016 23:10:14] /i fainted shiny tangela
[07/02/2016 23:10:14] /i fainted shiny tangela
[07/02/2016 23:10:14] /i fainted shiny tangela
[07/02/2016 23:10:14] /i fainted shiny tangela
[07/02/2016 23:10:14] /i fainted shiny tangela
[07/02/2016 23:10:14] /i fainted shiny tangela
[07/02/2016 23:10:14] /i fainted shiny tangela
[07/02/2016 23:10:14] /i fainted shiny tangela
[07/02/2016 23:10:14] /i fainted shiny tangela
[07/02/2016 23:10:14] /i fainted shiny tangela
[07/02/2016 23:10:14] /i fainted shiny tangela
[07/02/2016 23:10:14] /i fainted shiny tangela
[07/02/2016 23:10:14] /i fainted shiny tangela
[07/02/2016 23:10:14] /i fainted shiny tangela
[07/02/2016 23:10:14] /i fainted shiny tangela
[07/02/2016 23:10:14] /i fainted shiny tangela
[07/02/2016 23:10:14] /i fainted shiny tangela
[07/02/2016 23:10:14] /i fainted shiny tangela
[07/02/2016 23:10:14] /i fainted shiny tangela
[07/02/2016 23:10:14] /i fainted shiny tangela
[07/02/2016 23:10:15] /i fainted shiny tangela
[07/02/2016 23:10:15] /i fainted shiny tangela
[07/02/2016 23:10:15] /i fainted shiny tangela
[07/02/2016 23:10:15] /i fainted shiny tangela
[07/02/2016 23:10:15] /i fainted shiny tangela
[07/02/2016 23:10:15] /i fainted shiny tangela
[07/02/2016 23:10:15] /i fainted shiny tangela
[07/02/2016 23:10:15] /i fainted shiny tangela
[07/02/2016 23:10:15] /i fainted shiny tangela
[07/02/2016 23:10:15] /i fainted shiny tangela
[07/02/2016 23:10:15] /i fainted shiny tangela
[07/02/2016 23:10:15] /i fainted shiny tangela
[07/02/2016 23:10:15] /i fainted shiny tangela
[07/02/2016 23:10:15] /i fainted shiny tangela
[07/02/2016 23:10:15] /i fainted shiny tangela
[07/02/2016 23:10:15] /i fainted shiny tangela
[07/02/2016 23:10:15] /i fainted shiny tangela
[07/02/2016 23:10:15] /i fainted shiny tangela
[07/02/2016 23:10:15] /i fainted shiny tangela
[07/02/2016 23:10:15] /i fainted shiny tangela
[07/02/2016 23:10:15] /i fainted shiny tangela
[07/02/2016 23:10:15] /i fainted shiny tangela
[07/02/2016 23:10:15] /i fainted shiny tangela
[07/02/2016 23:10:15] /i fainted shiny tangela
[07/02/2016 23:10:15] /i fainted shiny tangela
[07/02/2016 23:10:15] /i fainted shiny tangela
[07/02/2016 23:10:15] /i fainted shiny tangela
[07/02/2016 23:10:16] /i fainted shiny tangela
[07/02/2016 23:10:16] /i fainted shiny tangela
[07/02/2016 23:10:16] /i fainted shiny tangela
[07/02/2016 23:10:16] /i fainted shiny tangela
[07/02/2016 23:10:16] /i fainted shiny tangela
[07/02/2016 23:10:16] /i fainted shiny tangela
[07/02/2016 23:10:16] /i fainted shiny tangela
[07/02/2016 23:10:16] /i fainted shiny tangela
[07/02/2016 23:10:16] /i fainted shiny tangela
[07/02/2016 23:10:16] /i fainted shiny tangela
[07/02/2016 23:10:16] /i fainted shiny tangela
[07/02/2016 23:10:16] /i fainted shiny tangela
[07/02/2016 23:10:16] /i fainted shiny tangela
[07/02/2016 23:10:16] /i fainted shiny tangela
[07/02/2016 23:10:16] /i fainted shiny tangela
[07/02/2016 23:10:16] /i fainted shiny tangela
[07/02/2016 23:10:16] /i fainted shiny tangela
[07/02/2016 23:10:16] /i fainted shiny tangela
[07/02/2016 23:10:16] /i fainted shiny tangela
[07/02/2016 23:10:16] /i fainted shiny tangela
[07/02/2016 23:10:16] /i fainted shiny tangela
[07/02/2016 23:10:16] /i fainted shiny tangela
[07/02/2016 23:10:31] /i ultra ball
[07/02/2016 23:10:34] /i ultra ball
[07/02/2016 23:10:35] /i ultra ball
[07/02/2016 23:10:36] /i fainted shiny tangela
[07/02/2016 23:10:37] /i fainted shiny tangela
[07/02/2016 23:10:37] /i fainted shiny tangela
[07/02/2016 23:10:37] /i fainted shiny tangela
[07/02/2016 23:10:37] /i fainted shiny tangela
[07/02/2016 23:10:37] /i fainted shiny tangela
[07/02/2016 23:10:37] /i fainted shiny tangela
[07/02/2016 23:10:37] /i fainted shiny tangela
[07/02/2016 23:10:37] /i fainted shiny tangela
[07/02/2016 23:10:37] /i fainted shiny tangela
[07/02/2016 23:10:37] /i fainted shiny tangela
[07/02/2016 23:10:37] /i fainted shiny tangela
[07/02/2016 23:10:37] /i fainted shiny tangela
[07/02/2016 23:10:37] /i fainted shiny tangela
[07/02/2016 23:10:37] /i fainted shiny tangela
[07/02/2016 23:10:37] /i fainted shiny tangela
[07/02/2016 23:10:37] /i fainted shiny tangela
[07/02/2016 23:10:37] /i fainted shiny tangela
[07/02/2016 23:10:37] /i fainted shiny tangela
[07/02/2016 23:10:37] /i fainted shiny tangela
[07/02/2016 23:10:37] /i fainted shiny tangela
[07/02/2016 23:10:37] /i fainted shiny tangela
[07/02/2016 23:10:38] /i fainted shiny tangela
[07/02/2016 23:10:38] /i fainted shiny tangela
[07/02/2016 23:10:38] /i fainted shiny tangela
[07/02/2016 23:10:38] /i fainted shiny tangela
[07/02/2016 23:10:38] /i fainted shiny tangela
[07/02/2016 23:10:38] /i fainted shiny tangela
[07/02/2016 23:10:38] /i fainted shiny tangela
[07/02/2016 23:10:38] /i fainted shiny tangela
[07/02/2016 23:10:38] /i fainted shiny tangela
[07/02/2016 23:10:38] /i fainted shiny tangela
[07/02/2016 23:10:38] /i fainted shiny tangela
[07/02/2016 23:10:38] /i fainted shiny tangela
[07/02/2016 23:10:38] /i fainted shiny tangela
[07/02/2016 23:10:38] /i fainted shiny tangela
[07/02/2016 23:10:38] /i fainted shiny tangela
[07/02/2016 23:10:38] /i fainted shiny tangela
[07/02/2016 23:10:38] /i fainted shiny tangela
[07/02/2016 23:10:38] /i fainted shiny tangela
[07/02/2016 23:10:38] /i fainted shiny tangela
[07/02/2016 23:10:38] /i fainted shiny tangela
[07/02/2016 23:10:38] /i fainted shiny tangela
[07/02/2016 23:10:38] /i fainted shiny tangela
[07/02/2016 23:10:38] /i fainted shiny tangela
[07/02/2016 23:10:38] /i fainted shiny tangela
[07/02/2016 23:10:38] /i fainted shiny tangela
[07/02/2016 23:10:38] /i fainted shiny tangela
[07/02/2016 23:10:38] /i fainted shiny tangela
[07/02/2016 23:10:38] /i fainted shiny tangela
[07/02/2016 23:10:39] /i fainted shiny tangela
[07/02/2016 23:10:39] /i fainted shiny tangela
[07/02/2016 23:10:39] /i fainted shiny tangela
[07/02/2016 23:10:39] /i fainted shiny tangela
[07/02/2016 23:10:39] /i fainted shiny tangela
[07/02/2016 23:10:39] /i fainted shiny tangela
[07/02/2016 23:10:39] /i fainted shiny tangela
[07/02/2016 23:10:39] /i fainted shiny tangela
[07/02/2016 23:10:39] /i fainted shiny tangela
[07/02/2016 23:10:39] /i fainted shiny tangela
[07/02/2016 23:10:39] /i fainted shiny tangela
[07/02/2016 23:10:39] /i fainted shiny tangela
[07/02/2016 23:10:39] /i fainted shiny tangela
[07/02/2016 23:10:39] /i fainted shiny tangela
[07/02/2016 23:10:39] /i fainted shiny tangela
[07/02/2016 23:10:39] /i fainted shiny tangela
[07/02/2016 23:10:39] /i fainted shiny tangela
[07/02/2016 23:10:39] /i fainted shiny tangela
[07/02/2016 23:10:39] /i fainted shiny tangela
[07/02/2016 23:10:39] /i fainted shiny tangela
[07/02/2016 23:10:39] /i fainted shiny tangela
[07/02/2016 23:10:39] /i fainted shiny tangela
[07/02/2016 23:10:39] /i fainted shiny tangela
[07/02/2016 23:10:39] /i fainted shiny tangela
[07/02/2016 23:10:39] /i fainted shiny tangela
[07/02/2016 23:10:39] /i fainted shiny tangela
[07/02/2016 23:10:39] /i fainted shiny tangela
[07/02/2016 23:10:40] /i fainted shiny tangela
[07/02/2016 23:10:40] /i fainted shiny tangela
[07/02/2016 23:10:40] /i fainted shiny tangela
[07/02/2016 23:10:40] /i fainted shiny tangela
[07/02/2016 23:10:40] /i fainted shiny tangela
[07/02/2016 23:10:40] /i fainted shiny tangela
[07/02/2016 23:10:40] /i fainted shiny tangela
[07/02/2016 23:10:40] /i fainted shiny tangela
[07/02/2016 23:10:40] /i fainted shiny tangela
[07/02/2016 23:11:18] /reload actions
[07/02/2016 23:11:19] /i fainted shiny rhydon
[07/02/2016 23:11:20] /i fainted shiny rhydon
[07/02/2016 23:11:20] /i fainted shiny rhydon
[07/02/2016 23:11:20] /i fainted shiny rhydon
[07/02/2016 23:11:20] /i fainted shiny rhydon
[07/02/2016 23:11:20] /i fainted shiny rhydon
[07/02/2016 23:11:20] /i fainted shiny rhydon
[07/02/2016 23:11:20] /i fainted shiny rhydon
[07/02/2016 23:11:20] /i fainted shiny rhydon
[07/02/2016 23:11:20] /i fainted shiny rhydon
[07/02/2016 23:11:20] /i fainted shiny rhydon
[07/02/2016 23:11:20] /i fainted shiny rhydon
[07/02/2016 23:11:20] /i fainted shiny rhydon
[07/02/2016 23:11:20] /i fainted shiny rhydon
[07/02/2016 23:11:20] /i fainted shiny rhydon
[07/02/2016 23:11:46] /i fainted shiny electabuzz
[07/02/2016 23:11:46] /i fainted shiny electabuzz
[07/02/2016 23:11:47] /i fainted shiny electabuzz
[07/02/2016 23:11:47] /i fainted shiny electabuzz
[07/02/2016 23:11:47] /i fainted shiny electabuzz
[07/02/2016 23:11:47] /i fainted shiny electabuzz
[07/02/2016 23:11:47] /i fainted shiny electabuzz
[07/02/2016 23:11:47] /i fainted shiny electabuzz
[07/02/2016 23:11:47] /i fainted shiny electabuzz
[07/02/2016 23:11:47] /i fainted shiny electabuzz
[07/02/2016 23:11:47] /i fainted shiny electabuzz
[07/02/2016 23:11:47] /i fainted shiny electabuzz
[07/02/2016 23:11:47] /i fainted shiny electabuzz
[07/02/2016 23:11:47] /i fainted shiny electabuzz
[07/02/2016 23:11:47] /i fainted shiny electabuzz
[07/02/2016 23:11:47] /i fainted shiny electabuzz
[07/02/2016 23:11:47] /i fainted shiny electabuzz
[07/02/2016 23:11:47] /i fainted shiny electabuzz
[07/02/2016 23:11:47] /i fainted shiny electabuzz
[07/02/2016 23:11:47] /i fainted shiny electabuzz
[07/02/2016 23:11:47] /i fainted shiny electabuzz
[07/02/2016 23:11:47] /i fainted shiny electabuzz
[07/02/2016 23:11:47] /i fainted shiny electabuzz
[07/02/2016 23:11:47] /i fainted shiny electabuzz
[07/02/2016 23:11:47] /i fainted shiny electabuzz
[07/02/2016 23:11:47] /i fainted shiny electabuzz
[07/02/2016 23:11:47] /i fainted shiny electabuzz
[07/02/2016 23:11:47] /i fainted shiny electabuzz
[07/02/2016 23:11:47] /i fainted shiny electabuzz
[07/02/2016 23:11:48] /i fainted shiny electabuzz
[07/02/2016 23:11:48] /i fainted shiny electabuzz
[07/02/2016 23:11:48] /i fainted shiny electabuzz
[07/02/2016 23:11:48] /i fainted shiny electabuzz
[07/02/2016 23:11:48] /i fainted shiny electabuzz
[07/02/2016 23:11:48] /i fainted shiny electabuzz
[07/02/2016 23:11:48] /i fainted shiny electabuzz
[07/02/2016 23:11:48] /i fainted shiny electabuzz
[07/02/2016 23:11:48] /i fainted shiny electabuzz
[07/02/2016 23:11:48] /i fainted shiny electabuzz
[07/02/2016 23:11:48] /i fainted shiny electabuzz
[07/02/2016 23:11:48] /i fainted shiny electabuzz
[07/02/2016 23:11:48] /i fainted shiny electabuzz
[07/02/2016 23:11:48] /i fainted shiny electabuzz
[07/02/2016 23:11:48] /i fainted shiny electabuzz
[07/02/2016 23:11:48] /i fainted shiny electabuzz
[07/02/2016 23:11:48] /i fainted shiny electabuzz
[07/02/2016 23:11:48] /i fainted shiny electabuzz
[07/02/2016 23:11:48] /i fainted shiny electabuzz
[07/02/2016 23:11:48] /i fainted shiny electabuzz
[07/02/2016 23:11:48] /i fainted shiny electabuzz
[07/02/2016 23:11:48] /i fainted shiny electabuzz
[07/02/2016 23:11:48] /i fainted shiny electabuzz
[07/02/2016 23:11:48] /i fainted shiny electabuzz
[07/02/2016 23:11:48] /i fainted shiny electabuzz
[07/02/2016 23:11:48] /i fainted shiny electabuzz
[07/02/2016 23:11:49] /i fainted shiny electabuzz
[07/02/2016 23:11:49] /i fainted shiny electabuzz
[07/02/2016 23:11:49] /i fainted shiny electabuzz
[07/02/2016 23:11:49] /i fainted shiny electabuzz
[07/02/2016 23:11:49] /i fainted shiny electabuzz
[07/02/2016 23:11:49] /i fainted shiny electabuzz
[07/02/2016 23:11:49] /i fainted shiny electabuzz
[07/02/2016 23:11:49] /i fainted shiny electabuzz
[07/02/2016 23:11:49] /i fainted shiny electabuzz
[07/02/2016 23:11:49] /i fainted shiny electabuzz
[07/02/2016 23:11:49] /i fainted shiny electabuzz
[07/02/2016 23:11:49] /i fainted shiny electabuzz
[07/02/2016 23:11:49] /i fainted shiny electabuzz
[07/02/2016 23:11:49] /i fainted shiny electabuzz
[07/02/2016 23:11:49] /i fainted shiny electabuzz
[07/02/2016 23:11:49] /i fainted shiny electabuzz
[07/02/2016 23:11:49] /i fainted shiny electabuzz
[07/02/2016 23:11:49] /i fainted shiny electabuzz
[07/02/2016 23:11:49] /i fainted shiny electabuzz
[07/02/2016 23:11:49] /i fainted shiny electabuzz
[07/02/2016 23:11:49] /i fainted shiny electabuzz
[07/02/2016 23:11:49] /i fainted shiny electabuzz
[07/02/2016 23:11:49] /i fainted shiny electabuzz
[07/02/2016 23:11:49] /i fainted shiny electabuzz
[07/02/2016 23:11:49] /i fainted shiny electabuzz
[07/02/2016 23:11:49] /i fainted shiny electabuzz
[07/02/2016 23:11:49] /i fainted shiny electabuzz
[07/02/2016 23:11:50] /i fainted shiny electabuzz
[07/02/2016 23:11:50] /i fainted shiny electabuzz
[07/02/2016 23:11:50] /i fainted shiny electabuzz
[07/02/2016 23:11:50] /i fainted shiny electabuzz
[07/02/2016 23:11:50] /i fainted shiny electabuzz
[07/02/2016 23:11:50] /i fainted shiny electabuzz
[07/02/2016 23:11:50] /i fainted shiny electabuzz
[07/02/2016 23:11:50] /i fainted shiny electabuzz
[07/02/2016 23:11:50] /i fainted shiny electabuzz
[07/02/2016 23:11:50] /i fainted shiny electabuzz
[07/02/2016 23:11:50] /i fainted shiny electabuzz
[07/02/2016 23:11:50] /i fainted shiny electabuzz
[07/02/2016 23:11:50] /i fainted shiny electabuzz
[07/02/2016 23:11:50] /i fainted shiny electabuzz
[07/02/2016 23:11:50] /i fainted shiny electabuzz
[07/02/2016 23:11:50] /i fainted shiny electabuzz
[07/02/2016 23:11:50] /i fainted shiny electabuzz
[07/02/2016 23:11:50] /i fainted shiny electabuzz
[07/02/2016 23:11:50] /i fainted shiny electabuzz
[07/02/2016 23:11:50] /i fainted shiny electabuzz
[07/02/2016 23:11:50] /i fainted shiny electabuzz
[07/02/2016 23:11:50] /i fainted shiny electabuzz
[07/02/2016 23:11:50] /i fainted shiny electabuzz
[07/02/2016 23:11:50] /i fainted shiny electabuzz
[07/02/2016 23:11:50] /i fainted shiny electabuzz
[07/02/2016 23:11:50] /i fainted shiny electabuzz
[07/02/2016 23:11:50] /i fainted shiny electabuzz
[07/02/2016 23:11:51] /i fainted shiny electabuzz
[07/02/2016 23:11:51] /i fainted shiny electabuzz
[07/02/2016 23:11:51] /i fainted shiny electabuzz
[07/02/2016 23:11:51] /i fainted shiny electabuzz
[07/02/2016 23:11:51] /i fainted shiny electabuzz
[07/02/2016 23:11:51] /i fainted shiny electabuzz
[07/02/2016 23:11:51] /i fainted shiny electabuzz
[07/02/2016 23:11:53] /reload actions
[07/02/2016 23:11:54] /i fainted shiny electabuzz
[07/02/2016 23:11:55] /i fainted shiny electabuzz
[07/02/2016 23:11:55] /i fainted shiny electabuzz
[07/02/2016 23:11:55] /i fainted shiny electabuzz
[07/02/2016 23:11:55] /i fainted shiny electabuzz
[07/02/2016 23:11:55] /i fainted shiny electabuzz
[07/02/2016 23:11:55] /i fainted shiny electabuzz
[07/02/2016 23:11:55] /i fainted shiny electabuzz
[07/02/2016 23:11:55] /i fainted shiny electabuzz
[07/02/2016 23:11:55] /i fainted shiny electabuzz
[07/02/2016 23:11:55] /i fainted shiny electabuzz
[07/02/2016 23:11:55] /i fainted shiny electabuzz
[07/02/2016 23:11:55] /i fainted shiny electabuzz
[07/02/2016 23:11:55] /i fainted shiny electabuzz
[07/02/2016 23:11:55] /i fainted shiny electabuzz
[07/02/2016 23:11:55] /i fainted shiny electabuzz
[07/02/2016 23:11:55] /i fainted shiny electabuzz
[07/02/2016 23:11:55] /i fainted shiny electabuzz
[07/02/2016 23:11:55] /i fainted shiny electabuzz
[07/02/2016 23:11:56] /i fainted shiny electabuzz
[07/02/2016 23:11:56] /i fainted shiny electabuzz
[07/02/2016 23:11:56] /i fainted shiny electabuzz
[07/02/2016 23:11:56] /i fainted shiny electabuzz
[07/02/2016 23:11:56] /i fainted shiny electabuzz
[07/02/2016 23:11:56] /i fainted shiny electabuzz
[07/02/2016 23:11:56] /i fainted shiny electabuzz
[07/02/2016 23:11:56] /i fainted shiny electabuzz
[07/02/2016 23:11:56] /i fainted shiny electabuzz
[07/02/2016 23:11:56] /i fainted shiny electabuzz
[07/02/2016 23:11:56] /i fainted shiny electabuzz
[07/02/2016 23:11:56] /i fainted shiny electabuzz
[07/02/2016 23:11:56] /i fainted shiny electabuzz
[07/02/2016 23:11:56] /i fainted shiny electabuzz
[07/02/2016 23:11:56] /i fainted shiny electabuzz
[07/02/2016 23:11:56] /i fainted shiny electabuzz
[07/02/2016 23:11:56] /i fainted shiny electabuzz
[07/02/2016 23:11:56] /i fainted shiny electabuzz
[07/02/2016 23:11:56] /i fainted shiny electabuzz
[07/02/2016 23:11:56] /i fainted shiny electabuzz
[07/02/2016 23:11:56] /i fainted shiny electabuzz
[07/02/2016 23:11:56] /i fainted shiny electabuzz
[07/02/2016 23:11:56] /i fainted shiny electabuzz
[07/02/2016 23:11:56] /i fainted shiny electabuzz
[07/02/2016 23:11:56] /i fainted shiny electabuzz
[07/02/2016 23:11:56] /i fainted shiny electabuzz
[07/02/2016 23:11:56] /i fainted shiny electabuzz
[07/02/2016 23:11:56] /i fainted shiny electabuzz
[07/02/2016 23:11:57] /i fainted shiny electabuzz
[07/02/2016 23:11:57] /i fainted shiny electabuzz
[07/02/2016 23:11:57] /i fainted shiny electabuzz
[07/02/2016 23:11:57] /i fainted shiny electabuzz
[07/02/2016 23:11:57] /i fainted shiny electabuzz
[07/02/2016 23:11:57] /i fainted shiny electabuzz
[07/02/2016 23:11:57] /i fainted shiny electabuzz
[07/02/2016 23:11:57] /i fainted shiny electabuzz
[07/02/2016 23:11:57] /i fainted shiny electabuzz
[07/02/2016 23:11:57] /i fainted shiny electabuzz
[07/02/2016 23:11:57] /i fainted shiny electabuzz
[07/02/2016 23:11:57] /i fainted shiny electabuzz
[07/02/2016 23:11:57] /i fainted shiny electabuzz
[07/02/2016 23:11:57] /i fainted shiny electabuzz
[07/02/2016 23:11:57] /i fainted shiny electabuzz
[07/02/2016 23:11:57] /i fainted shiny electabuzz
[07/02/2016 23:11:57] /i fainted shiny electabuzz
[07/02/2016 23:11:57] /i fainted shiny electabuzz
[07/02/2016 23:11:57] /i fainted shiny electabuzz
[07/02/2016 23:11:57] /i fainted shiny electabuzz
[07/02/2016 23:11:57] /i fainted shiny electabuzz
[07/02/2016 23:11:57] /i fainted shiny electabuzz
[07/02/2016 23:11:57] /i fainted shiny electabuzz
[07/02/2016 23:11:57] /i fainted shiny electabuzz
[07/02/2016 23:11:57] /i fainted shiny electabuzz
[07/02/2016 23:11:58] /i fainted shiny electabuzz
[07/02/2016 23:11:58] /i fainted shiny electabuzz
[07/02/2016 23:11:58] /i fainted shiny electabuzz
[07/02/2016 23:11:58] /i fainted shiny electabuzz
[07/02/2016 23:11:58] /i fainted shiny electabuzz
[07/02/2016 23:11:58] /i fainted shiny electabuzz
[07/02/2016 23:11:58] /i fainted shiny electabuzz
[07/02/2016 23:11:58] /i fainted shiny electabuzz
[07/02/2016 23:11:58] /i fainted shiny electabuzz
[07/02/2016 23:11:58] /i fainted shiny electabuzz
[07/02/2016 23:11:58] /i fainted shiny electabuzz
[07/02/2016 23:11:58] /i fainted shiny electabuzz
[07/02/2016 23:11:58] /i fainted shiny electabuzz
[07/02/2016 23:11:58] /i fainted shiny electabuzz
[07/02/2016 23:11:58] /i fainted shiny electabuzz
[07/02/2016 23:11:58] /i fainted shiny electabuzz
[07/02/2016 23:11:58] /i fainted shiny electabuzz
[07/02/2016 23:11:58] /i fainted shiny electabuzz
[07/02/2016 23:11:58] /i fainted shiny electabuzz
[07/02/2016 23:11:58] /i fainted shiny electabuzz
[07/02/2016 23:11:58] /i fainted shiny electabuzz
[07/02/2016 23:11:58] /i fainted shiny electabuzz
[07/02/2016 23:11:58] /i fainted shiny electabuzz
[07/02/2016 23:11:58] /i fainted shiny electabuzz
[07/02/2016 23:11:58] /i fainted shiny electabuzz
[07/02/2016 23:11:58] /i fainted shiny electabuzz
[07/02/2016 23:11:58] /i fainted shiny electabuzz
[07/02/2016 23:11:59] /i fainted shiny electabuzz
[07/02/2016 23:11:59] /i fainted shiny electabuzz
[07/02/2016 23:11:59] /i fainted shiny electabuzz
[07/02/2016 23:11:59] /i fainted shiny electabuzz
[07/02/2016 23:11:59] /i fainted shiny electabuzz
[07/02/2016 23:11:59] /i fainted shiny electabuzz
[07/02/2016 23:11:59] /i fainted shiny electabuzz
[07/02/2016 23:11:59] /i fainted shiny electabuzz
[07/02/2016 23:11:59] /i fainted shiny electabuzz
[07/02/2016 23:11:59] /i fainted shiny electabuzz
[07/02/2016 23:11:59] /i fainted shiny electabuzz
[07/02/2016 23:11:59] /i fainted shiny electabuzz
[07/02/2016 23:11:59] /i fainted shiny electabuzz
[07/02/2016 23:11:59] /i fainted shiny electabuzz
[07/02/2016 23:11:59] /i fainted shiny electabuzz
[07/02/2016 23:11:59] /i fainted shiny electabuzz
[07/02/2016 23:11:59] /i fainted shiny electabuzz
[07/02/2016 23:11:59] /i fainted shiny electabuzz
[07/02/2016 23:11:59] /i fainted shiny electabuzz
[07/02/2016 23:11:59] /i fainted shiny electabuzz
[07/02/2016 23:11:59] /i fainted shiny electabuzz
[07/02/2016 23:11:59] /i fainted shiny electabuzz
[07/02/2016 23:11:59] /i fainted shiny electabuzz
[07/02/2016 23:11:59] /i fainted shiny electabuzz
[07/02/2016 23:11:59] /i fainted shiny electabuzz
[07/02/2016 23:11:59] /i fainted shiny electabuzz
[07/02/2016 23:11:59] /i fainted shiny electabuzz
[07/02/2016 23:11:59] /i fainted shiny electabuzz
[07/02/2016 23:12:00] /i fainted shiny electabuzz
[07/02/2016 23:12:00] /i fainted shiny electabuzz
[07/02/2016 23:12:00] /i fainted shiny electabuzz
[07/02/2016 23:12:00] /i fainted shiny electabuzz
[07/02/2016 23:12:00] /i fainted shiny electabuzz
[07/02/2016 23:12:00] /i fainted shiny electabuzz
[07/02/2016 23:12:00] /i fainted shiny electabuzz
[07/02/2016 23:12:00] /i fainted shiny electabuzz
[07/02/2016 23:12:00] /i fainted shiny electabuzz
[07/02/2016 23:12:00] /i fainted shiny electabuzz
[07/02/2016 23:12:00] /i fainted shiny electabuzz
[07/02/2016 23:12:00] /i fainted shiny electabuzz
[07/02/2016 23:12:00] /i fainted shiny electabuzz
[07/02/2016 23:12:00] /i fainted shiny electabuzz
[07/02/2016 23:12:00] /i fainted shiny electabuzz
[07/02/2016 23:12:00] /i fainted shiny electabuzz
[07/02/2016 23:12:00] /i fainted shiny electabuzz
[07/02/2016 23:12:00] /i fainted shiny electabuzz
[07/02/2016 23:12:00] /i fainted shiny electabuzz
[07/02/2016 23:12:00] /i fainted shiny electabuzz
[07/02/2016 23:12:00] /i fainted shiny electabuzz
[07/02/2016 23:12:00] /i fainted shiny electabuzz
[07/02/2016 23:12:00] /i fainted shiny electabuzz
[07/02/2016 23:12:00] /i fainted shiny electabuzz
[07/02/2016 23:12:00] /i fainted shiny electabuzz
[07/02/2016 23:12:00] /i fainted shiny electabuzz
[07/02/2016 23:12:00] /i fainted shiny electabuzz
[07/02/2016 23:12:01] /i fainted shiny electabuzz
[07/02/2016 23:12:01] /i fainted shiny electabuzz
[07/02/2016 23:12:01] /i fainted shiny electabuzz
[07/02/2016 23:12:01] /i fainted shiny electabuzz
[07/02/2016 23:12:01] /i fainted shiny electabuzz
[07/02/2016 23:12:01] /i fainted shiny electabuzz
[07/02/2016 23:12:01] /i fainted shiny electabuzz
[07/02/2016 23:12:01] /i fainted shiny electabuzz
[07/02/2016 23:12:01] /i fainted shiny electabuzz
[07/02/2016 23:12:01] /i fainted shiny electabuzz
[07/02/2016 23:12:01] /i fainted shiny electabuzz
[07/02/2016 23:12:01] /i fainted shiny electabuzz
[07/02/2016 23:12:01] /i fainted shiny electabuzz
[07/02/2016 23:12:01] /i fainted shiny electabuzz
[07/02/2016 23:12:01] /i fainted shiny electabuzz
[07/02/2016 23:12:01] /i fainted shiny electabuzz
[07/02/2016 23:12:01] /i fainted shiny electabuzz
[07/02/2016 23:12:01] /i fainted shiny electabuzz
[07/02/2016 23:12:01] /i fainted shiny electabuzz
[07/02/2016 23:12:01] /i fainted shiny electabuzz
[07/02/2016 23:12:01] /i fainted shiny electabuzz
[07/02/2016 23:12:01] /i fainted shiny electabuzz
[07/02/2016 23:12:01] /i fainted shiny electabuzz
[07/02/2016 23:12:01] /i fainted shiny electabuzz
[07/02/2016 23:12:01] /i fainted shiny electabuzz
[07/02/2016 23:12:01] /i fainted shiny electabuzz
[07/02/2016 23:12:02] /i fainted shiny electabuzz
[07/02/2016 23:12:02] /i fainted shiny electabuzz
[07/02/2016 23:12:02] /i fainted shiny electabuzz
[07/02/2016 23:12:02] /i fainted shiny electabuzz
[07/02/2016 23:12:02] /i fainted shiny electabuzz
[07/02/2016 23:12:02] /i fainted shiny electabuzz
[07/02/2016 23:12:02] /i fainted shiny electabuzz
[07/02/2016 23:12:02] /i fainted shiny electabuzz
[07/02/2016 23:12:02] /i fainted shiny electabuzz
[07/02/2016 23:12:02] /i fainted shiny electabuzz
[07/02/2016 23:12:02] /i fainted shiny electabuzz
[07/02/2016 23:12:02] /i fainted shiny electabuzz
[07/02/2016 23:12:02] /i fainted shiny electabuzz
[07/02/2016 23:12:02] /i fainted shiny electabuzz
[07/02/2016 23:12:02] /i fainted shiny electabuzz
[07/02/2016 23:12:02] /i fainted shiny electabuzz
[07/02/2016 23:12:02] /i fainted shiny electabuzz
[07/02/2016 23:12:02] /i fainted shiny electabuzz
[07/02/2016 23:12:02] /i fainted shiny electabuzz
[07/02/2016 23:12:02] /i fainted shiny electabuzz
[07/02/2016 23:12:02] /i fainted shiny electabuzz
[07/02/2016 23:12:02] /i fainted shiny electabuzz
[07/02/2016 23:12:02] /i fainted shiny electabuzz
[07/02/2016 23:12:02] /i fainted shiny electabuzz
[07/02/2016 23:12:02] /i fainted shiny electabuzz
[07/02/2016 23:12:02] /i fainted shiny electabuzz
[07/02/2016 23:12:03] /i fainted shiny electabuzz
[07/02/2016 23:12:03] /i fainted shiny electabuzz
[07/02/2016 23:12:03] /i fainted shiny electabuzz
[07/02/2016 23:12:03] /i fainted shiny electabuzz
[07/02/2016 23:12:03] /i fainted shiny electabuzz
[07/02/2016 23:12:03] /i fainted shiny electabuzz
[07/02/2016 23:12:03] /i fainted shiny electabuzz
[07/02/2016 23:12:03] /i fainted shiny electabuzz
[07/02/2016 23:12:03] /i fainted shiny electabuzz
[07/02/2016 23:12:03] /i fainted shiny electabuzz
[07/02/2016 23:12:03] /i fainted shiny electabuzz
[07/02/2016 23:12:03] /i fainted shiny electabuzz
[07/02/2016 23:12:03] /i fainted shiny electabuzz
[07/02/2016 23:12:03] /i fainted shiny electabuzz
[07/02/2016 23:12:03] /i fainted shiny electabuzz
[07/02/2016 23:12:03] /i fainted shiny electabuzz
[07/02/2016 23:12:03] /i fainted shiny electabuzz
[07/02/2016 23:12:03] /i fainted shiny electabuzz
[07/02/2016 23:12:03] /i fainted shiny electabuzz
[07/02/2016 23:12:03] /i fainted shiny electabuzz
[07/02/2016 23:12:03] /i fainted shiny electabuzz
[07/02/2016 23:12:03] /i fainted shiny electabuzz
[07/02/2016 23:12:03] /i fainted shiny electabuzz
[07/02/2016 23:12:03] /i fainted shiny electabuzz
[07/02/2016 23:12:03] /i fainted shiny electabuzz
[07/02/2016 23:12:03] /i fainted shiny electabuzz
[07/02/2016 23:12:03] /i fainted shiny electabuzz
[07/02/2016 23:12:03] /i fainted shiny electabuzz
[07/02/2016 23:12:04] /i fainted shiny electabuzz
[07/02/2016 23:12:04] /i fainted shiny electabuzz
[07/02/2016 23:12:04] /i fainted shiny electabuzz
[07/02/2016 23:12:04] /i fainted shiny electabuzz
[07/02/2016 23:12:04] /i fainted shiny electabuzz
[07/02/2016 23:12:04] /i fainted shiny electabuzz
[07/02/2016 23:12:04] /i fainted shiny electabuzz
[07/02/2016 23:12:04] /i fainted shiny electabuzz
[07/02/2016 23:12:04] /i fainted shiny electabuzz
[07/02/2016 23:12:04] /i fainted shiny electabuzz
[07/02/2016 23:12:04] /i fainted shiny electabuzz
[07/02/2016 23:12:04] /i fainted shiny electabuzz
[07/02/2016 23:12:04] /i fainted shiny electabuzz
[07/02/2016 23:12:04] /i fainted shiny electabuzz
[07/02/2016 23:12:04] /i fainted shiny electabuzz
[07/02/2016 23:12:04] /i fainted shiny electabuzz
[07/02/2016 23:12:04] /i fainted shiny electabuzz
[07/02/2016 23:12:04] /i fainted shiny electabuzz
[07/02/2016 23:12:04] /i fainted shiny electabuzz
[07/02/2016 23:12:04] /i fainted shiny electabuzz
[07/02/2016 23:12:04] /i fainted shiny electabuzz
[07/02/2016 23:12:04] /i fainted shiny electabuzz
[07/02/2016 23:12:04] /i fainted shiny electabuzz
[07/02/2016 23:12:04] /i fainted shiny electabuzz
[07/02/2016 23:12:04] /i fainted shiny electabuzz
[07/02/2016 23:12:05] /i fainted shiny electabuzz
[07/02/2016 23:12:05] /i fainted shiny electabuzz
[07/02/2016 23:12:05] /i fainted shiny electabuzz
[07/02/2016 23:12:05] /i fainted shiny electabuzz
[07/02/2016 23:12:05] /i fainted shiny electabuzz
[07/02/2016 23:12:05] /i fainted shiny electabuzz
[07/02/2016 23:12:05] /i fainted shiny electabuzz
[07/02/2016 23:12:05] /i fainted shiny electabuzz
[07/02/2016 23:12:05] /i fainted shiny electabuzz
[07/02/2016 23:12:05] /i fainted shiny electabuzz
[07/02/2016 23:12:05] /i fainted shiny electabuzz
[07/02/2016 23:12:05] /i fainted shiny electabuzz
[07/02/2016 23:12:05] /i fainted shiny electabuzz
[07/02/2016 23:12:05] /i fainted shiny electabuzz
[07/02/2016 23:12:05] /i fainted shiny electabuzz
[07/02/2016 23:12:05] /i fainted shiny electabuzz
[07/02/2016 23:12:05] /i fainted shiny electabuzz
[07/02/2016 23:12:05] /i fainted shiny electabuzz
[07/02/2016 23:12:05] /i fainted shiny electabuzz
[07/02/2016 23:12:05] /i fainted shiny electabuzz
[07/02/2016 23:12:05] /i fainted shiny electabuzz
[07/02/2016 23:12:05] /i fainted shiny electabuzz
[07/02/2016 23:12:05] /i fainted shiny electabuzz
[07/02/2016 23:12:05] /i fainted shiny electabuzz
[07/02/2016 23:17:27] /i fainted shiny Hariyama
[07/02/2016 23:17:27] /i fainted shiny Hariyama
[07/02/2016 23:17:27] /i fainted shiny Hariyama
[07/02/2016 23:17:27] /i fainted shiny Hariyama
[07/02/2016 23:17:27] /i fainted shiny Hariyama
[07/02/2016 23:17:27] /i fainted shiny Hariyama
[07/02/2016 23:17:27] /i fainted shiny Hariyama
[07/02/2016 23:17:27] /i fainted shiny Hariyama
[07/02/2016 23:17:28] /i fainted shiny Hariyama
[07/02/2016 23:17:28] /i fainted shiny Hariyama
[07/02/2016 23:17:28] /i fainted shiny Hariyama
[07/02/2016 23:17:28] /i fainted shiny Hariyama
[07/02/2016 23:17:28] /i fainted shiny Hariyama
[07/02/2016 23:17:28] /i fainted shiny Hariyama
[07/02/2016 23:17:28] /i fainted shiny Hariyama
[07/02/2016 23:17:28] /i fainted shiny Hariyama
[07/02/2016 23:17:28] /i fainted shiny Hariyama
[07/02/2016 23:17:28] /i fainted shiny Hariyama
[07/02/2016 23:17:28] /i fainted shiny Hariyama
[07/02/2016 23:17:28] /i fainted shiny Hariyama
[07/02/2016 23:17:28] /i fainted shiny Hariyama
[07/02/2016 23:17:28] /i fainted shiny Hariyama
[07/02/2016 23:17:28] /i fainted shiny Hariyama
[07/02/2016 23:17:28] /i fainted shiny Hariyama
[07/02/2016 23:17:28] /i fainted shiny Hariyama
[07/02/2016 23:17:28] /i fainted shiny Hariyama
[07/02/2016 23:17:28] /i fainted shiny Hariyama
[07/02/2016 23:17:28] /i fainted shiny Hariyama
[07/02/2016 23:17:28] /i fainted shiny Hariyama
[07/02/2016 23:17:28] /i fainted shiny Hariyama
[07/02/2016 23:17:28] /i fainted shiny Hariyama
[07/02/2016 23:17:28] /i fainted shiny Hariyama
[07/02/2016 23:17:28] /i fainted shiny Hariyama
[07/02/2016 23:17:28] /i fainted shiny Hariyama
[07/02/2016 23:17:28] /i fainted shiny Hariyama
[07/02/2016 23:17:28] /i fainted shiny Hariyama
[07/02/2016 23:17:28] /i fainted shiny Hariyama
[07/02/2016 23:17:29] /i fainted shiny Hariyama
[07/02/2016 23:17:29] /i fainted shiny Hariyama
[07/02/2016 23:17:29] /i fainted shiny Hariyama
[07/02/2016 23:17:29] /i fainted shiny Hariyama
[07/02/2016 23:17:29] /i fainted shiny Hariyama
[07/02/2016 23:17:29] /i fainted shiny Hariyama
[07/02/2016 23:17:29] /i fainted shiny Hariyama
[07/02/2016 23:17:29] /i fainted shiny Hariyama
[07/02/2016 23:17:29] /i fainted shiny Hariyama
[07/02/2016 23:17:29] /i fainted shiny Hariyama
[07/02/2016 23:17:29] /i fainted shiny Hariyama
[07/02/2016 23:17:29] /i fainted shiny Hariyama
[07/02/2016 23:17:29] /i fainted shiny Hariyama
[07/02/2016 23:17:29] /i fainted shiny Hariyama
[07/02/2016 23:17:29] /i fainted shiny Hariyama
[07/02/2016 23:17:29] /i fainted shiny Hariyama
[07/02/2016 23:17:29] /i fainted shiny Hariyama
[07/02/2016 23:17:29] /i fainted shiny Hariyama
[07/02/2016 23:17:29] /i fainted shiny Hariyama
[07/02/2016 23:17:29] /i fainted shiny Hariyama
[07/02/2016 23:17:29] /i fainted shiny Hariyama
[07/02/2016 23:17:29] /i fainted shiny Hariyama
[07/02/2016 23:17:29] /i fainted shiny Hariyama
[07/02/2016 23:17:29] /i fainted shiny Hariyama
[07/02/2016 23:17:29] /i fainted shiny Hariyama
[07/02/2016 23:17:29] /i fainted shiny Hariyama
[07/02/2016 23:17:29] /i fainted shiny Hariyama
[07/02/2016 23:17:30] /i fainted shiny Hariyama
[07/02/2016 23:17:30] /i fainted shiny Hariyama
[07/02/2016 23:17:32] /i fainted shiny Hariyama
[07/02/2016 23:17:33] /i fainted shiny Hariyama
[07/02/2016 23:17:33] /i fainted shiny Hariyama
[07/02/2016 23:17:33] /i fainted shiny Hariyama
[07/02/2016 23:17:33] /i fainted shiny Hariyama
[07/02/2016 23:17:33] /i fainted shiny Hariyama
[07/02/2016 23:17:33] /i fainted shiny Hariyama
[07/02/2016 23:17:33] /i fainted shiny Hariyama
[07/02/2016 23:17:33] /i fainted shiny Hariyama
[07/02/2016 23:17:33] /i fainted shiny Hariyama
[07/02/2016 23:17:33] /i fainted shiny Hariyama
[07/02/2016 23:17:33] /i fainted shiny Hariyama
[07/02/2016 23:17:33] /i fainted shiny Hariyama
[07/02/2016 23:17:33] /i fainted shiny Hariyama
[07/02/2016 23:17:33] /i fainted shiny Hariyama
[07/02/2016 23:17:33] /i fainted shiny Hariyama
[07/02/2016 23:17:33] /i fainted shiny Hariyama
[07/02/2016 23:17:34] /i fainted shiny Hariyama
[07/02/2016 23:17:34] /i fainted shiny Hariyama
[07/02/2016 23:17:34] /i fainted shiny Hariyama
[07/02/2016 23:17:34] /i fainted shiny Hariyama
[07/02/2016 23:17:34] /i fainted shiny Hariyama
[07/02/2016 23:17:34] /i fainted shiny Hariyama
[07/02/2016 23:17:34] /i fainted shiny Hariyama
[07/02/2016 23:17:34] /i fainted shiny Hariyama
[07/02/2016 23:17:34] /i fainted shiny Hariyama
[07/02/2016 23:17:34] /i fainted shiny Hariyama
[07/02/2016 23:17:34] /i fainted shiny Hariyama
[07/02/2016 23:17:34] /i fainted shiny Hariyama
[07/02/2016 23:17:34] /i fainted shiny Hariyama
[07/02/2016 23:17:34] /i fainted shiny Hariyama
[07/02/2016 23:17:34] /i fainted shiny Hariyama
[07/02/2016 23:17:34] /i fainted shiny Hariyama
[07/02/2016 23:17:34] /i fainted shiny Hariyama
[07/02/2016 23:17:34] /i fainted shiny Hariyama
[07/02/2016 23:17:34] /i fainted shiny Hariyama
[07/02/2016 23:17:34] /i fainted shiny Hariyama
[07/02/2016 23:17:34] /i fainted shiny Hariyama
[07/02/2016 23:17:34] /i fainted shiny Hariyama
[07/02/2016 23:17:34] /i fainted shiny Hariyama
[07/02/2016 23:17:34] /i fainted shiny Hariyama
[07/02/2016 23:17:34] /i fainted shiny Hariyama
[07/02/2016 23:17:34] /i fainted shiny Hariyama
[07/02/2016 23:17:34] /i fainted shiny Hariyama
[07/02/2016 23:17:34] /i fainted shiny Hariyama
[07/02/2016 23:17:34] /i fainted shiny Hariyama
[07/02/2016 23:17:34] /i fainted shiny Hariyama
[07/02/2016 23:17:34] /i fainted shiny Hariyama
[07/02/2016 23:17:35] /i fainted shiny Hariyama
[07/02/2016 23:17:35] /i fainted shiny Hariyama
[07/02/2016 23:17:35] /i fainted shiny Hariyama
[07/02/2016 23:17:35] /i fainted shiny Hariyama
[07/02/2016 23:17:35] /i fainted shiny Hariyama
[07/02/2016 23:17:35] /i fainted shiny Hariyama
[07/02/2016 23:17:35] /i fainted shiny Hariyama
[07/02/2016 23:17:35] /i fainted shiny Hariyama
[07/02/2016 23:17:35] /i fainted shiny Hariyama
[07/02/2016 23:17:35] /i fainted shiny Hariyama
[07/02/2016 23:17:35] /i fainted shiny Hariyama
[07/02/2016 23:17:35] /i fainted shiny Hariyama
[07/02/2016 23:17:35] /i fainted shiny Hariyama
[07/02/2016 23:17:35] /i fainted shiny Hariyama
[07/02/2016 23:17:35] /i fainted shiny Hariyama
[07/02/2016 23:17:35] /i fainted shiny Hariyama
[07/02/2016 23:17:35] /i fainted shiny Hariyama
[07/02/2016 23:17:35] /i fainted shiny Hariyama
[07/02/2016 23:17:35] /i fainted shiny Hariyama
[07/02/2016 23:17:35] /i fainted shiny Hariyama
[07/02/2016 23:17:35] /i fainted shiny Hariyama
[07/02/2016 23:17:35] /i fainted shiny Hariyama
[07/02/2016 23:17:35] /i fainted shiny Hariyama
[07/02/2016 23:17:35] /i fainted shiny Hariyama
[07/02/2016 23:17:35] /i fainted shiny Hariyama
[07/02/2016 23:17:35] /i fainted shiny Hariyama
[07/02/2016 23:17:35] /i fainted shiny Hariyama
[07/02/2016 23:17:36] /i fainted shiny Hariyama
[07/02/2016 23:17:36] /i fainted shiny Hariyama
[07/02/2016 23:17:36] /i fainted shiny Hariyama
[07/02/2016 23:17:36] /i fainted shiny Hariyama
[07/02/2016 23:17:36] /i fainted shiny Hariyama
[07/02/2016 23:17:36] /i fainted shiny Hariyama
[07/02/2016 23:17:36] /i fainted shiny Hariyama
[07/02/2016 23:17:36] /i fainted shiny Hariyama
[07/02/2016 23:17:36] /i fainted shiny Hariyama
[07/02/2016 23:17:36] /i fainted shiny Hariyama
[07/02/2016 23:17:36] /i fainted shiny Hariyama
[07/02/2016 23:17:36] /i fainted shiny Hariyama
[07/02/2016 23:17:36] /i fainted shiny Hariyama
[07/02/2016 23:17:36] /i fainted shiny Hariyama
[07/02/2016 23:17:36] /i fainted shiny Hariyama
[07/02/2016 23:17:36] /i fainted shiny Hariyama
[07/02/2016 23:17:36] /i fainted shiny Hariyama
[07/02/2016 23:17:36] /i fainted shiny Hariyama
[07/02/2016 23:17:36] /i fainted shiny Hariyama
[07/02/2016 23:17:36] /i fainted shiny Hariyama
[07/02/2016 23:17:36] /i fainted shiny Hariyama
[07/02/2016 23:17:36] /i fainted shiny Hariyama
[07/02/2016 23:17:36] /i fainted shiny Hariyama
[07/02/2016 23:17:36] /i fainted shiny Hariyama
[07/02/2016 23:17:36] /i fainted shiny Hariyama
[07/02/2016 23:17:36] /i fainted shiny Hariyama
[07/02/2016 23:17:37] /i fainted shiny Hariyama
[07/02/2016 23:17:37] /i fainted shiny Hariyama
[07/02/2016 23:17:37] /i fainted shiny Hariyama
[07/02/2016 23:17:37] /i fainted shiny Hariyama
[07/02/2016 23:17:37] /i fainted shiny Hariyama
[07/02/2016 23:17:37] /i fainted shiny Hariyama
[07/02/2016 23:17:37] /i fainted shiny Hariyama
[07/02/2016 23:17:37] /i fainted shiny Hariyama
[07/02/2016 23:17:37] /i fainted shiny Hariyama
[07/02/2016 23:17:37] /i fainted shiny Hariyama
[07/02/2016 23:17:37] /i fainted shiny Hariyama
[07/02/2016 23:17:37] /i fainted shiny Hariyama
[07/02/2016 23:17:37] /i fainted shiny Hariyama
[07/02/2016 23:17:37] /i fainted shiny Hariyama
[07/02/2016 23:17:37] /i fainted shiny Hariyama
[07/02/2016 23:17:37] /i fainted shiny Hariyama
[07/02/2016 23:17:37] /i fainted shiny Hariyama
[07/02/2016 23:17:37] /i fainted shiny Hariyama
[07/02/2016 23:17:37] /i fainted shiny Hariyama
[07/02/2016 23:17:37] /i fainted shiny Hariyama
[07/02/2016 23:17:37] /i fainted shiny Hariyama
[07/02/2016 23:17:37] /i fainted shiny Hariyama
[07/02/2016 23:17:37] /i fainted shiny Hariyama
[07/02/2016 23:17:37] /i fainted shiny Hariyama
[07/02/2016 23:17:37] /i fainted shiny Hariyama
[07/02/2016 23:17:38] /i fainted shiny Hariyama
[07/02/2016 23:17:38] /i fainted shiny Hariyama
[07/02/2016 23:17:38] /i fainted shiny Hariyama
[07/02/2016 23:17:38] /i fainted shiny Hariyama
[07/02/2016 23:17:38] /i fainted shiny Hariyama
[07/02/2016 23:17:38] /i fainted shiny Hariyama
[07/02/2016 23:17:38] /i fainted shiny Hariyama
[07/02/2016 23:17:38] /i fainted shiny Hariyama
[07/02/2016 23:17:38] /i fainted shiny Hariyama
[07/02/2016 23:17:38] /i fainted shiny Hariyama
[07/02/2016 23:17:38] /i fainted shiny Hariyama
[07/02/2016 23:17:38] /i fainted shiny Hariyama
[07/02/2016 23:17:38] /i fainted shiny Hariyama
[07/02/2016 23:17:38] /i fainted shiny Hariyama
[07/02/2016 23:17:38] /i fainted shiny Hariyama
[07/02/2016 23:17:38] /i fainted shiny Hariyama
[07/02/2016 23:17:38] /i fainted shiny Hariyama
[07/02/2016 23:17:38] /i fainted shiny Hariyama
[07/02/2016 23:17:38] /i fainted shiny Hariyama
[07/02/2016 23:17:38] /i fainted shiny Hariyama
[07/02/2016 23:17:38] /i fainted shiny Hariyama
[07/02/2016 23:17:38] /i fainted shiny Hariyama
[07/02/2016 23:17:38] /i fainted shiny Hariyama
[07/02/2016 23:17:38] /i fainted shiny Hariyama
[07/02/2016 23:17:38] /i fainted shiny Hariyama
[07/02/2016 23:17:38] /i fainted shiny Hariyama
[07/02/2016 23:17:38] /i fainted shiny Hariyama
[07/02/2016 23:17:38] /i fainted shiny Hariyama
[07/02/2016 23:17:38] /i fainted shiny Hariyama
[07/02/2016 23:17:38] /i fainted shiny Hariyama
[07/02/2016 23:17:39] /i fainted shiny Hariyama
[07/02/2016 23:17:39] /i fainted shiny Hariyama
[07/02/2016 23:17:39] /i fainted shiny Hariyama
[07/02/2016 23:17:39] /i fainted shiny Hariyama
[07/02/2016 23:17:39] /i fainted shiny Hariyama
[07/02/2016 23:17:39] /i fainted shiny Hariyama
[07/02/2016 23:17:39] /i fainted shiny Hariyama
[07/02/2016 23:17:39] /i fainted shiny Hariyama
[07/02/2016 23:17:39] /i fainted shiny Hariyama
[07/02/2016 23:17:39] /i fainted shiny Hariyama
[07/02/2016 23:17:39] /i fainted shiny Hariyama
[07/02/2016 23:17:39] /i fainted shiny Hariyama
[07/02/2016 23:17:39] /i fainted shiny Hariyama
[07/02/2016 23:17:39] /i fainted shiny Hariyama
[07/02/2016 23:17:39] /i fainted shiny Hariyama
[07/02/2016 23:17:39] /i fainted shiny Hariyama
[07/02/2016 23:17:39] /i fainted shiny Hariyama
[07/02/2016 23:17:39] /i fainted shiny Hariyama
[07/02/2016 23:17:39] /i fainted shiny Hariyama
[07/02/2016 23:17:39] /i fainted shiny Hariyama
[07/02/2016 23:17:39] /i fainted shiny Hariyama
[07/02/2016 23:17:39] /i fainted shiny Hariyama
[07/02/2016 23:17:39] /i fainted shiny Hariyama
[07/02/2016 23:17:39] /i fainted shiny Hariyama
[07/02/2016 23:17:39] /i fainted shiny Hariyama
[07/02/2016 23:17:39] /i fainted shiny Hariyama
[07/02/2016 23:17:39] /i fainted shiny Hariyama
[07/02/2016 23:17:39] /i fainted shiny Hariyama
[07/02/2016 23:17:40] /i fainted shiny Hariyama
[07/02/2016 23:17:40] /i fainted shiny Hariyama
[07/02/2016 23:17:40] /i fainted shiny Hariyama
[07/02/2016 23:17:40] /i fainted shiny Hariyama
[07/02/2016 23:17:40] /i fainted shiny Hariyama
[07/02/2016 23:17:40] /i fainted shiny Hariyama
[07/02/2016 23:17:40] /i fainted shiny Hariyama
[07/02/2016 23:17:40] /i fainted shiny Hariyama
[07/02/2016 23:17:40] /i fainted shiny Hariyama
[07/02/2016 23:17:40] /i fainted shiny Hariyama
[07/02/2016 23:17:40] /i fainted shiny Hariyama
[07/02/2016 23:17:40] /i fainted shiny Hariyama
[07/02/2016 23:17:40] /i fainted shiny Hariyama
[07/02/2016 23:17:40] /i fainted shiny Hariyama
[07/02/2016 23:17:40] /i fainted shiny Hariyama
[07/02/2016 23:17:40] /i fainted shiny Hariyama
[07/02/2016 23:17:40] /i fainted shiny Hariyama
[07/02/2016 23:17:40] /i fainted shiny Hariyama
[07/02/2016 23:17:40] /i fainted shiny Hariyama
[07/02/2016 23:17:40] /i fainted shiny Hariyama
[07/02/2016 23:17:40] /i fainted shiny Hariyama
[07/02/2016 23:17:40] /i fainted shiny Hariyama
[07/02/2016 23:17:40] /i fainted shiny Hariyama
[07/02/2016 23:17:40] /i fainted shiny Hariyama
[07/02/2016 23:17:40] /i fainted shiny Hariyama
[07/02/2016 23:17:40] /i fainted shiny Hariyama
[07/02/2016 23:17:40] /i fainted shiny Hariyama
[07/02/2016 23:17:41] /i fainted shiny Hariyama
[07/02/2016 23:17:41] /i fainted shiny Hariyama
[07/02/2016 23:17:41] /i fainted shiny Hariyama
[07/02/2016 23:17:41] /i fainted shiny Hariyama
[07/02/2016 23:17:41] /i fainted shiny Hariyama
[07/02/2016 23:17:41] /i fainted shiny Hariyama
[07/02/2016 23:17:41] /i fainted shiny Hariyama
[07/02/2016 23:17:41] /i fainted shiny Hariyama
[07/02/2016 23:17:41] /i fainted shiny Hariyama
[07/02/2016 23:17:41] /i fainted shiny Hariyama
[07/02/2016 23:17:41] /i fainted shiny Hariyama
[07/02/2016 23:17:41] /i fainted shiny Hariyama
[07/02/2016 23:17:41] /i fainted shiny Hariyama
[07/02/2016 23:17:41] /i fainted shiny Hariyama
[07/02/2016 23:17:41] /i fainted shiny Hariyama
[07/02/2016 23:17:41] /i fainted shiny Hariyama
[07/02/2016 23:17:41] /i fainted shiny Hariyama
[07/02/2016 23:17:41] /i fainted shiny Hariyama
[07/02/2016 23:17:41] /i fainted shiny Hariyama
[07/02/2016 23:17:41] /i fainted shiny Hariyama
[07/02/2016 23:17:41] /i fainted shiny Hariyama
[07/02/2016 23:17:41] /i fainted shiny Hariyama
[07/02/2016 23:17:41] /i fainted shiny Hariyama
[07/02/2016 23:17:41] /i fainted shiny Hariyama
[07/02/2016 23:17:41] /i fainted shiny Hariyama
[07/02/2016 23:17:41] /i fainted shiny Hariyama
[07/02/2016 23:17:41] /i fainted shiny Hariyama
[07/02/2016 23:17:41] /i fainted shiny Hariyama
[07/02/2016 23:17:42] /i fainted shiny Hariyama
[07/02/2016 23:17:42] /i fainted shiny Hariyama
[07/02/2016 23:17:42] /i fainted shiny Hariyama
[07/02/2016 23:17:42] /i fainted shiny Hariyama
[07/02/2016 23:17:42] /i fainted shiny Hariyama
[07/02/2016 23:17:42] /i fainted shiny Hariyama
[07/02/2016 23:17:42] /i fainted shiny Hariyama
[07/02/2016 23:17:42] /i fainted shiny Hariyama
[07/02/2016 23:17:42] /i fainted shiny Hariyama
[07/02/2016 23:17:42] /i fainted shiny Hariyama
[07/02/2016 23:17:42] /i fainted shiny Hariyama
[07/02/2016 23:17:42] /i fainted shiny Hariyama
[07/02/2016 23:17:42] /i fainted shiny Hariyama
[07/02/2016 23:17:42] /i fainted shiny Hariyama
[07/02/2016 23:17:42] /i fainted shiny Hariyama
[07/02/2016 23:17:42] /i fainted shiny Hariyama
[07/02/2016 23:17:42] /i fainted shiny Hariyama
[07/02/2016 23:17:42] /i fainted shiny Hariyama
[07/02/2016 23:17:42] /i fainted shiny Hariyama
[07/02/2016 23:17:42] /i fainted shiny Hariyama
[07/02/2016 23:17:42] /i fainted shiny Hariyama
[07/02/2016 23:17:42] /i fainted shiny Hariyama
[07/02/2016 23:17:42] /i fainted shiny Hariyama
[07/02/2016 23:17:42] /i fainted shiny Hariyama
[07/02/2016 23:17:42] /i fainted shiny Hariyama
[07/02/2016 23:17:43] /i fainted shiny Hariyama
[07/02/2016 23:17:43] /i fainted shiny Hariyama
[07/02/2016 23:17:43] /i fainted shiny Hariyama
[07/02/2016 23:17:43] /i fainted shiny Hariyama
[07/02/2016 23:17:43] /i fainted shiny Hariyama
[07/02/2016 23:17:43] /i fainted shiny Hariyama
[07/02/2016 23:17:43] /i fainted shiny Hariyama
[07/02/2016 23:17:43] /i fainted shiny Hariyama
[07/02/2016 23:17:43] /i fainted shiny Hariyama
[07/02/2016 23:17:43] /i fainted shiny Hariyama
[07/02/2016 23:17:43] /i fainted shiny Hariyama
[07/02/2016 23:17:43] /i fainted shiny Hariyama
[07/02/2016 23:17:43] /i fainted shiny Hariyama
[07/02/2016 23:17:43] /i fainted shiny Hariyama
[07/02/2016 23:17:43] /i fainted shiny Hariyama
[07/02/2016 23:17:43] /i fainted shiny Hariyama
[07/02/2016 23:17:43] /i fainted shiny Hariyama
[07/02/2016 23:17:43] /i fainted shiny Hariyama
[07/02/2016 23:17:43] /i fainted shiny Hariyama
[07/02/2016 23:17:43] /i fainted shiny Hariyama
[07/02/2016 23:17:43] /i fainted shiny Hariyama
[07/02/2016 23:17:43] /i fainted shiny Hariyama
[07/02/2016 23:17:43] /i fainted shiny Hariyama
[07/02/2016 23:17:43] /i fainted shiny Hariyama
[07/02/2016 23:17:43] /i fainted shiny Hariyama
[07/02/2016 23:17:43] /i fainted shiny Hariyama
[07/02/2016 23:17:43] /i fainted shiny Hariyama
[07/02/2016 23:17:44] /i fainted shiny Hariyama
[07/02/2016 23:17:44] /i fainted shiny Hariyama
[07/02/2016 23:17:44] /i fainted shiny Hariyama
[07/02/2016 23:17:44] /i fainted shiny Hariyama
[07/02/2016 23:17:44] /i fainted shiny Hariyama
[07/02/2016 23:17:44] /i fainted shiny Hariyama
[07/02/2016 23:17:44] /i fainted shiny Hariyama
[07/02/2016 23:17:44] /i fainted shiny Hariyama
[07/02/2016 23:17:44] /i fainted shiny Hariyama
[07/02/2016 23:17:44] /i fainted shiny Hariyama
[07/02/2016 23:17:44] /i fainted shiny Hariyama
[07/02/2016 23:17:44] /i fainted shiny Hariyama
[07/02/2016 23:17:44] /i fainted shiny Hariyama
[07/02/2016 23:17:44] /i fainted shiny Hariyama
[07/02/2016 23:17:44] /i fainted shiny Hariyama
[07/02/2016 23:17:44] /i fainted shiny Hariyama
[07/02/2016 23:17:44] /i fainted shiny Hariyama
[07/02/2016 23:17:44] /i fainted shiny Hariyama
[07/02/2016 23:17:44] /i fainted shiny Hariyama
[07/02/2016 23:17:44] /i fainted shiny Hariyama
[07/02/2016 23:17:44] /i fainted shiny Hariyama
[07/02/2016 23:17:44] /i fainted shiny Hariyama
[07/02/2016 23:17:44] /i fainted shiny Hariyama
[07/02/2016 23:17:44] /i fainted shiny Hariyama
[07/02/2016 23:17:44] /i fainted shiny Hariyama
[07/02/2016 23:17:44] /i fainted shiny Hariyama
[07/02/2016 23:17:44] /i fainted shiny Hariyama
[07/02/2016 23:17:45] /i fainted shiny Hariyama
[07/02/2016 23:17:45] /i fainted shiny Hariyama
[07/02/2016 23:17:45] /i fainted shiny Hariyama
[07/02/2016 23:17:45] /i fainted shiny Hariyama
[07/02/2016 23:17:45] /i fainted shiny Hariyama
[07/02/2016 23:17:45] /i fainted shiny Hariyama
[07/02/2016 23:17:45] /i fainted shiny Hariyama
[07/02/2016 23:17:45] /i fainted shiny Hariyama
[07/02/2016 23:17:45] /i fainted shiny Hariyama
[07/02/2016 23:17:45] /i fainted shiny Hariyama
[07/02/2016 23:17:45] /i fainted shiny Hariyama
[07/02/2016 23:17:45] /i fainted shiny Hariyama
[07/02/2016 23:17:45] /i fainted shiny Hariyama
[07/02/2016 23:17:45] /i fainted shiny Hariyama
[07/02/2016 23:17:45] /i fainted shiny Hariyama
[07/02/2016 23:17:45] /i fainted shiny Hariyama
[07/02/2016 23:17:45] /i fainted shiny Hariyama
[07/02/2016 23:17:45] /i fainted shiny Hariyama
[07/02/2016 23:17:45] /i fainted shiny Hariyama
[07/02/2016 23:17:45] /i fainted shiny Hariyama
[07/02/2016 23:17:45] /i fainted shiny Hariyama
[07/02/2016 23:17:45] /i fainted shiny Hariyama
[07/02/2016 23:17:45] /i fainted shiny Hariyama
[07/02/2016 23:17:45] /i fainted shiny Hariyama
[07/02/2016 23:17:45] /i fainted shiny Hariyama
[07/02/2016 23:17:45] /i fainted shiny Hariyama
[07/02/2016 23:17:45] /i fainted shiny Hariyama
[07/02/2016 23:17:45] /i fainted shiny Hariyama
[07/02/2016 23:17:46] /i fainted shiny Hariyama
[07/02/2016 23:17:46] /i fainted shiny Hariyama
[07/02/2016 23:17:46] /i fainted shiny Hariyama
[07/02/2016 23:17:46] /i fainted shiny Hariyama
[07/02/2016 23:17:46] /i fainted shiny Hariyama
[07/02/2016 23:17:46] /i fainted shiny Hariyama
[07/02/2016 23:17:46] /i fainted shiny Hariyama
[07/02/2016 23:17:46] /i fainted shiny Hariyama
[07/02/2016 23:17:46] /i fainted shiny Hariyama
[07/02/2016 23:17:46] /i fainted shiny Hariyama
[07/02/2016 23:17:46] /i fainted shiny Hariyama
[07/02/2016 23:17:46] /i fainted shiny Hariyama
[07/02/2016 23:17:46] /i fainted shiny Hariyama
[07/02/2016 23:17:46] /i fainted shiny Hariyama
[07/02/2016 23:17:46] /i fainted shiny Hariyama
[07/02/2016 23:17:46] /i fainted shiny Hariyama
[07/02/2016 23:17:46] /i fainted shiny Hariyama
[07/02/2016 23:17:46] /i fainted shiny Hariyama
[07/02/2016 23:17:46] /i fainted shiny Hariyama
[07/02/2016 23:17:46] /i fainted shiny Hariyama
[07/02/2016 23:17:46] /i fainted shiny Hariyama
[07/02/2016 23:17:46] /i fainted shiny Hariyama
[07/02/2016 23:17:46] /i fainted shiny Hariyama
[07/02/2016 23:17:46] /i fainted shiny Hariyama
[07/02/2016 23:17:46] /i fainted shiny Hariyama
[07/02/2016 23:17:46] /i fainted shiny Hariyama
[07/02/2016 23:17:46] /i fainted shiny Hariyama
[07/02/2016 23:17:46] /i fainted shiny Hariyama
[07/02/2016 23:17:46] /i fainted shiny Hariyama
[07/02/2016 23:17:46] /i fainted shiny Hariyama
[07/02/2016 23:17:46] /i fainted shiny Hariyama
[07/02/2016 23:17:47] /i fainted shiny Hariyama
[07/02/2016 23:17:47] /i fainted shiny Hariyama
[07/02/2016 23:17:47] /i fainted shiny Hariyama
[07/02/2016 23:17:47] /i fainted shiny Hariyama
[07/02/2016 23:17:47] /i fainted shiny Hariyama
[07/02/2016 23:17:47] /i fainted shiny Hariyama
[07/02/2016 23:17:47] /i fainted shiny Hariyama
[07/02/2016 23:17:47] /i fainted shiny Hariyama
[07/02/2016 23:17:47] /i fainted shiny Hariyama
[07/02/2016 23:17:47] /i fainted shiny Hariyama
[07/02/2016 23:17:47] /i fainted shiny Hariyama
[07/02/2016 23:17:47] /i fainted shiny Hariyama
[07/02/2016 23:17:47] /i fainted shiny Hariyama
[07/02/2016 23:17:47] /i fainted shiny Hariyama
[07/02/2016 23:17:47] /i fainted shiny Hariyama
[07/02/2016 23:17:47] /i fainted shiny Hariyama
[07/02/2016 23:17:47] /i fainted shiny Hariyama
[07/02/2016 23:17:47] /i fainted shiny Hariyama
[07/02/2016 23:17:47] /i fainted shiny Hariyama
[07/02/2016 23:17:47] /i fainted shiny Hariyama
[07/02/2016 23:17:47] /i fainted shiny Hariyama
[07/02/2016 23:17:47] /i fainted shiny Hariyama
[07/02/2016 23:17:47] /i fainted shiny Hariyama
[07/02/2016 23:17:47] /i fainted shiny Hariyama
[07/02/2016 23:17:47] /i fainted shiny Hariyama
[07/02/2016 23:17:47] /i fainted shiny Hariyama
[07/02/2016 23:17:47] /i fainted shiny Hariyama
[07/02/2016 23:17:47] /i fainted shiny Hariyama
[07/02/2016 23:17:48] /i fainted shiny Hariyama
[07/02/2016 23:17:48] /i fainted shiny Hariyama
[07/02/2016 23:17:48] /i fainted shiny Hariyama
[07/02/2016 23:17:48] /i fainted shiny Hariyama
[07/02/2016 23:17:48] /i fainted shiny Hariyama
[07/02/2016 23:17:48] /i fainted shiny Hariyama
[07/02/2016 23:17:48] /i fainted shiny Hariyama
[07/02/2016 23:17:48] /i fainted shiny Hariyama
[07/02/2016 23:17:48] /i fainted shiny Hariyama
[07/02/2016 23:17:48] /i fainted shiny Hariyama
[07/02/2016 23:17:48] /i fainted shiny Hariyama
[07/02/2016 23:17:48] /i fainted shiny Hariyama
[07/02/2016 23:17:48] /i fainted shiny Hariyama
[07/02/2016 23:17:48] /i fainted shiny Hariyama
[07/02/2016 23:17:48] /i fainted shiny Hariyama
[07/02/2016 23:17:48] /i fainted shiny Hariyama
[07/02/2016 23:17:48] /i fainted shiny Hariyama
[07/02/2016 23:17:48] /i fainted shiny Hariyama
[07/02/2016 23:17:48] /i fainted shiny Hariyama
[07/02/2016 23:17:48] /i fainted shiny Hariyama
[07/02/2016 23:17:48] /i fainted shiny Hariyama
[07/02/2016 23:17:48] /i fainted shiny Hariyama
[07/02/2016 23:17:48] /i fainted shiny Hariyama
[07/02/2016 23:17:48] /i fainted shiny Hariyama
[07/02/2016 23:17:48] /i fainted shiny Hariyama
[07/02/2016 23:17:48] /i fainted shiny Hariyama
[07/02/2016 23:17:48] /i fainted shiny Hariyama
[07/02/2016 23:17:48] /i fainted shiny Hariyama
[07/02/2016 23:17:49] /i fainted shiny Hariyama
[07/02/2016 23:17:49] /i fainted shiny Hariyama
[07/02/2016 23:17:49] /i fainted shiny Hariyama
[07/02/2016 23:17:49] /i fainted shiny Hariyama
[07/02/2016 23:17:49] /i fainted shiny Hariyama
[07/02/2016 23:17:49] /i fainted shiny Hariyama
[07/02/2016 23:17:49] /i fainted shiny Hariyama
[07/02/2016 23:17:49] /i fainted shiny Hariyama
[07/02/2016 23:17:49] /i fainted shiny Hariyama
[07/02/2016 23:17:49] /i fainted shiny Hariyama
[07/02/2016 23:17:49] /i fainted shiny Hariyama
[07/02/2016 23:17:49] /i fainted shiny Hariyama
[07/02/2016 23:17:49] /i fainted shiny Hariyama
[07/02/2016 23:17:49] /i fainted shiny Hariyama
[07/02/2016 23:17:49] /i fainted shiny Hariyama
[07/02/2016 23:17:49] /i fainted shiny Hariyama
[07/02/2016 23:17:49] /i fainted shiny Hariyama
[07/02/2016 23:17:49] /i fainted shiny Hariyama
[07/02/2016 23:17:54] /i fainted shiny Hariyama
[07/02/2016 23:17:55] /i fainted shiny Hariyama
[07/02/2016 23:17:55] /i fainted shiny Hariyama
[07/02/2016 23:17:55] /i fainted shiny Hariyama
[07/02/2016 23:17:55] /i fainted shiny Hariyama
[07/02/2016 23:17:55] /i fainted shiny Hariyama
[07/02/2016 23:17:55] /i fainted shiny Hariyama
[07/02/2016 23:17:55] /i fainted shiny Hariyama
[07/02/2016 23:17:55] /i fainted shiny Hariyama
[07/02/2016 23:17:55] /i fainted shiny Hariyama
[07/02/2016 23:17:55] /i fainted shiny Hariyama
[07/02/2016 23:17:55] /i fainted shiny Hariyama
[07/02/2016 23:17:55] /i fainted shiny Hariyama
[07/02/2016 23:17:55] /i fainted shiny Hariyama
[07/02/2016 23:17:55] /i fainted shiny Hariyama
[07/02/2016 23:17:55] /i fainted shiny Hariyama
[07/02/2016 23:17:55] /i fainted shiny Hariyama
[07/02/2016 23:17:56] /i fainted shiny Hariyama
[07/02/2016 23:17:56] /i fainted shiny Hariyama
[07/02/2016 23:17:56] /i fainted shiny Hariyama
[07/02/2016 23:17:56] /i fainted shiny Hariyama
[07/02/2016 23:17:56] /i fainted shiny Hariyama
[07/02/2016 23:17:56] /i fainted shiny Hariyama
[07/02/2016 23:17:56] /i fainted shiny Hariyama
[07/02/2016 23:17:56] /i fainted shiny Hariyama
[07/02/2016 23:17:56] /i fainted shiny Hariyama
[07/02/2016 23:17:56] /i fainted shiny Hariyama
[07/02/2016 23:17:56] /i fainted shiny Hariyama
[07/02/2016 23:17:56] /i fainted shiny Hariyama
[07/02/2016 23:17:56] /i fainted shiny Hariyama
[07/02/2016 23:17:56] /i fainted shiny Hariyama
[07/02/2016 23:17:56] /i fainted shiny Hariyama
[07/02/2016 23:17:56] /i fainted shiny Hariyama
[07/02/2016 23:17:56] /i fainted shiny Hariyama
[07/02/2016 23:17:56] /i fainted shiny Hariyama
[07/02/2016 23:17:56] /i fainted shiny Hariyama
[07/02/2016 23:17:56] /i fainted shiny Hariyama
[07/02/2016 23:17:56] /i fainted shiny Hariyama
[07/02/2016 23:17:56] /i fainted shiny Hariyama
[07/02/2016 23:17:56] /i fainted shiny Hariyama
[07/02/2016 23:17:56] /i fainted shiny Hariyama
[07/02/2016 23:17:56] /i fainted shiny Hariyama
[07/02/2016 23:17:56] /i fainted shiny Hariyama
[07/02/2016 23:17:56] /i fainted shiny Hariyama
[07/02/2016 23:17:56] /i fainted shiny Hariyama
[07/02/2016 23:17:56] /i fainted shiny Hariyama
[07/02/2016 23:17:57] /i fainted shiny Hariyama
[07/02/2016 23:17:57] /i fainted shiny Hariyama
[07/02/2016 23:17:57] /i fainted shiny Hariyama
[07/02/2016 23:17:57] /i fainted shiny Hariyama
[07/02/2016 23:17:57] /i fainted shiny Hariyama
[07/02/2016 23:17:57] /i fainted shiny Hariyama
[07/02/2016 23:17:57] /i fainted shiny Hariyama
[07/02/2016 23:17:57] /i fainted shiny Hariyama
[07/02/2016 23:17:57] /i fainted shiny Hariyama
[07/02/2016 23:17:57] /i fainted shiny Hariyama
[07/02/2016 23:17:57] /i fainted shiny Hariyama
[07/02/2016 23:17:57] /i fainted shiny Hariyama
[07/02/2016 23:17:57] /i fainted shiny Hariyama
[07/02/2016 23:17:57] /i fainted shiny Hariyama
[07/02/2016 23:17:57] /i fainted shiny Hariyama
[07/02/2016 23:17:57] /i fainted shiny Hariyama
[07/02/2016 23:17:57] /i fainted shiny Hariyama
[07/02/2016 23:17:57] /i fainted shiny Hariyama
[07/02/2016 23:17:57] /i fainted shiny Hariyama
[07/02/2016 23:17:57] /i fainted shiny Hariyama
[07/02/2016 23:17:57] /i fainted shiny Hariyama
[07/02/2016 23:17:57] /i fainted shiny Hariyama
[07/02/2016 23:17:57] /i fainted shiny Hariyama
[07/02/2016 23:17:57] /i fainted shiny Hariyama
[07/02/2016 23:17:57] /i fainted shiny Hariyama
[07/02/2016 23:17:57] /i fainted shiny Hariyama
[07/02/2016 23:17:57] /i fainted shiny Hariyama
[07/02/2016 23:17:57] /i fainted shiny Hariyama
[07/02/2016 23:17:58] /i fainted shiny Hariyama
[07/02/2016 23:17:58] /i fainted shiny Hariyama
[07/02/2016 23:17:58] /i fainted shiny Hariyama
[07/02/2016 23:17:58] /i fainted shiny Hariyama
[07/02/2016 23:17:58] /i fainted shiny Hariyama
[07/02/2016 23:17:58] /i fainted shiny Hariyama
[07/02/2016 23:17:58] /i fainted shiny Hariyama
[07/02/2016 23:17:58] /i fainted shiny Hariyama
[07/02/2016 23:17:58] /i fainted shiny Hariyama
[07/02/2016 23:17:58] /i fainted shiny Hariyama
[07/02/2016 23:17:58] /i fainted shiny Hariyama
[07/02/2016 23:17:58] /i fainted shiny Hariyama
[07/02/2016 23:17:58] /i fainted shiny Hariyama
[07/02/2016 23:17:58] /i fainted shiny Hariyama
[07/02/2016 23:17:58] /i fainted shiny Hariyama
[07/02/2016 23:17:58] /i fainted shiny Hariyama
[07/02/2016 23:17:58] /i fainted shiny Hariyama
[07/02/2016 23:17:58] /i fainted shiny Hariyama
[07/02/2016 23:17:58] /i fainted shiny Hariyama
[07/02/2016 23:17:58] /i fainted shiny Hariyama
[07/02/2016 23:17:58] /i fainted shiny Hariyama
[07/02/2016 23:17:58] /i fainted shiny Hariyama
[07/02/2016 23:17:58] /i fainted shiny Hariyama
[07/02/2016 23:17:58] /i fainted shiny Hariyama
[07/02/2016 23:17:58] /i fainted shiny Hariyama
[07/02/2016 23:17:58] /i fainted shiny Hariyama
[07/02/2016 23:17:58] /i fainted shiny Hariyama
[07/02/2016 23:17:59] /i fainted shiny Hariyama
[07/02/2016 23:17:59] /i fainted shiny Hariyama
[07/02/2016 23:17:59] /i fainted shiny Hariyama
[07/02/2016 23:17:59] /i fainted shiny Hariyama
[07/02/2016 23:17:59] /i fainted shiny Hariyama
[07/02/2016 23:17:59] /i fainted shiny Hariyama
[07/02/2016 23:17:59] /i fainted shiny Hariyama
[07/02/2016 23:17:59] /i fainted shiny Hariyama
[07/02/2016 23:17:59] /i fainted shiny Hariyama
[07/02/2016 23:17:59] /i fainted shiny Hariyama
[07/02/2016 23:17:59] /i fainted shiny Hariyama
[07/02/2016 23:17:59] /i fainted shiny Hariyama
[07/02/2016 23:17:59] /i fainted shiny Hariyama
[07/02/2016 23:17:59] /i fainted shiny Hariyama
[07/02/2016 23:17:59] /i fainted shiny Hariyama
[07/02/2016 23:17:59] /i fainted shiny Hariyama
[07/02/2016 23:17:59] /i fainted shiny Hariyama
[07/02/2016 23:17:59] /i fainted shiny Hariyama
[07/02/2016 23:17:59] /i fainted shiny Hariyama
[07/02/2016 23:17:59] /i fainted shiny Hariyama
[07/02/2016 23:17:59] /i fainted shiny Hariyama
[07/02/2016 23:17:59] /i fainted shiny Hariyama
[07/02/2016 23:17:59] /i fainted shiny Hariyama
[07/02/2016 23:17:59] /i fainted shiny Hariyama
[07/02/2016 23:17:59] /i fainted shiny Hariyama
[07/02/2016 23:17:59] /i fainted shiny Hariyama
[07/02/2016 23:17:59] /i fainted shiny Hariyama
[07/02/2016 23:17:59] /i fainted shiny Hariyama
[07/02/2016 23:18:00] /i fainted shiny Hariyama
[07/02/2016 23:18:00] /i fainted shiny Hariyama
[07/02/2016 23:18:00] /i fainted shiny Hariyama
[07/02/2016 23:18:00] /i fainted shiny Hariyama
[07/02/2016 23:18:00] /i fainted shiny Hariyama
[07/02/2016 23:18:00] /i fainted shiny Hariyama
[07/02/2016 23:18:00] /i fainted shiny Hariyama
[07/02/2016 23:18:00] /i fainted shiny Hariyama
[07/02/2016 23:18:00] /i fainted shiny Hariyama
[07/02/2016 23:18:00] /i fainted shiny Hariyama
[07/02/2016 23:18:00] /i fainted shiny Hariyama
[07/02/2016 23:18:00] /i fainted shiny Hariyama
[07/02/2016 23:18:00] /i fainted shiny Hariyama
[07/02/2016 23:18:00] /i fainted shiny Hariyama
[07/02/2016 23:18:00] /i fainted shiny Hariyama
[07/02/2016 23:18:00] /i fainted shiny Hariyama
[07/02/2016 23:18:00] /i fainted shiny Hariyama
[07/02/2016 23:18:00] /i fainted shiny Hariyama
[07/02/2016 23:18:00] /i fainted shiny Hariyama
[07/02/2016 23:18:00] /i fainted shiny Hariyama
[07/02/2016 23:18:00] /i fainted shiny Hariyama
[07/02/2016 23:18:00] /i fainted shiny Hariyama
[07/02/2016 23:18:00] /i fainted shiny Hariyama
[07/02/2016 23:18:00] /i fainted shiny Hariyama
[07/02/2016 23:18:00] /i fainted shiny Hariyama
[07/02/2016 23:18:00] /i fainted shiny Hariyama
[07/02/2016 23:18:01] /i fainted shiny Hariyama
[07/02/2016 23:18:01] /i fainted shiny Hariyama
[07/02/2016 23:18:01] /i fainted shiny Hariyama
[07/02/2016 23:18:01] /i fainted shiny Hariyama
[07/02/2016 23:18:01] /i fainted shiny Hariyama
[07/02/2016 23:18:01] /i fainted shiny Hariyama
[07/02/2016 23:18:01] /i fainted shiny Hariyama
[07/02/2016 23:18:01] /i fainted shiny Hariyama
[07/02/2016 23:18:01] /i fainted shiny Hariyama
[07/02/2016 23:18:01] /i fainted shiny Hariyama
[07/02/2016 23:18:01] /i fainted shiny Hariyama
[07/02/2016 23:18:01] /i fainted shiny Hariyama
[07/02/2016 23:18:01] /i fainted shiny Hariyama
[07/02/2016 23:18:01] /i fainted shiny Hariyama
[07/02/2016 23:18:01] /i fainted shiny Hariyama
[07/02/2016 23:18:01] /i fainted shiny Hariyama
[07/02/2016 23:18:01] /i fainted shiny Hariyama
[07/02/2016 23:18:01] /i fainted shiny Hariyama
[07/02/2016 23:18:01] /i fainted shiny Hariyama
[07/02/2016 23:18:01] /i fainted shiny Hariyama
[07/02/2016 23:21:45] /i fainted shiny charizard
[07/02/2016 23:21:46] /i fainted shiny charizard
[07/02/2016 23:21:46] /i fainted shiny charizard
[07/02/2016 23:21:46] /i fainted shiny charizard
[07/02/2016 23:21:46] /i fainted shiny charizard
[07/02/2016 23:21:46] /i fainted shiny charizard
[07/02/2016 23:21:46] /i fainted shiny charizard
[07/02/2016 23:21:46] /i fainted shiny charizard
[07/02/2016 23:21:46] /i fainted shiny charizard
[07/02/2016 23:21:46] /i fainted shiny charizard
[07/02/2016 23:21:46] /i fainted shiny charizard
[07/02/2016 23:21:46] /i fainted shiny charizard
[07/02/2016 23:21:46] /i fainted shiny charizard
[07/02/2016 23:21:46] /i fainted shiny charizard
[07/02/2016 23:21:46] /i fainted shiny charizard
[07/02/2016 23:21:46] /i fainted shiny charizard
[07/02/2016 23:21:46] /i fainted shiny charizard
[07/02/2016 23:21:46] /i fainted shiny charizard
[07/02/2016 23:21:46] /i fainted shiny charizard
[07/02/2016 23:21:46] /i fainted shiny charizard
[07/02/2016 23:21:46] /i fainted shiny charizard
[07/02/2016 23:21:46] /i fainted shiny charizard
[07/02/2016 23:21:46] /i fainted shiny charizard
[07/02/2016 23:21:46] /i fainted shiny charizard
[07/02/2016 23:21:47] /i fainted shiny charizard
[07/02/2016 23:21:47] /i fainted shiny charizard
[07/02/2016 23:21:47] /i fainted shiny charizard
[07/02/2016 23:21:47] /i fainted shiny charizard
[07/02/2016 23:21:47] /i fainted shiny charizard
[07/02/2016 23:21:47] /i fainted shiny charizard
[07/02/2016 23:21:47] /i fainted shiny charizard
[07/02/2016 23:21:47] /i fainted shiny charizard
[07/02/2016 23:21:47] /i fainted shiny charizard
[07/02/2016 23:21:47] /i fainted shiny charizard
[07/02/2016 23:21:47] /i fainted shiny charizard
[07/02/2016 23:21:47] /i fainted shiny charizard
[07/02/2016 23:21:47] /i fainted shiny charizard
[07/02/2016 23:21:47] /i fainted shiny charizard
[07/02/2016 23:21:47] /i fainted shiny charizard
[07/02/2016 23:21:47] /i fainted shiny charizard
[07/02/2016 23:21:47] /i fainted shiny charizard
[07/02/2016 23:21:47] /i fainted shiny charizard
[07/02/2016 23:21:47] /i fainted shiny charizard
[07/02/2016 23:21:47] /i fainted shiny charizard
[07/02/2016 23:21:47] /i fainted shiny charizard
[07/02/2016 23:21:47] /i fainted shiny charizard
[07/02/2016 23:21:47] /i fainted shiny charizard
[07/02/2016 23:21:47] /i fainted shiny charizard
[07/02/2016 23:21:47] /i fainted shiny charizard
[07/02/2016 23:21:47] /i fainted shiny charizard
[07/02/2016 23:21:47] /i fainted shiny charizard
[07/02/2016 23:21:47] /i fainted shiny charizard
[07/02/2016 23:21:47] /i fainted shiny charizard
[07/02/2016 23:21:48] /i fainted shiny charizard
[07/02/2016 23:21:48] /i fainted shiny charizard
[07/02/2016 23:21:48] /i fainted shiny charizard
[07/02/2016 23:21:48] /i fainted shiny charizard
[07/02/2016 23:21:48] /i fainted shiny charizard
[07/02/2016 23:21:48] /i fainted shiny charizard
[07/02/2016 23:21:48] /i fainted shiny charizard
[07/02/2016 23:21:48] /i fainted shiny charizard
[07/02/2016 23:21:48] /i fainted shiny charizard
[07/02/2016 23:21:48] /i fainted shiny charizard
[07/02/2016 23:21:48] /i fainted shiny charizard
[07/02/2016 23:21:48] /i fainted shiny charizard
[07/02/2016 23:21:48] /i fainted shiny charizard
[07/02/2016 23:21:48] /i fainted shiny charizard
[07/02/2016 23:21:48] /i fainted shiny charizard
[07/02/2016 23:21:48] /i fainted shiny charizard
[07/02/2016 23:21:48] /i fainted shiny charizard
[07/02/2016 23:21:48] /i fainted shiny charizard
[07/02/2016 23:21:48] /i fainted shiny charizard
[07/02/2016 23:21:48] /i fainted shiny charizard
[07/02/2016 23:21:48] /i fainted shiny charizard
[07/02/2016 23:21:48] /i fainted shiny charizard
[07/02/2016 23:21:48] /i fainted shiny charizard
[07/02/2016 23:21:48] /i fainted shiny charizard
[07/02/2016 23:21:48] /i fainted shiny charizard
[07/02/2016 23:21:48] /i fainted shiny charizard
[07/02/2016 23:21:48] /i fainted shiny charizard
[07/02/2016 23:21:49] /i fainted shiny charizard
[07/02/2016 23:21:49] /i fainted shiny charizard
[07/02/2016 23:21:49] /i fainted shiny charizard
[07/02/2016 23:21:49] /i fainted shiny charizard
[07/02/2016 23:21:49] /i fainted shiny charizard
[07/02/2016 23:21:49] /i fainted shiny charizard
[07/02/2016 23:21:49] /i fainted shiny charizard
[07/02/2016 23:21:49] /i fainted shiny charizard
[07/02/2016 23:21:49] /i fainted shiny charizard
[07/02/2016 23:21:49] /i fainted shiny charizard
[07/02/2016 23:21:49] /i fainted shiny charizard
[07/02/2016 23:21:49] /i fainted shiny charizard
[07/02/2016 23:21:49] /i fainted shiny charizard
[07/02/2016 23:21:49] /i fainted shiny charizard
[07/02/2016 23:21:49] /i fainted shiny charizard
[07/02/2016 23:21:49] /i fainted shiny charizard
[07/02/2016 23:21:49] /i fainted shiny charizard
[07/02/2016 23:21:49] /i fainted shiny charizard
[07/02/2016 23:21:49] /i fainted shiny charizard
[07/02/2016 23:21:49] /i fainted shiny charizard
[07/02/2016 23:21:49] /i fainted shiny charizard
[07/02/2016 23:21:49] /i fainted shiny charizard
[07/02/2016 23:21:49] /i fainted shiny charizard
[07/02/2016 23:21:49] /i fainted shiny charizard
[07/02/2016 23:21:49] /i fainted shiny charizard
[07/02/2016 23:21:49] /i fainted shiny charizard
[07/02/2016 23:21:50] /i fainted shiny charizard
[07/02/2016 23:21:50] /i fainted shiny charizard
[07/02/2016 23:21:50] /i fainted shiny charizard
[07/02/2016 23:21:50] /i fainted shiny charizard
[07/02/2016 23:21:50] /i fainted shiny charizard
[07/02/2016 23:21:50] /i fainted shiny charizard
[07/02/2016 23:21:50] /i fainted shiny charizard
[07/02/2016 23:21:50] /i fainted shiny charizard
[07/02/2016 23:21:50] /i fainted shiny charizard
[07/02/2016 23:21:50] /i fainted shiny charizard
[07/02/2016 23:21:50] /i fainted shiny charizard
[07/02/2016 23:21:50] /i fainted shiny charizard
[07/02/2016 23:21:50] /i fainted shiny charizard
[07/02/2016 23:21:50] /i fainted shiny charizard
[07/02/2016 23:21:50] /i fainted shiny charizard
[07/02/2016 23:21:50] /i fainted shiny charizard
[07/02/2016 23:21:50] /i fainted shiny charizard
[07/02/2016 23:21:50] /i fainted shiny charizard
[07/02/2016 23:21:50] /i fainted shiny charizard
[07/02/2016 23:21:50] /i fainted shiny charizard
[07/02/2016 23:21:50] /i fainted shiny charizard
[07/02/2016 23:21:50] /i fainted shiny charizard
[07/02/2016 23:21:50] /i fainted shiny charizard
[07/02/2016 23:21:50] /i fainted shiny charizard
[07/02/2016 23:21:50] /i fainted shiny charizard
[07/02/2016 23:21:50] /i fainted shiny charizard
[07/02/2016 23:21:51] /i fainted shiny charizard
[07/02/2016 23:21:51] /i fainted shiny charizard
[07/02/2016 23:21:51] /i fainted shiny charizard
[07/02/2016 23:21:51] /i fainted shiny charizard
[07/02/2016 23:21:51] /i fainted shiny charizard
[07/02/2016 23:21:51] /i fainted shiny charizard
[07/02/2016 23:21:51] /i fainted shiny charizard
[07/02/2016 23:21:51] /i fainted shiny charizard
[07/02/2016 23:21:51] /i fainted shiny charizard
[07/02/2016 23:21:51] /i fainted shiny charizard
[07/02/2016 23:21:51] /i fainted shiny charizard
[07/02/2016 23:21:51] /i fainted shiny charizard
[07/02/2016 23:21:51] /i fainted shiny charizard
[07/02/2016 23:21:51] /i fainted shiny charizard
[07/02/2016 23:21:51] /i fainted shiny charizard
[07/02/2016 23:21:51] /i fainted shiny charizard
[07/02/2016 23:21:51] /i fainted shiny charizard
[07/02/2016 23:21:51] /i fainted shiny charizard
[07/02/2016 23:21:51] /i fainted shiny charizard
[07/02/2016 23:21:51] /i fainted shiny charizard
[07/02/2016 23:21:51] /i fainted shiny charizard
[07/02/2016 23:21:51] /i fainted shiny charizard
[07/02/2016 23:21:51] /i fainted shiny charizard
[07/02/2016 23:21:51] /i fainted shiny charizard
[07/02/2016 23:21:51] /i fainted shiny charizard
[07/02/2016 23:21:51] /i fainted shiny charizard
[07/02/2016 23:21:51] /i fainted shiny charizard
[07/02/2016 23:21:51] /i fainted shiny charizard
[07/02/2016 23:21:51] /i fainted shiny charizard
[07/02/2016 23:21:52] /i fainted shiny charizard
[07/02/2016 23:21:52] /i fainted shiny charizard
[07/02/2016 23:21:52] /i fainted shiny charizard
[07/02/2016 23:21:52] /i fainted shiny charizard
[07/02/2016 23:21:52] /i fainted shiny charizard
[07/02/2016 23:21:52] /i fainted shiny charizard
[07/02/2016 23:21:52] /i fainted shiny charizard
[07/02/2016 23:21:52] /i fainted shiny charizard
[07/02/2016 23:21:52] /i fainted shiny charizard
[07/02/2016 23:21:52] /i fainted shiny charizard
[07/02/2016 23:21:52] /i fainted shiny charizard
[07/02/2016 23:21:52] /i fainted shiny charizard
[07/02/2016 23:21:52] /i fainted shiny charizard
[07/02/2016 23:21:52] /i fainted shiny charizard
[07/02/2016 23:21:52] /i fainted shiny charizard
[07/02/2016 23:21:52] /i fainted shiny charizard
[07/02/2016 23:21:52] /i fainted shiny charizard
[07/02/2016 23:21:52] /i fainted shiny charizard
[07/02/2016 23:21:52] /i fainted shiny charizard
[07/02/2016 23:21:52] /i fainted shiny charizard
[07/02/2016 23:21:52] /i fainted shiny charizard
[07/02/2016 23:21:52] /i fainted shiny charizard
[07/02/2016 23:21:52] /i fainted shiny charizard
[07/02/2016 23:21:52] /i fainted shiny charizard
[07/02/2016 23:21:52] /i fainted shiny charizard
[07/02/2016 23:21:52] /i fainted shiny charizard
[07/02/2016 23:21:52] /i fainted shiny charizard
[07/02/2016 23:21:53] /i fainted shiny charizard
[07/02/2016 23:21:53] /i fainted shiny charizard
[07/02/2016 23:21:53] /i fainted shiny charizard
[07/02/2016 23:21:53] /i fainted shiny charizard
[07/02/2016 23:21:53] /i fainted shiny charizard
[07/02/2016 23:21:53] /i fainted shiny charizard
[07/02/2016 23:21:53] /i fainted shiny charizard
[07/02/2016 23:21:53] /i fainted shiny charizard
[07/02/2016 23:21:53] /i fainted shiny charizard
[07/02/2016 23:21:53] /i fainted shiny charizard
[07/02/2016 23:21:53] /i fainted shiny charizard
[07/02/2016 23:21:53] /i fainted shiny charizard
[07/02/2016 23:21:53] /i fainted shiny charizard
[07/02/2016 23:21:53] /i fainted shiny charizard
[07/02/2016 23:21:53] /i fainted shiny charizard
[07/02/2016 23:21:53] /i fainted shiny charizard
[07/02/2016 23:21:53] /i fainted shiny charizard
[07/02/2016 23:21:53] /i fainted shiny charizard
[07/02/2016 23:21:53] /i fainted shiny charizard
[07/02/2016 23:21:53] /i fainted shiny charizard
[07/02/2016 23:21:53] /i fainted shiny charizard
[07/02/2016 23:21:53] /i fainted shiny charizard
[07/02/2016 23:21:53] /i fainted shiny charizard
[07/02/2016 23:21:53] /i fainted shiny charizard
[07/02/2016 23:21:53] /i fainted shiny charizard
[07/02/2016 23:21:53] /i fainted shiny charizard
[07/02/2016 23:21:53] /i fainted shiny charizard
[07/02/2016 23:21:54] /i fainted shiny charizard
[07/02/2016 23:21:54] /i fainted shiny charizard
[07/02/2016 23:21:54] /i fainted shiny charizard
[07/02/2016 23:21:54] /i fainted shiny charizard
[07/02/2016 23:21:54] /i fainted shiny charizard
[07/02/2016 23:21:54] /i fainted shiny charizard
[07/02/2016 23:21:54] /i fainted shiny charizard
[07/02/2016 23:21:54] /i fainted shiny charizard
[07/02/2016 23:21:54] /i fainted shiny charizard
[07/02/2016 23:21:54] /i fainted shiny charizard
[07/02/2016 23:21:54] /i fainted shiny charizard
[07/02/2016 23:21:54] /i fainted shiny charizard
[07/02/2016 23:21:54] /i fainted shiny charizard
[07/02/2016 23:21:54] /i fainted shiny charizard
[07/02/2016 23:21:54] /i fainted shiny charizard
[07/02/2016 23:21:54] /i fainted shiny charizard
[07/02/2016 23:21:54] /i fainted shiny charizard
[07/02/2016 23:21:54] /i fainted shiny charizard
[07/02/2016 23:21:54] /i fainted shiny charizard
[07/02/2016 23:21:54] /i fainted shiny charizard
[07/02/2016 23:21:54] /i fainted shiny charizard
[07/02/2016 23:21:54] /i fainted shiny charizard
[07/02/2016 23:21:54] /i fainted shiny charizard
[07/02/2016 23:21:54] /i fainted shiny charizard
[07/02/2016 23:21:54] /i fainted shiny charizard
[07/02/2016 23:21:54] /i fainted shiny charizard
[07/02/2016 23:21:54] /i fainted shiny charizard
[07/02/2016 23:21:54] /i fainted shiny charizard
[07/02/2016 23:21:54] /i fainted shiny charizard
[07/02/2016 23:21:55] /i fainted shiny charizard
[07/02/2016 23:21:55] /i fainted shiny charizard
[07/02/2016 23:21:55] /i fainted shiny charizard
[07/02/2016 23:21:55] /i fainted shiny charizard
[07/02/2016 23:21:55] /i fainted shiny charizard
[07/02/2016 23:21:55] /i fainted shiny charizard
[07/02/2016 23:21:55] /i fainted shiny charizard
[07/02/2016 23:21:55] /i fainted shiny charizard
[07/02/2016 23:21:55] /i fainted shiny charizard
[07/02/2016 23:21:55] /i fainted shiny charizard
[07/02/2016 23:21:55] /i fainted shiny charizard
[07/02/2016 23:21:55] /i fainted shiny charizard
[07/02/2016 23:21:55] /i fainted shiny charizard
[07/02/2016 23:21:55] /i fainted shiny charizard
[07/02/2016 23:21:55] /i fainted shiny charizard
[07/02/2016 23:21:55] /i fainted shiny charizard
[07/02/2016 23:21:55] /i fainted shiny charizard
[07/02/2016 23:21:55] /i fainted shiny charizard
[07/02/2016 23:21:55] /i fainted shiny charizard
[07/02/2016 23:21:55] /i fainted shiny charizard
[07/02/2016 23:21:55] /i fainted shiny charizard
[07/02/2016 23:21:55] /i fainted shiny charizard
[07/02/2016 23:21:55] /i fainted shiny charizard
[07/02/2016 23:21:55] /i fainted shiny charizard
[07/02/2016 23:21:55] /i fainted shiny charizard
[07/02/2016 23:21:55] /i fainted shiny charizard
[07/02/2016 23:21:55] /i fainted shiny charizard
[07/02/2016 23:21:55] /i fainted shiny charizard
[07/02/2016 23:21:56] /i fainted shiny charizard
[07/02/2016 23:21:56] /i fainted shiny charizard
[07/02/2016 23:21:56] /i fainted shiny charizard
[07/02/2016 23:21:56] /i fainted shiny charizard
[07/02/2016 23:21:56] /i fainted shiny charizard
[07/02/2016 23:21:56] /i fainted shiny charizard
[07/02/2016 23:21:56] /i fainted shiny charizard
[07/02/2016 23:21:56] /i fainted shiny charizard
[07/02/2016 23:21:56] /i fainted shiny charizard
[07/02/2016 23:21:56] /i fainted shiny charizard
[07/02/2016 23:21:56] /i fainted shiny charizard
[07/02/2016 23:21:56] /i fainted shiny charizard
[07/02/2016 23:21:56] /i fainted shiny charizard
[07/02/2016 23:21:56] /i fainted shiny charizard
[07/02/2016 23:21:56] /i fainted shiny charizard
[07/02/2016 23:21:56] /i fainted shiny charizard
[07/02/2016 23:21:56] /i fainted shiny charizard
[07/02/2016 23:21:56] /i fainted shiny charizard
[07/02/2016 23:21:56] /i fainted shiny charizard
[07/02/2016 23:21:56] /i fainted shiny charizard
[07/02/2016 23:21:56] /i fainted shiny charizard
[07/02/2016 23:21:56] /i fainted shiny charizard
[07/02/2016 23:21:56] /i fainted shiny charizard
[07/02/2016 23:21:56] /i fainted shiny charizard
[07/02/2016 23:21:56] /i fainted shiny charizard
[07/02/2016 23:21:56] /i fainted shiny charizard
[07/02/2016 23:21:56] /i fainted shiny charizard
[07/02/2016 23:21:56] /i fainted shiny charizard
[07/02/2016 23:21:56] /i fainted shiny charizard
[07/02/2016 23:21:56] /i fainted shiny charizard
[07/02/2016 23:21:57] /i fainted shiny charizard
[07/02/2016 23:21:57] /i fainted shiny charizard
[07/02/2016 23:21:57] /i fainted shiny charizard
[07/02/2016 23:21:57] /i fainted shiny charizard
[07/02/2016 23:21:57] /i fainted shiny charizard
[07/02/2016 23:21:57] /i fainted shiny charizard
[07/02/2016 23:21:57] /i fainted shiny charizard
[07/02/2016 23:21:57] /i fainted shiny charizard
[07/02/2016 23:21:57] /i fainted shiny charizard
[07/02/2016 23:21:57] /i fainted shiny charizard
[07/02/2016 23:21:57] /i fainted shiny charizard
[07/02/2016 23:21:57] /i fainted shiny charizard
[07/02/2016 23:21:57] /i fainted shiny charizard
[07/02/2016 23:21:57] /i fainted shiny charizard
[07/02/2016 23:21:57] /i fainted shiny charizard
[07/02/2016 23:21:57] /i fainted shiny charizard
[07/02/2016 23:21:57] /i fainted shiny charizard
[07/02/2016 23:21:57] /i fainted shiny charizard
[07/02/2016 23:21:57] /i fainted shiny charizard
[07/02/2016 23:21:57] /i fainted shiny charizard
[07/02/2016 23:21:57] /i fainted shiny charizard
[07/02/2016 23:21:57] /i fainted shiny charizard
[07/02/2016 23:21:57] /i fainted shiny charizard
[07/02/2016 23:21:57] /i fainted shiny charizard
[07/02/2016 23:21:57] /i fainted shiny charizard
[07/02/2016 23:21:57] /i fainted shiny charizard
[07/02/2016 23:21:58] /i fainted shiny charizard
[07/02/2016 23:21:58] /i fainted shiny charizard
[07/02/2016 23:21:58] /i fainted shiny charizard
[07/02/2016 23:21:58] /i fainted shiny charizard
[07/02/2016 23:21:58] /i fainted shiny charizard
[07/02/2016 23:21:58] /i fainted shiny charizard
[07/02/2016 23:21:58] /i fainted shiny charizard
[07/02/2016 23:21:58] /i fainted shiny charizard
[07/02/2016 23:21:58] /i fainted shiny charizard
[07/02/2016 23:21:58] /i fainted shiny charizard
[07/02/2016 23:21:58] /i fainted shiny charizard
[07/02/2016 23:21:58] /i fainted shiny charizard
[07/02/2016 23:21:58] /i fainted shiny charizard
[07/02/2016 23:21:58] /i fainted shiny charizard
[07/02/2016 23:21:58] /i fainted shiny charizard
[07/02/2016 23:21:58] /i fainted shiny charizard
[07/02/2016 23:21:58] /i fainted shiny charizard
[07/02/2016 23:21:58] /i fainted shiny charizard
[07/02/2016 23:21:58] /i fainted shiny charizard
[07/02/2016 23:21:58] /i fainted shiny charizard
[07/02/2016 23:21:58] /i fainted shiny charizard
[07/02/2016 23:21:58] /i fainted shiny charizard
[07/02/2016 23:21:58] /i fainted shiny charizard
[07/02/2016 23:21:58] /i fainted shiny charizard
[07/02/2016 23:21:58] /i fainted shiny charizard
[07/02/2016 23:21:58] /i fainted shiny charizard
[07/02/2016 23:21:58] /i fainted shiny charizard
[07/02/2016 23:21:58] /i fainted shiny charizard
[07/02/2016 23:21:59] /i fainted shiny charizard
[07/02/2016 23:21:59] /i fainted shiny charizard
[07/02/2016 23:21:59] /i fainted shiny charizard
[07/02/2016 23:21:59] /i fainted shiny charizard
[07/02/2016 23:21:59] /i fainted shiny charizard
[07/02/2016 23:21:59] /i fainted shiny charizard
[07/02/2016 23:21:59] /i fainted shiny charizard
[07/02/2016 23:21:59] /i fainted shiny charizard
[07/02/2016 23:21:59] /i fainted shiny charizard
[07/02/2016 23:21:59] /i fainted shiny charizard
[07/02/2016 23:21:59] /i fainted shiny charizard
[07/02/2016 23:21:59] /i fainted shiny charizard
[07/02/2016 23:21:59] /i fainted shiny charizard
[07/02/2016 23:21:59] /i fainted shiny charizard
[07/02/2016 23:21:59] /i fainted shiny charizard
[07/02/2016 23:21:59] /i fainted shiny charizard
[07/02/2016 23:21:59] /i fainted shiny charizard
[07/02/2016 23:21:59] /i fainted shiny charizard
[07/02/2016 23:21:59] /i fainted shiny charizard
[07/02/2016 23:21:59] /i fainted shiny charizard
[07/02/2016 23:21:59] /i fainted shiny charizard
[07/02/2016 23:21:59] /i fainted shiny charizard
[07/02/2016 23:21:59] /i fainted shiny charizard
[07/02/2016 23:21:59] /i fainted shiny charizard
[07/02/2016 23:21:59] /i fainted shiny charizard
[07/02/2016 23:21:59] /i fainted shiny charizard
[07/02/2016 23:21:59] /i fainted shiny charizard
[07/02/2016 23:22:00] /i fainted shiny charizard
[07/02/2016 23:22:00] /i fainted shiny charizard
[07/02/2016 23:22:00] /i fainted shiny charizard
[07/02/2016 23:22:00] /i fainted shiny charizard
[07/02/2016 23:22:00] /i fainted shiny charizard
[07/02/2016 23:22:00] /i fainted shiny charizard
[07/02/2016 23:22:00] /i fainted shiny charizard
[07/02/2016 23:22:00] /i fainted shiny charizard
[07/02/2016 23:22:00] /i fainted shiny charizard
[07/02/2016 23:22:00] /i fainted shiny charizard
[07/02/2016 23:22:00] /i fainted shiny charizard
[07/02/2016 23:22:00] /i fainted shiny charizard
[07/02/2016 23:22:00] /i fainted shiny charizard
[07/02/2016 23:22:00] /i fainted shiny charizard
[07/02/2016 23:22:00] /i fainted shiny charizard
[07/02/2016 23:22:00] /i fainted shiny charizard
[07/02/2016 23:22:00] /i fainted shiny charizard
[07/02/2016 23:22:00] /i fainted shiny charizard
[07/02/2016 23:22:00] /i fainted shiny charizard
[07/02/2016 23:22:00] /i fainted shiny charizard
[07/02/2016 23:22:00] /i fainted shiny charizard
[07/02/2016 23:22:00] /i fainted shiny charizard
[07/02/2016 23:22:00] /i fainted shiny charizard
[07/02/2016 23:22:00] /i fainted shiny charizard
[07/02/2016 23:22:00] /i fainted shiny charizard
[07/02/2016 23:22:00] /i fainted shiny charizard
[07/02/2016 23:22:01] /i fainted shiny charizard
[07/02/2016 23:22:01] /i fainted shiny charizard
[07/02/2016 23:22:01] /i fainted shiny charizard
[07/02/2016 23:22:01] /i fainted shiny charizard
[07/02/2016 23:22:01] /i fainted shiny charizard
[07/02/2016 23:22:01] /i fainted shiny charizard
[07/02/2016 23:22:01] /i fainted shiny charizard
[07/02/2016 23:22:01] /i fainted shiny charizard
[07/02/2016 23:22:01] /i fainted shiny charizard
[07/02/2016 23:22:01] /i fainted shiny charizard
[07/02/2016 23:22:01] /i fainted shiny charizard
[07/02/2016 23:22:01] /i fainted shiny charizard
[07/02/2016 23:22:01] /i fainted shiny charizard
[07/02/2016 23:22:01] /i fainted shiny charizard
[07/02/2016 23:22:01] /i fainted shiny charizard
[07/02/2016 23:22:01] /i fainted shiny charizard
[07/02/2016 23:22:01] /i fainted shiny charizard
[07/02/2016 23:22:01] /i fainted shiny charizard
[07/02/2016 23:22:01] /i fainted shiny charizard
[07/02/2016 23:22:01] /i fainted shiny charizard
[07/02/2016 23:22:01] /i fainted shiny charizard
[07/02/2016 23:22:01] /i fainted shiny charizard
[07/02/2016 23:22:01] /i fainted shiny charizard
[07/02/2016 23:22:01] /i fainted shiny charizard
[07/02/2016 23:22:01] /i fainted shiny charizard
[07/02/2016 23:22:01] /i fainted shiny charizard
[07/02/2016 23:22:02] /i fainted shiny charizard
[07/02/2016 23:22:02] /i fainted shiny charizard
[07/02/2016 23:22:02] /i fainted shiny charizard
[07/02/2016 23:22:02] /i fainted shiny charizard
[07/02/2016 23:22:02] /i fainted shiny charizard
[07/02/2016 23:22:02] /i fainted shiny charizard
[07/02/2016 23:22:02] /i fainted shiny charizard
[07/02/2016 23:22:02] /i fainted shiny charizard
[07/02/2016 23:22:02] /i fainted shiny charizard
[07/02/2016 23:22:02] /i fainted shiny charizard
[07/02/2016 23:22:02] /i fainted shiny charizard
[07/02/2016 23:22:02] /i fainted shiny charizard
[07/02/2016 23:22:02] /i fainted shiny charizard
[07/02/2016 23:22:02] /i fainted shiny charizard
[07/02/2016 23:22:02] /i fainted shiny charizard
[07/02/2016 23:22:02] /i fainted shiny charizard
[07/02/2016 23:22:02] /i fainted shiny charizard
[07/02/2016 23:22:02] /i fainted shiny charizard
[07/02/2016 23:22:02] /i fainted shiny charizard
[07/02/2016 23:22:02] /i fainted shiny charizard
[07/02/2016 23:22:02] /i fainted shiny charizard
[07/02/2016 23:22:02] /i fainted shiny charizard
[07/02/2016 23:22:02] /i fainted shiny charizard
[07/02/2016 23:22:02] /i fainted shiny charizard
[07/02/2016 23:22:02] /i fainted shiny charizard
[07/02/2016 23:22:03] /i fainted shiny charizard
[07/02/2016 23:22:03] /i fainted shiny charizard
[07/02/2016 23:22:03] /i fainted shiny charizard
[07/02/2016 23:22:03] /i fainted shiny charizard
[07/02/2016 23:22:03] /i fainted shiny charizard
[07/02/2016 23:22:03] /i fainted shiny charizard
[07/02/2016 23:22:03] /i fainted shiny charizard
[07/02/2016 23:22:03] /i fainted shiny charizard
[07/02/2016 23:22:03] /i fainted shiny charizard
[07/02/2016 23:22:03] /i fainted shiny charizard
[07/02/2016 23:22:03] /i fainted shiny charizard
[07/02/2016 23:22:03] /i fainted shiny charizard
[07/02/2016 23:22:03] /i fainted shiny charizard
[07/02/2016 23:22:03] /i fainted shiny charizard
[07/02/2016 23:22:03] /i fainted shiny charizard
[07/02/2016 23:22:03] /i fainted shiny charizard
[07/02/2016 23:22:03] /i fainted shiny charizard
[07/02/2016 23:22:03] /i fainted shiny charizard
[07/02/2016 23:22:03] /i fainted shiny charizard
[07/02/2016 23:22:03] /i fainted shiny charizard
[07/02/2016 23:22:03] /i fainted shiny charizard
[07/02/2016 23:22:03] /i fainted shiny charizard
[07/02/2016 23:22:03] /i fainted shiny charizard
[07/02/2016 23:22:03] /i fainted shiny charizard
[07/02/2016 23:22:03] /i fainted shiny charizard
[07/02/2016 23:22:03] /i fainted shiny charizard
[07/02/2016 23:22:03] /i fainted shiny charizard
[07/02/2016 23:22:03] /i fainted shiny charizard
[07/02/2016 23:22:03] /i fainted shiny charizard
[07/02/2016 23:22:04] /i fainted shiny charizard
[07/02/2016 23:22:04] /i fainted shiny charizard
[07/02/2016 23:22:04] /i fainted shiny charizard
[07/02/2016 23:22:04] /i fainted shiny charizard
[07/02/2016 23:22:04] /i fainted shiny charizard
[07/02/2016 23:22:04] /i fainted shiny charizard
[07/02/2016 23:22:04] /i fainted shiny charizard
[07/02/2016 23:22:04] /i fainted shiny charizard
[07/02/2016 23:22:04] /i fainted shiny charizard
[07/02/2016 23:22:04] /i fainted shiny charizard
[07/02/2016 23:22:04] /i fainted shiny charizard
[07/02/2016 23:22:04] /i fainted shiny charizard
[07/02/2016 23:22:04] /i fainted shiny charizard
[07/02/2016 23:22:04] /i fainted shiny charizard
[07/02/2016 23:22:04] /i fainted shiny charizard
[07/02/2016 23:22:04] /i fainted shiny charizard
[07/02/2016 23:22:04] /i fainted shiny charizard
[07/02/2016 23:22:04] /i fainted shiny charizard
[07/02/2016 23:22:04] /i fainted shiny charizard
[07/02/2016 23:22:04] /i fainted shiny charizard
[07/02/2016 23:22:04] /i fainted shiny charizard
[07/02/2016 23:22:04] /i fainted shiny charizard
[07/02/2016 23:22:04] /i fainted shiny charizard
[07/02/2016 23:22:04] /i fainted shiny charizard
[07/02/2016 23:22:04] /i fainted shiny charizard
[07/02/2016 23:22:04] /i fainted shiny charizard
[07/02/2016 23:22:04] /i fainted shiny charizard
[07/02/2016 23:22:04] /i fainted shiny charizard
[07/02/2016 23:22:05] /i fainted shiny charizard
[07/02/2016 23:22:05] /i fainted shiny charizard
[07/02/2016 23:22:05] /i fainted shiny charizard
[07/02/2016 23:22:05] /i fainted shiny charizard
[07/02/2016 23:22:05] /i fainted shiny charizard
[07/02/2016 23:22:05] /i fainted shiny charizard
[07/02/2016 23:22:05] /i fainted shiny charizard
[07/02/2016 23:22:05] /i fainted shiny charizard
[07/02/2016 23:22:05] /i fainted shiny charizard
[07/02/2016 23:22:05] /i fainted shiny charizard
[07/02/2016 23:22:05] /i fainted shiny charizard
[07/02/2016 23:22:05] /i fainted shiny charizard
[07/02/2016 23:22:05] /i fainted shiny charizard
[07/02/2016 23:22:05] /i fainted shiny charizard
[07/02/2016 23:22:05] /i fainted shiny charizard
[07/02/2016 23:22:06] /i fainted shiny charizard
[07/02/2016 23:22:06] /i fainted shiny charizard
[07/02/2016 23:22:06] /i fainted shiny charizard
[07/02/2016 23:22:06] /i fainted shiny charizard
[07/02/2016 23:22:06] /i fainted shiny charizard
[07/02/2016 23:22:06] /i fainted shiny charizard
[07/02/2016 23:22:06] /i fainted shiny charizard
[07/02/2016 23:22:06] /i fainted shiny charizard
[07/02/2016 23:22:06] /i fainted shiny charizard
[07/02/2016 23:22:06] /i fainted shiny charizard
[07/02/2016 23:22:06] /i fainted shiny charizard
[07/02/2016 23:22:06] /i fainted shiny charizard
[07/02/2016 23:22:07] /i fainted shiny charizard
[07/02/2016 23:22:07] /i fainted shiny charizard
[07/02/2016 23:22:07] /i fainted shiny charizard
[07/02/2016 23:22:07] /i fainted shiny charizard
[07/02/2016 23:22:07] /i fainted shiny charizard
[07/02/2016 23:22:07] /i fainted shiny charizard
[07/02/2016 23:22:07] /i fainted shiny charizard
[07/02/2016 23:22:07] /i fainted shiny charizard
[07/02/2016 23:22:08] /i fainted shiny charizard
[07/02/2016 23:23:53] /i mystery box orange
[07/02/2016 23:24:02] /i mystery poke box orange
[07/02/2016 23:24:04] /i mystery poke box orange
[07/02/2016 23:24:09] /i 14573
[07/02/2016 23:24:10] /i 14575
[07/02/2016 23:24:11] /i 14576
[07/02/2016 23:24:12] /i 14577
[07/02/2016 23:25:31] /i ultra ball
[07/02/2016 23:28:08] /i fainted shiny charizard
[07/02/2016 23:28:08] /i fainted shiny charizard
[07/02/2016 23:28:08] /i fainted shiny charizard
[07/02/2016 23:28:08] /i fainted shiny charizard
[07/02/2016 23:28:08] /i fainted shiny charizard
[07/02/2016 23:28:08] /i fainted shiny charizard
[07/02/2016 23:28:08] /i fainted shiny charizard
[07/02/2016 23:28:08] /i fainted shiny charizard
[07/02/2016 23:28:08] /i fainted shiny charizard
[07/02/2016 23:28:09] /i fainted shiny charizard
[07/02/2016 23:28:09] /i fainted shiny charizard
[07/02/2016 23:28:09] /i fainted shiny charizard
[07/02/2016 23:28:09] /i fainted shiny charizard
[07/02/2016 23:28:09] /i fainted shiny charizard
[07/02/2016 23:28:09] /i fainted shiny charizard
[07/02/2016 23:28:09] /i fainted shiny charizard
[07/02/2016 23:28:09] /i fainted shiny charizard
[07/02/2016 23:28:09] /i fainted shiny charizard
[07/02/2016 23:28:09] /i fainted shiny charizard
[07/02/2016 23:28:09] /i fainted shiny charizard
[07/02/2016 23:28:09] /i fainted shiny charizard
[07/02/2016 23:28:09] /i fainted shiny charizard
[07/02/2016 23:28:09] /i fainted shiny charizard
[07/02/2016 23:28:09] /i fainted shiny charizard
[07/02/2016 23:28:09] /i fainted shiny charizard
[07/02/2016 23:28:09] /i fainted shiny charizard
[07/02/2016 23:28:09] /i fainted shiny charizard
[07/02/2016 23:28:09] /i fainted shiny charizard
[07/02/2016 23:28:09] /i fainted shiny charizard
[07/02/2016 23:28:09] /i fainted shiny charizard
[07/02/2016 23:28:09] /i fainted shiny charizard
[07/02/2016 23:28:09] /i fainted shiny charizard
[07/02/2016 23:28:09] /i fainted shiny charizard
[07/02/2016 23:28:09] /i fainted shiny charizard
[07/02/2016 23:28:09] /i fainted shiny charizard
[07/02/2016 23:28:09] /i fainted shiny charizard
[07/02/2016 23:28:09] /i fainted shiny charizard
[07/02/2016 23:28:09] /i fainted shiny charizard
[07/02/2016 23:28:09] /i fainted shiny charizard
[07/02/2016 23:28:09] /i fainted shiny charizard
[07/02/2016 23:28:09] /i fainted shiny charizard
[07/02/2016 23:28:09] /i fainted shiny charizard
[07/02/2016 23:28:09] /i fainted shiny charizard
[07/02/2016 23:28:09] /i fainted shiny charizard
[07/02/2016 23:28:09] /i fainted shiny charizard
[07/02/2016 23:28:09] /i fainted shiny charizard
[07/02/2016 23:28:09] /i fainted shiny charizard
[07/02/2016 23:28:09] /i fainted shiny charizard
[07/02/2016 23:28:09] /i fainted shiny charizard
[07/02/2016 23:28:09] /i fainted shiny charizard
[07/02/2016 23:28:09] /i fainted shiny charizard
[07/02/2016 23:28:09] /i fainted shiny charizard
[07/02/2016 23:28:09] /i fainted shiny charizard
[07/02/2016 23:28:09] /i fainted shiny charizard
[07/02/2016 23:28:09] /i fainted shiny charizard
[07/02/2016 23:28:09] /i fainted shiny charizard
[07/02/2016 23:28:09] /i fainted shiny charizard
[07/02/2016 23:28:09] /i fainted shiny charizard
[07/02/2016 23:28:09] /i fainted shiny charizard
[07/02/2016 23:28:09] /i fainted shiny charizard
[07/02/2016 23:28:10] /i fainted shiny charizard
[07/02/2016 23:28:10] /i fainted shiny charizard
[07/02/2016 23:28:10] /i fainted shiny charizard
[07/02/2016 23:28:10] /i fainted shiny charizard
[07/02/2016 23:28:10] /i fainted shiny charizard
[07/02/2016 23:28:10] /i fainted shiny charizard
[07/02/2016 23:28:10] /i fainted shiny charizard
[07/02/2016 23:28:10] /i fainted shiny charizard
[07/02/2016 23:28:10] /i fainted shiny charizard
[07/02/2016 23:28:10] /i fainted shiny charizard
[07/02/2016 23:28:10] /i fainted shiny charizard
[07/02/2016 23:28:10] /i fainted shiny charizard
[07/02/2016 23:28:10] /i fainted shiny charizard
[07/02/2016 23:28:10] /i fainted shiny charizard
[07/02/2016 23:28:10] /i fainted shiny charizard
[07/02/2016 23:28:10] /i fainted shiny charizard
[07/02/2016 23:28:10] /i fainted shiny charizard
[07/02/2016 23:28:10] /i fainted shiny charizard
[07/02/2016 23:28:10] /i fainted shiny charizard
[07/02/2016 23:28:10] /i fainted shiny charizard
[07/02/2016 23:28:10] /i fainted shiny charizard
[07/02/2016 23:28:10] /i fainted shiny charizard
[07/02/2016 23:28:10] /i fainted shiny charizard
[07/02/2016 23:28:10] /i fainted shiny charizard
[07/02/2016 23:28:10] /i fainted shiny charizard
[07/02/2016 23:28:10] /i fainted shiny charizard
[07/02/2016 23:28:10] /i fainted shiny charizard
[07/02/2016 23:28:10] /i fainted shiny charizard
[07/02/2016 23:28:11] /i fainted shiny charizard
[07/02/2016 23:28:11] /i fainted shiny charizard
[07/02/2016 23:28:11] /i fainted shiny charizard
[07/02/2016 23:28:11] /i fainted shiny charizard
[07/02/2016 23:28:11] /i fainted shiny charizard
[07/02/2016 23:28:11] /i fainted shiny charizard
[07/02/2016 23:28:11] /i fainted shiny charizard
[07/02/2016 23:28:11] /i fainted shiny charizard
[07/02/2016 23:28:11] /i fainted shiny charizard
[07/02/2016 23:28:11] /i fainted shiny charizard
[07/02/2016 23:28:11] /i fainted shiny charizard
[07/02/2016 23:28:11] /i fainted shiny charizard
[07/02/2016 23:28:11] /i fainted shiny charizard
[07/02/2016 23:28:11] /i fainted shiny charizard
[07/02/2016 23:28:11] /i fainted shiny charizard
[07/02/2016 23:28:11] /i fainted shiny charizard
[07/02/2016 23:28:11] /i fainted shiny charizard
[07/02/2016 23:28:11] /i fainted shiny charizard
[07/02/2016 23:28:11] /i fainted shiny charizard
[07/02/2016 23:28:11] /i fainted shiny charizard
[07/02/2016 23:28:11] /i fainted shiny charizard
[07/02/2016 23:28:11] /i fainted shiny charizard
[07/02/2016 23:28:11] /i fainted shiny charizard
[07/02/2016 23:28:11] /i fainted shiny charizard
[07/02/2016 23:28:11] /i fainted shiny charizard
[07/02/2016 23:28:11] /i fainted shiny charizard
[07/02/2016 23:28:11] /i fainted shiny charizard
[07/02/2016 23:28:11] /i fainted shiny charizard
[07/02/2016 23:28:12] /i fainted shiny charizard
[07/02/2016 23:28:12] /i fainted shiny charizard
[07/02/2016 23:28:12] /i fainted shiny charizard
[07/02/2016 23:28:12] /i fainted shiny charizard
[07/02/2016 23:28:12] /i fainted shiny charizard
[07/02/2016 23:28:12] /i fainted shiny charizard
[07/02/2016 23:28:12] /i fainted shiny charizard
[07/02/2016 23:28:12] /i fainted shiny charizard
[07/02/2016 23:28:12] /i fainted shiny charizard
[07/02/2016 23:28:12] /i fainted shiny charizard
[07/02/2016 23:28:12] /i fainted shiny charizard
[07/02/2016 23:28:12] /i fainted shiny charizard
[07/02/2016 23:28:12] /i fainted shiny charizard
[07/02/2016 23:28:12] /i fainted shiny charizard
[07/02/2016 23:28:12] /i fainted shiny charizard
[07/02/2016 23:28:12] /i fainted shiny charizard
[07/02/2016 23:28:12] /i fainted shiny charizard
[07/02/2016 23:28:12] /i fainted shiny charizard
[07/02/2016 23:28:12] /i fainted shiny charizard
[07/02/2016 23:28:12] /i fainted shiny charizard
[07/02/2016 23:28:12] /i fainted shiny charizard
[07/02/2016 23:28:12] /i fainted shiny charizard
[07/02/2016 23:28:12] /i fainted shiny charizard
[07/02/2016 23:28:12] /i fainted shiny charizard
[07/02/2016 23:28:12] /i fainted shiny charizard
[07/02/2016 23:28:12] /i fainted shiny charizard
[07/02/2016 23:28:13] /i fainted shiny charizard
[07/02/2016 23:28:13] /i fainted shiny charizard
[07/02/2016 23:28:13] /i fainted shiny charizard
[07/02/2016 23:28:13] /i fainted shiny charizard
[07/02/2016 23:28:13] /i fainted shiny charizard
[07/02/2016 23:28:13] /i fainted shiny charizard
[07/02/2016 23:28:13] /i fainted shiny charizard
[07/02/2016 23:28:13] /i fainted shiny charizard
[07/02/2016 23:28:16] /i fainted shiny charizard
[07/02/2016 23:28:17] /i fainted shiny charizard
[07/02/2016 23:28:17] /i fainted shiny charizard
[07/02/2016 23:28:17] /i fainted shiny charizard
[07/02/2016 23:28:17] /i fainted shiny charizard
[07/02/2016 23:28:17] /i fainted shiny charizard
[07/02/2016 23:28:17] /i fainted shiny charizard
[07/02/2016 23:28:17] /i fainted shiny charizard
[07/02/2016 23:28:17] /i fainted shiny charizard
[07/02/2016 23:28:17] /i fainted shiny charizard
[07/02/2016 23:28:17] /i fainted shiny charizard
[07/02/2016 23:28:17] /i fainted shiny charizard
[07/02/2016 23:28:17] /i fainted shiny charizard
[07/02/2016 23:28:17] /i fainted shiny charizard
[07/02/2016 23:28:17] /i fainted shiny charizard
[07/02/2016 23:28:17] /i fainted shiny charizard
[07/02/2016 23:28:17] /i fainted shiny charizard
[07/02/2016 23:28:17] /i fainted shiny charizard
[07/02/2016 23:28:17] /i fainted shiny charizard
[07/02/2016 23:28:17] /i fainted shiny charizard
[07/02/2016 23:28:17] /i fainted shiny charizard
[07/02/2016 23:28:17] /i fainted shiny charizard
[07/02/2016 23:28:17] /i fainted shiny charizard
[07/02/2016 23:28:17] /i fainted shiny charizard
[07/02/2016 23:28:17] /i fainted shiny charizard
[07/02/2016 23:28:17] /i fainted shiny charizard
[07/02/2016 23:28:18] /i fainted shiny charizard
[07/02/2016 23:28:18] /i fainted shiny charizard
[07/02/2016 23:28:18] /i fainted shiny charizard
[07/02/2016 23:28:18] /i fainted shiny charizard
[07/02/2016 23:28:18] /i fainted shiny charizard
[07/02/2016 23:28:18] /i fainted shiny charizard
[07/02/2016 23:28:18] /i fainted shiny charizard
[07/02/2016 23:28:18] /i fainted shiny charizard
[07/02/2016 23:28:18] /i fainted shiny charizard
[07/02/2016 23:28:18] /i fainted shiny charizard
[07/02/2016 23:28:18] /i fainted shiny charizard
[07/02/2016 23:28:18] /i fainted shiny charizard
[07/02/2016 23:28:18] /i fainted shiny charizard
[07/02/2016 23:28:18] /i fainted shiny charizard
[07/02/2016 23:28:18] /i fainted shiny charizard
[07/02/2016 23:28:18] /i fainted shiny charizard
[07/02/2016 23:28:18] /i fainted shiny charizard
[07/02/2016 23:28:18] /i fainted shiny charizard
[07/02/2016 23:28:18] /i fainted shiny charizard
[07/02/2016 23:28:18] /i fainted shiny charizard
[07/02/2016 23:28:18] /i fainted shiny charizard
[07/02/2016 23:28:18] /i fainted shiny charizard
[07/02/2016 23:28:18] /i fainted shiny charizard
[07/02/2016 23:28:18] /i fainted shiny charizard
[07/02/2016 23:31:19] /t
[07/02/2016 23:31:27] /r
[07/02/2016 23:31:31] /r
[07/02/2016 23:31:33] /r
[07/02/2016 23:31:35] /r
[07/02/2016 23:31:36] /r
[07/02/2016 23:31:39] /r
[07/02/2016 23:32:09] /r all
[07/02/2016 23:32:34] /b clama porra
[07/02/2016 23:32:35] /b clama porra
[07/02/2016 23:32:37] /b calma/
[07/02/2016 23:32:39] /b calma*
[07/02/2016 23:32:43] /c wang
[07/02/2016 23:32:45] /c wang
[07/02/2016 23:32:46] /c wang
[07/02/2016 23:32:58] /b caralho saem pm ai nao ocnsigo arrumar nada tnc
[07/02/2016 23:33:05] /c wang
[07/02/2016 23:33:10] /b wang ta ae?
[07/02/2016 23:33:48] /a 15
[07/02/2016 23:33:58] /a 15
[07/02/2016 23:34:00] /a 25
[07/02/2016 23:34:03] /a 25
[07/02/2016 23:35:51] /b WAAAAAAAAAAAAAAAAANG ta ae?
[07/02/2016 23:35:52] /b WAAAAAAAAAAAAAAAAANG ta ae?
[07/02/2016 23:35:53] /b WAAAAAAAAAAAAAAAAANG ta ae?
[07/02/2016 23:38:41] /r
[07/02/2016 23:38:44] /a 25
[07/02/2016 23:38:47] /a 25
[07/02/2016 23:38:50] /i 1945
[07/02/2016 23:39:09] /r
[07/02/2016 23:39:11] /r
[07/02/2016 23:39:13] /r
[07/02/2016 23:39:14] /r
[07/02/2016 23:39:15] /r
[07/02/2016 23:40:07] /attr actionid "19490
[07/02/2016 23:40:18] /attr uniqueid "19490
[07/02/2016 23:40:24] /r all
[07/02/2016 23:40:31] /c pivetinho
[07/02/2016 23:40:48] /c anja de deus
[07/02/2016 23:40:55] /c thi zago
[07/02/2016 23:41:07] /c jowzin
[07/02/2016 23:41:11] /c alucaards
[07/02/2016 23:41:19] /c gusts
[07/02/2016 23:41:33] /c the void
[07/02/2016 23:42:05] /addskill [ADM] Lucas,lvl,1200
[07/02/2016 23:42:17] /attr set boost +900
[07/02/2016 23:42:21] /attr set boost +900
[07/02/2016 23:42:39] /addskill jowzin,lvl,200
[07/02/2016 23:42:50] /a 25
[07/02/2016 23:42:53] /a 15
[07/02/2016 23:43:11] /b bom ja vi o bug vou arrumar vlws para os que ajudou
[07/02/2016 23:43:15] /ghost
[07/02/2016 23:43:16] /a 15
[07/02/2016 23:43:31] /b não ot fica on 
[07/02/2016 23:44:50] /a 5
[07/02/2016 23:44:54] /a 5
[07/02/2016 23:44:55] /a 4
[07/02/2016 23:45:02] /a 5
[07/02/2016 23:45:05] /a 2
[07/02/2016 23:45:15] /t
[07/02/2016 23:45:23] /goto the void
[07/02/2016 23:47:52] /i 21
[07/02/2016 23:47:57] /a 1
[07/02/2016 23:48:03] /i 12389
[07/02/2016 23:48:05] /r
[07/02/2016 23:48:58] /reload actions
[07/02/2016 23:49:20] /r
[07/02/2016 23:49:28] /a 15
[07/02/2016 23:49:32] /a 15
[07/02/2016 23:49:35] /i 1945
[07/02/2016 23:49:46] /attr actionid "19490
[07/02/2016 23:49:52] /attr uniqueid "19490
[07/02/2016 23:50:11] /reload actions
[07/02/2016 23:50:16] /c amanda nudez
[07/02/2016 23:50:19] /c mr sheep
[07/02/2016 23:50:21] /ghost
[07/02/2016 23:50:27] /c the void
[07/02/2016 23:50:30] /c extremocv
[07/02/2016 23:50:32] /c gusts
[07/02/2016 23:50:35] /c anja de deus
[07/02/2016 23:50:39] /c thi zago
[07/02/2016 23:50:42] /c canon
[07/02/2016 23:51:09] /reload actions
[07/02/2016 23:51:23] /a 15
[07/02/2016 23:51:30] /b avee nao ofi povo malz
[07/02/2016 23:52:00] /r
[07/02/2016 23:52:31] /i 1777
[07/02/2016 23:52:33] /r
[07/02/2016 23:52:36] /t
[07/02/2016 23:52:39] /a 5
[07/02/2016 23:52:45] /i 2160
[07/02/2016 23:52:53] /i 1777
[07/02/2016 23:52:59] /attr uniqueid "19490
[07/02/2016 23:53:08] /attr actionid "19490
[07/02/2016 23:53:26] /c ornot ore
[07/02/2016 23:53:33] /c haivozo
[07/02/2016 23:53:53] /c extremocv
[07/02/2016 23:53:54] /c gusts
[07/02/2016 23:53:56] /c wiaa
[07/02/2016 23:53:58] /c canon
[07/02/2016 23:54:34] /c jowzin
[07/02/2016 23:54:42] /c thi zago
[07/02/2016 23:55:02] /a 20
[07/02/2016 23:55:04] /a 20
[07/02/2016 23:55:15] /b pronto achei o iten q vou deixa na quest agora nao buga kkk
[07/02/2016 23:55:16] /b pronto achei o iten q vou deixa na quest agora nao buga kkk
[07/02/2016 23:55:39] /b vou arrumar mapa agora povo vou sair fiquem ai e testem qualquer bug me avise na pagina !
[07/02/2016 23:55:48] /b vou arrumar mapa agora povo vou sair fiquem ai e testem qualquer bug me avise na pagina !
[07/02/2016 23:55:48] /b vou arrumar mapa agora povo vou sair fiquem ai e testem qualquer bug me avise na pagina !
[07/02/2016 23:55:49] /b vou arrumar mapa agora povo vou sair fiquem ai e testem qualquer bug me avise na pagina !
[07/02/2016 23:55:53] /a 5
[07/02/2016 23:57:27] /b ja sei povo pera geral quer lvl neh pera
[07/02/2016 23:57:40] /i bau
[07/02/2016 23:57:42] /i bau
[08/02/2016 00:00:58] /t
[08/02/2016 00:01:00] /a 5
[08/02/2016 00:01:01] /a 5
[08/02/2016 00:01:03] /i 1746
[08/02/2016 00:01:12] /r
[08/02/2016 00:01:17] /attr uniqueid "1999
[08/02/2016 00:01:21] /attr uniqueid "19999
[08/02/2016 00:01:31] /attr actionid "19999
[08/02/2016 00:01:39] /attr actionid "19999
[08/02/2016 00:01:47] /attr uniqueid "19999
[08/02/2016 00:01:53] /reload actions
[08/02/2016 00:02:08] /attr health -100000
[08/02/2016 00:02:10] /attr health -100000
[08/02/2016 00:02:14] /attr health -100000
[08/02/2016 00:02:29] /attr health -100000
[08/02/2016 00:02:40] /attr actionid "1999
[08/02/2016 00:02:41] /attr actionid "1999
[08/02/2016 00:02:43] /attr actionid "19999
[08/02/2016 00:02:43] /attr actionid "19999
[08/02/2016 00:03:07] /attr set uniqueid "1999
[08/02/2016 00:03:10] /attr set uniqueid "19999
[08/02/2016 00:03:25] /attr health -100000
[08/02/2016 00:03:49] /attr set actionid "19999
[08/02/2016 00:03:54] /attr set actionid "19999
[08/02/2016 00:04:00] /attr set uniqueid "19999
[08/02/2016 00:04:03] /r
[08/02/2016 00:04:05] /i 1777
[08/02/2016 00:04:08] /attr set uniqueid "19999
[08/02/2016 00:04:12] /attr set actionid "19999
[08/02/2016 00:05:33] /reload actions
[08/02/2016 00:05:34] /r
[08/02/2016 00:05:47] /goto boost tangrowth
[08/02/2016 00:05:58] /i 1746
[08/02/2016 00:06:02] /t
[08/02/2016 00:06:09] /goto martin garrix
[08/02/2016 00:06:38] /down
[08/02/2016 00:06:41] /down
[08/02/2016 00:06:54] /down
[08/02/2016 00:06:58] /a 10
[08/02/2016 00:07:00] /a 15
[08/02/2016 00:07:06] /a 15
[08/02/2016 00:07:07] /a 20
[08/02/2016 00:07:09] /a 25
[08/02/2016 00:07:13] /t
[08/02/2016 00:07:16] /r
[08/02/2016 00:07:23] /i 1740
[08/02/2016 00:07:40] /attr set uniqueid "19999
[08/02/2016 00:07:46] /attr set uniqueid "19999
[08/02/2016 00:07:50] /attr set uniqueid "19999
[08/02/2016 00:07:54] /attr uniqueid "19999
[08/02/2016 00:08:14] /b quem quiser upar so pegar bau frente CP agora vou arrumar bugs !
[08/02/2016 00:08:15] /b quem quiser upar so pegar bau frente CP agora vou arrumar bugs !
[08/02/2016 00:08:16] /b quem quiser upar so pegar bau frente CP agora vou arrumar bugs !
[08/02/2016 00:08:16] /b quem quiser upar so pegar bau frente CP agora vou arrumar bugs !
[08/02/2016 00:08:16] /b quem quiser upar so pegar bau frente CP agora vou arrumar bugs !
[08/02/2016 00:08:17] /b quem quiser upar so pegar bau frente CP agora vou arrumar bugs !
[08/02/2016 00:08:17] /b quem quiser upar so pegar bau frente CP agora vou arrumar bugs !
[08/02/2016 00:08:18] /b quem quiser upar so pegar bau frente CP agora vou arrumar bugs !
[08/02/2016 00:08:18] /b quem quiser upar so pegar bau frente CP agora vou arrumar bugs !
[08/02/2016 00:08:19] /b quem quiser upar so pegar bau frente CP agora vou arrumar bugs !
[08/02/2016 00:08:19] /b quem quiser upar so pegar bau frente CP agora vou arrumar bugs !
[08/02/2016 00:08:19] /b quem quiser upar so pegar bau frente CP agora vou arrumar bugs !
[08/02/2016 00:08:20] /b quem quiser upar so pegar bau frente CP agora vou arrumar bugs !
[08/02/2016 00:08:20] /b quem quiser upar so pegar bau frente CP agora vou arrumar bugs !
[08/02/2016 00:08:21] /b quem quiser upar so pegar bau frente CP agora vou arrumar bugs !
[08/02/2016 00:08:21] /b quem quiser upar so pegar bau frente CP agora vou arrumar bugs !
[08/02/2016 00:08:22] /b quem quiser upar so pegar bau frente CP agora vou arrumar bugs !
[08/02/2016 00:08:22] /b quem quiser upar so pegar bau frente CP agora vou arrumar bugs !
[08/02/2016 00:08:22] /b quem quiser upar so pegar bau frente CP agora vou arrumar bugs !
[08/02/2016 00:08:23] /b quem quiser upar so pegar bau frente CP agora vou arrumar bugs !
[08/02/2016 00:08:23] /b quem quiser upar so pegar bau frente CP agora vou arrumar bugs !
[08/02/2016 00:08:24] /b quem quiser upar so pegar bau frente CP agora vou arrumar bugs !
[08/02/2016 00:08:27] /b quem quiser upar so pegar bau frente CP agora vou arrumar bugs !
[08/02/2016 00:08:28] /b quem quiser upar so pegar bau frente CP agora vou arrumar bugs !
[08/02/2016 00:08:28] /b quem quiser upar so pegar bau frente CP agora vou arrumar bugs !
[08/02/2016 00:09:09] /a 2
[08/02/2016 00:28:25] /r all
[08/02/2016 00:29:59] /b Pessoal Depois do Beta Tera como inicial com um Shiny, tera um bau aonde ira ganhar uma Box que dara 3 Shinys, ainda verei qual serão eles, provavelmente Shiny Cubone Shiny Raichu e Shiny Horsea 
[08/02/2016 00:30:39] /b Pessoal Depois do Beta Tera como inicial com um Shiny, tera um bau aonde ira ganhar uma Box que dara 3 Shinys, ainda verei qual serão eles, provavelmente Shiny Cubone Shiny Raichu e Shiny Horsea 
[08/02/2016 00:30:40] /b Pessoal Depois do Beta Tera como inicial com um Shiny, tera um bau aonde ira ganhar uma Box que dara 3 Shinys, ainda verei qual serão eles, provavelmente Shiny Cubone Shiny Raichu e Shiny Horsea 
[08/02/2016 00:30:52] /b oque acharão ? falem Help
[08/02/2016 00:31:02] /addskill Haivozo,lvl,5000
[08/02/2016 00:31:29] /b Pessoal Depois do Beta Tera como inicial com um Shiny, tera um bau aonde ira ganhar uma Box que dara 3 Shinys, ainda verei qual serão eles, provavelmente Shiny Cubone Shiny Raichu e Shiny Horsea , oque achão? Responda HELP!
[08/02/2016 00:31:30] /b Pessoal Depois do Beta Tera como inicial com um Shiny, tera um bau aonde ira ganhar uma Box que dara 3 Shinys, ainda verei qual serão eles, provavelmente Shiny Cubone Shiny Raichu e Shiny Horsea , oque achão? Responda HELP!
[08/02/2016 00:31:30] /b Pessoal Depois do Beta Tera como inicial com um Shiny, tera um bau aonde ira ganhar uma Box que dara 3 Shinys, ainda verei qual serão eles, provavelmente Shiny Cubone Shiny Raichu e Shiny Horsea , oque achão? Responda HELP!
[08/02/2016 00:31:30] /b Pessoal Depois do Beta Tera como inicial com um Shiny, tera um bau aonde ira ganhar uma Box que dara 3 Shinys, ainda verei qual serão eles, provavelmente Shiny Cubone Shiny Raichu e Shiny Horsea , oque achão? Responda HELP!
[08/02/2016 00:31:31] /b Pessoal Depois do Beta Tera como inicial com um Shiny, tera um bau aonde ira ganhar uma Box que dara 3 Shinys, ainda verei qual serão eles, provavelmente Shiny Cubone Shiny Raichu e Shiny Horsea , oque achão? Responda HELP!
[08/02/2016 00:31:31] /b Pessoal Depois do Beta Tera como inicial com um Shiny, tera um bau aonde ira ganhar uma Box que dara 3 Shinys, ainda verei qual serão eles, provavelmente Shiny Cubone Shiny Raichu e Shiny Horsea , oque achão? Responda HELP!
[08/02/2016 00:31:32] /b Pessoal Depois do Beta Tera como inicial com um Shiny, tera um bau aonde ira ganhar uma Box que dara 3 Shinys, ainda verei qual serão eles, provavelmente Shiny Cubone Shiny Raichu e Shiny Horsea , oque achão? Responda HELP!
[08/02/2016 00:31:32] /b Pessoal Depois do Beta Tera como inicial com um Shiny, tera um bau aonde ira ganhar uma Box que dara 3 Shinys, ainda verei qual serão eles, provavelmente Shiny Cubone Shiny Raichu e Shiny Horsea , oque achão? Responda HELP!
[08/02/2016 00:31:36] /r
[08/02/2016 00:31:42] /r all
[08/02/2016 00:31:44] /r all
[08/02/2016 00:31:45] /r all
[08/02/2016 00:31:47] /r all
[08/02/2016 00:31:47] /r all
[08/02/2016 00:31:48] /r all
[08/02/2016 00:31:51] /b Pessoal Depois do Beta Tera como inicial com um Shiny, tera um bau aonde ira ganhar uma Box que dara 3 Shinys, ainda verei qual serão eles, provavelmente Shiny Cubone Shiny Raichu e Shiny Horsea , oque achão? Responda HELP!
[08/02/2016 00:32:28] /a 5
[08/02/2016 00:32:30] /r all
[08/02/2016 00:32:32] /r all
[08/02/2016 00:32:34] /r all
[08/02/2016 00:32:37] /i 2145
[08/02/2016 00:32:37] /i 2145
[08/02/2016 00:32:38] /i 2145
[08/02/2016 00:32:38] /i 2145
[08/02/2016 00:32:39] /i 2145
[08/02/2016 00:32:39] /i 2145
[08/02/2016 00:33:04] /r
[08/02/2016 00:33:45] /b Pessoal Depois do Beta Tera como inicial com um Shiny, tera um bau aonde ira ganhar uma Box que dara 3 Shinys, ainda verei qual serão eles, provavelmente Shiny Cubone Shiny Raichu e Shiny Horsea , oque achão? Responda HELP!
[08/02/2016 00:33:45] /b Pessoal Depois do Beta Tera como inicial com um Shiny, tera um bau aonde ira ganhar uma Box que dara 3 Shinys, ainda verei qual serão eles, provavelmente Shiny Cubone Shiny Raichu e Shiny Horsea , oque achão? Responda HELP!
[08/02/2016 00:33:46] /b Pessoal Depois do Beta Tera como inicial com um Shiny, tera um bau aonde ira ganhar uma Box que dara 3 Shinys, ainda verei qual serão eles, provavelmente Shiny Cubone Shiny Raichu e Shiny Horsea , oque achão? Responda HELP!
[08/02/2016 00:33:47] /b Pessoal Depois do Beta Tera como inicial com um Shiny, tera um bau aonde ira ganhar uma Box que dara 3 Shinys, ainda verei qual serão eles, provavelmente Shiny Cubone Shiny Raichu e Shiny Horsea , oque achão? Responda HELP!
[08/02/2016 00:33:47] /b Pessoal Depois do Beta Tera como inicial com um Shiny, tera um bau aonde ira ganhar uma Box que dara 3 Shinys, ainda verei qual serão eles, provavelmente Shiny Cubone Shiny Raichu e Shiny Horsea , oque achão? Responda HELP!
[08/02/2016 00:33:48] /b Pessoal Depois do Beta Tera como inicial com um Shiny, tera um bau aonde ira ganhar uma Box que dara 3 Shinys, ainda verei qual serão eles, provavelmente Shiny Cubone Shiny Raichu e Shiny Horsea , oque achão? Responda HELP!
[08/02/2016 00:34:02] /b se ninguem se pronuncia eu deixo sem o bau seis que sabe!
[08/02/2016 00:35:28] /i mystery poke box white
[08/02/2016 00:35:34] /i 14577
[08/02/2016 00:35:37] /i 14574
[08/02/2016 00:35:40] /i 14575
[08/02/2016 00:37:32] /reload actions
[08/02/2016 00:37:48] /b sera esse box que irão ganhar no inicio.
[08/02/2016 00:37:49] /b sera esse box que irão ganhar no inicio.
[08/02/2016 00:37:50] /b sera esse box que irão ganhar no inicio.
[08/02/2016 00:37:50] /b sera esse box que irão ganhar no inicio.
[08/02/2016 00:37:51] /b sera esse box que irão ganhar no inicio.
[08/02/2016 00:38:18] /b ja adicionei ela
[08/02/2016 00:38:27] /b Agora vou remover BUGS da Database
[08/02/2016 00:40:07] /r
[08/02/2016 00:40:26] /r all
[08/02/2016 00:40:54] /b Vip se adquirir no NPC DALK
[08/02/2016 00:40:55] /b Vip se adquirir no NPC DALK
[08/02/2016 00:41:05] /b Vip se adquirir no NPC DALK
[08/02/2016 00:41:32] /b alguem ja deixou o poke full?
[08/02/2016 00:41:58] /b PESSOAL O POKE SO FICA FULL NO +300
[08/02/2016 00:41:59] /b PESSOAL O POKE SO FICA FULL NO +300
[08/02/2016 00:41:59] /b PESSOAL O POKE SO FICA FULL NO +300
[08/02/2016 00:42:15] /b APARTIR DO 50 SOMENTE COM RARE CANDY
[08/02/2016 00:42:16] /b APARTIR DO 50 SOMENTE COM RARE CANDY
[08/02/2016 00:42:41] /newtype 550
[08/02/2016 00:42:44] /newtype 645
[08/02/2016 00:42:45] /newtype 643
[08/02/2016 00:42:46] /newtype 642
[08/02/2016 00:42:47] /newtype 641
[08/02/2016 00:42:48] /newtype 640
[08/02/2016 00:42:51] /newtype 639
[08/02/2016 00:42:52] /newtype 638
[08/02/2016 00:42:53] /newtype 637
[08/02/2016 00:42:56] /newtype 650
[08/02/2016 00:42:57] /newtype 651
[08/02/2016 00:42:58] /newtype 652
[08/02/2016 00:42:59] /newtype 653
[08/02/2016 00:43:00] /newtype 654
[08/02/2016 00:43:01] /newtype 655
[08/02/2016 00:43:02] /newtype 656
[08/02/2016 00:43:16] /newtype 657
[08/02/2016 00:43:17] /newtype 658
[08/02/2016 00:43:18] /newtype 659
[08/02/2016 00:43:21] /newtype 660
[08/02/2016 00:43:22] /newtype 661
[08/02/2016 00:43:23] /newtype 662
[08/02/2016 00:43:23] /newtype 663
[08/02/2016 00:43:26] /newtype 15
[08/02/2016 00:43:29] /newtype 16
[08/02/2016 00:43:30] /newtype 17
[08/02/2016 00:43:31] /newtype 18
[08/02/2016 00:43:31] /newtype 19
[08/02/2016 00:43:34] /newtype 50
[08/02/2016 00:43:38] /newtype 360
[08/02/2016 00:43:39] /newtype 367
[08/02/2016 00:43:40] /newtype 368
[08/02/2016 00:43:42] /newtype 450
[08/02/2016 00:44:33] /goto mr sheep
[08/02/2016 00:44:57] /attr set boost 300
[08/02/2016 00:45:16] /attr set boost 300
[08/02/2016 00:45:33] /i x-return t5
[08/02/2016 00:46:02] /newtype 660
[08/02/2016 00:47:51] /info ornot ore
[08/02/2016 00:53:22] /attr set boost +300
[08/02/2016 00:53:36] /i x-return t6
[08/02/2016 00:53:40] /i x-return t6
[08/02/2016 00:54:26] /r
[08/02/2016 00:55:06] /r
[08/02/2016 00:55:16] /attr set boost 400
[08/02/2016 00:56:25] /t
[08/02/2016 00:56:39] /m ho-oh
[08/02/2016 00:56:40] /m ho-oh
[08/02/2016 00:56:40] /m ho-oh
[08/02/2016 00:56:43] /m entei
[08/02/2016 00:56:44] /m entei
[08/02/2016 00:56:44] /m entei
[08/02/2016 00:56:45] /m entei
[08/02/2016 00:56:46] /m entei
[08/02/2016 00:56:46] /m entei
[08/02/2016 00:56:47] /m entei
[08/02/2016 00:56:50] /m suicune
[08/02/2016 00:56:51] /m suicune
[08/02/2016 00:56:51] /m suicune
[08/02/2016 00:56:52] /m suicune
[08/02/2016 00:56:54] /m celebi
[08/02/2016 00:56:54] /m celebi
[08/02/2016 00:56:55] /m celebi
[08/02/2016 00:56:55] /m celebi
[08/02/2016 00:56:56] /m celebi
[08/02/2016 00:56:56] /m celebi
[08/02/2016 00:56:57] /m celebi
[08/02/2016 00:56:57] /m celebi
[08/02/2016 00:56:59] /m lugia
[08/02/2016 00:57:00] /m lugia
[08/02/2016 00:57:00] /m lugia
[08/02/2016 00:57:01] /m lugia
[08/02/2016 00:57:01] /m lugia
[08/02/2016 00:57:02] /m lugia
[08/02/2016 00:57:04] /a 50
[08/02/2016 00:57:06] /a 50
[08/02/2016 00:58:08] /m boost shiny gardevoir
[08/02/2016 00:58:08] /m boost shiny gardevoir
[08/02/2016 00:58:09] /m boost shiny gardevoir
[08/02/2016 00:58:09] /m boost shiny gardevoir
[08/02/2016 00:58:10] /m boost shiny gardevoir
[08/02/2016 00:58:10] /m boost shiny gardevoir
[08/02/2016 00:58:10] /m boost shiny gardevoir
[08/02/2016 00:58:11] /m boost shiny gardevoir
[08/02/2016 00:58:11] /m boost shiny gardevoir
[08/02/2016 00:58:11] /m boost shiny gardevoir
[08/02/2016 00:58:12] /m boost shiny gardevoir
[08/02/2016 00:58:12] /m boost shiny gardevoir
[08/02/2016 00:58:13] /m boost shiny gardevoir
[08/02/2016 00:58:13] /m boost shiny gardevoir
[08/02/2016 00:58:14] /m boost shiny gardevoir
[08/02/2016 00:58:14] /m boost shiny gardevoir
[08/02/2016 00:58:15] /m boost shiny gardevoir
[08/02/2016 00:58:16] /m boost shiny gardevoir
[08/02/2016 00:58:33] /b povo vão fazer as BOXS para saber oque ganha vcs tão lvl alto :D
[08/02/2016 00:58:34] /b povo vão fazer as BOXS para saber oque ganha vcs tão lvl alto :D
[08/02/2016 00:58:35] /b povo vão fazer as BOXS para saber oque ganha vcs tão lvl alto :D
[08/02/2016 00:58:39] /b povo vão fazer as BOXS para saber oque ganha vcs tão lvl alto :D
[08/02/2016 00:58:39] /b povo vão fazer as BOXS para saber oque ganha vcs tão lvl alto :D
[08/02/2016 00:59:57] /goto Wiaa
[08/02/2016 01:00:19] /t Wiaa
[08/02/2016 01:00:48] /addskill Mitei,lvl,5000
[08/02/2016 01:01:48] /b Pessoal se tiver com muita grana BOLSA ela buga viu!
[08/02/2016 01:01:49] /b Pessoal se tiver com muita grana BOLSA ela buga viu!
[08/02/2016 01:01:49] /b Pessoal se tiver com muita grana BOLSA ela buga viu!
[08/02/2016 01:01:50] /b Pessoal se tiver com muita grana BOLSA ela buga viu!
[08/02/2016 01:01:52] /b Pessoal se tiver com muita grana BOLSA ela buga viu!
[08/02/2016 01:03:03] /b Bom povo vou Dormir, lembrando amnhã iremos resetar e Colocar online, estou prevendo a Inauguração as 13:00
[08/02/2016 01:03:04] /b Bom povo vou Dormir, lembrando amnhã iremos resetar e Colocar online, estou prevendo a Inauguração as 13:00
[08/02/2016 01:03:04] /b Bom povo vou Dormir, lembrando amnhã iremos resetar e Colocar online, estou prevendo a Inauguração as 13:00
[08/02/2016 01:03:05] /b Bom povo vou Dormir, lembrando amnhã iremos resetar e Colocar online, estou prevendo a Inauguração as 13:00
[08/02/2016 01:03:05] /b Bom povo vou Dormir, lembrando amnhã iremos resetar e Colocar online, estou prevendo a Inauguração as 13:00
[08/02/2016 01:03:06] /b Bom povo vou Dormir, lembrando amnhã iremos resetar e Colocar online, estou prevendo a Inauguração as 13:00
[08/02/2016 01:03:10] /bc green Bom povo vou Dormir, lembrando amnhã iremos resetar e Colocar online, estou prevendo a Inauguração as 13:00
[08/02/2016 01:03:11] /bc green Bom povo vou Dormir, lembrando amnhã iremos resetar e Colocar online, estou prevendo a Inauguração as 13:00
[08/02/2016 01:03:11] /bc green Bom povo vou Dormir, lembrando amnhã iremos resetar e Colocar online, estou prevendo a Inauguração as 13:00
[08/02/2016 01:03:35] /bc green RLX Serve fica on até la !
[08/02/2016 01:03:36] /bc green RLX Serve fica on até la !
[08/02/2016 01:03:37] /bc green RLX Serve fica on até la !
[08/02/2016 01:03:37] /bc green RLX Serve fica on até la !
[08/02/2016 01:03:43] /bc green para vcs zuarem
[08/02/2016 01:03:58] /bc green Concelho meu explora o mapa vai precisar, fuixxxxxx.
[08/02/2016 01:03:59] /bc green Concelho meu explora o mapa vai precisar, fuixxxxxx.
[08/02/2016 01:04:15] /bc green tem mutias quests escondidas
[08/02/2016 01:04:37] /b tem quests de todas essas boxs escondidas
[08/02/2016 01:04:39] /b tem quests de todas essas boxs escondidas
[08/02/2016 01:04:39] /b tem quests de todas essas boxs escondidas
[08/02/2016 01:05:00] /bc green FUIIIX, OT FICA ON !!!
[08/02/2016 12:29:48] /t
[08/02/2016 12:30:50] /goto account manager
[08/02/2016 12:31:05] /t
[08/02/2016 12:31:22] /addskill [ADM] Lucas,lvl,19
[08/02/2016 12:32:03] /b vai da uns laag pq muita gente entrando no acc manager kk
[08/02/2016 12:32:05] /b vai da uns laag pq muita gente entrando no acc manager kk
[08/02/2016 12:32:31] /town 15
[08/02/2016 12:32:37] /town 16
[08/02/2016 12:32:45] /c [Dono] Hisoka Fail
[08/02/2016 12:33:29] /closeserver
[08/02/2016 12:33:45] /t
[08/02/2016 12:34:39] /i 14574
[08/02/2016 12:34:40] /i 14574
[08/02/2016 12:37:40] /reload actions
[08/02/2016 12:37:48] /goto wang
[08/02/2016 12:40:02] /r
[08/02/2016 12:40:08] /i water stone
[08/02/2016 12:40:25] /addskill [ADM] Lucas,lvl,100
[08/02/2016 12:40:35] /r
[08/02/2016 12:41:07] /goto [Dono] Hisoka Fail
[08/02/2016 12:43:59] /i ultra ball
[08/02/2016 12:44:00] /i ultra ball
[08/02/2016 12:44:00] /i ultra ball
[08/02/2016 12:44:14] /i ultra ball
[08/02/2016 12:44:14] /i ultra ball
[08/02/2016 12:44:29] /i fainted shiny tangela
[08/02/2016 12:44:29] /i fainted shiny tangela
[08/02/2016 12:44:29] /i fainted shiny tangela
[08/02/2016 12:44:29] /i fainted shiny tangela
[08/02/2016 12:44:29] /i fainted shiny tangela
[08/02/2016 12:44:29] /i fainted shiny tangela
[08/02/2016 12:44:29] /i fainted shiny tangela
[08/02/2016 12:44:29] /i fainted shiny tangela
[08/02/2016 12:44:29] /i fainted shiny tangela
[08/02/2016 12:44:29] /i fainted shiny tangela
[08/02/2016 12:44:29] /i fainted shiny tangela
[08/02/2016 12:44:30] /i fainted shiny tangela
[08/02/2016 12:44:30] /i fainted shiny tangela
[08/02/2016 12:44:30] /i fainted shiny tangela
[08/02/2016 12:44:30] /i fainted shiny tangela
[08/02/2016 12:44:30] /i fainted shiny tangela
[08/02/2016 12:44:30] /i fainted shiny tangela
[08/02/2016 12:44:30] /i fainted shiny tangela
[08/02/2016 12:44:30] /i fainted shiny tangela
[08/02/2016 12:44:30] /i fainted shiny tangela
[08/02/2016 12:44:30] /i fainted shiny tangela
[08/02/2016 12:44:30] /i fainted shiny tangela
[08/02/2016 12:44:30] /i fainted shiny tangela
[08/02/2016 12:44:30] /i fainted shiny tangela
[08/02/2016 12:44:30] /i fainted shiny tangela
[08/02/2016 12:44:30] /i fainted shiny tangela
[08/02/2016 12:44:30] /i fainted shiny tangela
[08/02/2016 12:44:30] /i fainted shiny tangela
[08/02/2016 12:44:30] /i fainted shiny tangela
[08/02/2016 12:44:30] /i fainted shiny tangela
[08/02/2016 12:44:30] /i fainted shiny tangela
[08/02/2016 12:44:30] /i fainted shiny tangela
[08/02/2016 12:44:30] /i fainted shiny tangela
[08/02/2016 12:44:30] /i fainted shiny tangela
[08/02/2016 12:44:30] /i fainted shiny tangela
[08/02/2016 12:44:30] /i fainted shiny tangela
[08/02/2016 12:44:31] /i fainted shiny tangela
[08/02/2016 12:44:31] /i fainted shiny tangela
[08/02/2016 12:44:31] /i fainted shiny tangela
[08/02/2016 12:44:31] /i fainted shiny tangela
[08/02/2016 12:44:31] /i fainted shiny tangela
[08/02/2016 12:44:31] /i fainted shiny tangela
[08/02/2016 12:44:31] /i fainted shiny tangela
[08/02/2016 12:44:31] /i fainted shiny tangela
[08/02/2016 12:44:31] /i fainted shiny tangela
[08/02/2016 12:44:31] /i fainted shiny tangela
[08/02/2016 12:44:31] /i fainted shiny tangela
[08/02/2016 12:44:31] /i fainted shiny tangela
[08/02/2016 12:44:31] /i fainted shiny tangela
[08/02/2016 12:44:31] /i fainted shiny tangela
[08/02/2016 12:44:31] /i fainted shiny tangela
[08/02/2016 12:44:31] /i fainted shiny tangela
[08/02/2016 12:44:31] /i fainted shiny tangela
[08/02/2016 12:44:31] /i fainted shiny tangela
[08/02/2016 12:44:31] /i fainted shiny tangela
[08/02/2016 12:44:31] /i fainted shiny tangela
[08/02/2016 12:44:31] /i fainted shiny tangela
[08/02/2016 12:44:31] /i fainted shiny tangela
[08/02/2016 12:44:31] /i fainted shiny tangela
[08/02/2016 12:44:31] /i fainted shiny tangela
[08/02/2016 12:44:31] /i fainted shiny tangela
[08/02/2016 12:44:32] /i fainted shiny tangela
[08/02/2016 12:44:32] /i fainted shiny tangela
[08/02/2016 12:44:32] /i fainted shiny tangela
[08/02/2016 12:44:32] /i fainted shiny tangela
[08/02/2016 12:44:32] /i fainted shiny tangela
[08/02/2016 12:44:32] /i fainted shiny tangela
[08/02/2016 12:44:32] /i fainted shiny tangela
[08/02/2016 12:44:32] /i fainted shiny tangela
[08/02/2016 12:44:32] /i fainted shiny tangela
[08/02/2016 12:44:32] /i fainted shiny tangela
[08/02/2016 12:44:32] /i fainted shiny tangela
[08/02/2016 12:44:32] /i fainted shiny tangela
[08/02/2016 12:44:32] /i fainted shiny tangela
[08/02/2016 12:44:32] /i fainted shiny tangela
[08/02/2016 12:44:32] /i fainted shiny tangela
[08/02/2016 12:44:32] /i fainted shiny tangela
[08/02/2016 12:44:32] /i fainted shiny tangela
[08/02/2016 12:44:32] /i fainted shiny tangela
[08/02/2016 12:44:32] /i fainted shiny tangela
[08/02/2016 12:44:32] /i fainted shiny tangela
[08/02/2016 12:44:32] /i fainted shiny tangela
[08/02/2016 12:44:32] /i fainted shiny tangela
[08/02/2016 12:44:32] /i fainted shiny tangela
[08/02/2016 12:44:32] /i fainted shiny tangela
[08/02/2016 12:44:32] /i fainted shiny tangela
[08/02/2016 12:44:32] /i fainted shiny tangela
[08/02/2016 12:44:32] /i fainted shiny tangela
[08/02/2016 12:44:33] /i fainted shiny tangela
[08/02/2016 12:44:33] /i fainted shiny tangela
[08/02/2016 12:44:33] /i fainted shiny tangela
[08/02/2016 12:44:33] /i fainted shiny tangela
[08/02/2016 12:44:33] /i fainted shiny tangela
[08/02/2016 12:44:33] /i fainted shiny tangela
[08/02/2016 12:44:33] /i fainted shiny tangela
[08/02/2016 12:44:33] /i fainted shiny tangela
[08/02/2016 12:44:33] /i fainted shiny tangela
[08/02/2016 12:44:33] /i fainted shiny tangela
[08/02/2016 12:44:33] /i fainted shiny tangela
[08/02/2016 12:44:33] /i fainted shiny tangela
[08/02/2016 12:44:33] /i fainted shiny tangela
[08/02/2016 12:44:33] /i fainted shiny tangela
[08/02/2016 12:44:33] /i fainted shiny tangela
[08/02/2016 12:44:33] /i fainted shiny tangela
[08/02/2016 12:44:33] /i fainted shiny tangela
[08/02/2016 12:44:33] /i fainted shiny tangela
[08/02/2016 12:44:33] /i fainted shiny tangela
[08/02/2016 12:44:33] /i fainted shiny tangela
[08/02/2016 12:44:34] /i fainted shiny tangela
[08/02/2016 12:44:34] /i fainted shiny tangela
[08/02/2016 12:44:34] /i fainted shiny tangela
[08/02/2016 12:44:34] /i fainted shiny tangela
[08/02/2016 12:44:34] /i fainted shiny tangela
[08/02/2016 12:44:34] /i fainted shiny tangela
[08/02/2016 12:44:34] /i fainted shiny tangela
[08/02/2016 12:44:34] /i fainted shiny tangela
[08/02/2016 12:44:34] /i fainted shiny tangela
[08/02/2016 12:44:34] /i fainted shiny tangela
[08/02/2016 12:44:34] /i fainted shiny tangela
[08/02/2016 12:44:34] /i fainted shiny tangela
[08/02/2016 12:44:34] /i fainted shiny tangela
[08/02/2016 12:44:34] /i fainted shiny tangela
[08/02/2016 12:44:34] /i fainted shiny tangela
[08/02/2016 12:44:34] /i fainted shiny tangela
[08/02/2016 12:44:34] /i fainted shiny tangela
[08/02/2016 12:44:34] /i fainted shiny tangela
[08/02/2016 12:44:34] /i fainted shiny tangela
[08/02/2016 12:44:34] /i fainted shiny tangela
[08/02/2016 12:44:34] /i fainted shiny tangela
[08/02/2016 12:44:34] /i fainted shiny tangela
[08/02/2016 12:44:34] /i fainted shiny tangela
[08/02/2016 12:44:34] /i fainted shiny tangela
[08/02/2016 12:44:35] /i fainted shiny tangela
[08/02/2016 12:44:35] /i fainted shiny tangela
[08/02/2016 12:44:35] /i fainted shiny tangela
[08/02/2016 12:44:35] /i fainted shiny tangela
[08/02/2016 12:44:35] /i fainted shiny tangela
[08/02/2016 12:44:35] /i fainted shiny tangela
[08/02/2016 12:44:35] /i fainted shiny tangela
[08/02/2016 12:44:35] /i fainted shiny tangela
[08/02/2016 12:44:35] /i fainted shiny tangela
[08/02/2016 12:44:35] /i fainted shiny tangela
[08/02/2016 12:44:35] /i fainted shiny tangela
[08/02/2016 12:44:35] /i fainted shiny tangela
[08/02/2016 12:44:35] /i fainted shiny tangela
[08/02/2016 12:44:35] /i fainted shiny tangela
[08/02/2016 12:44:35] /i fainted shiny tangela
[08/02/2016 12:44:35] /i fainted shiny tangela
[08/02/2016 12:44:35] /i fainted shiny tangela
[08/02/2016 12:44:35] /i fainted shiny tangela
[08/02/2016 12:44:35] /i fainted shiny tangela
[08/02/2016 12:44:35] /i fainted shiny tangela
[08/02/2016 12:44:35] /i fainted shiny tangela
[08/02/2016 12:44:35] /i fainted shiny tangela
[08/02/2016 12:44:35] /i fainted shiny tangela
[08/02/2016 12:44:35] /i fainted shiny tangela
[08/02/2016 12:44:35] /i fainted shiny tangela
[08/02/2016 12:44:36] /i fainted shiny tangela
[08/02/2016 12:44:36] /i fainted shiny tangela
[08/02/2016 12:44:36] /i fainted shiny tangela
[08/02/2016 12:44:36] /i fainted shiny tangela
[08/02/2016 12:44:36] /i fainted shiny tangela
[08/02/2016 12:44:36] /i fainted shiny tangela
[08/02/2016 12:44:36] /i fainted shiny tangela
[08/02/2016 12:44:36] /i fainted shiny tangela
[08/02/2016 12:44:36] /i fainted shiny tangela
[08/02/2016 12:44:36] /i fainted shiny tangela
[08/02/2016 12:44:36] /i fainted shiny tangela
[08/02/2016 12:44:36] /i fainted shiny tangela
[08/02/2016 12:44:36] /i fainted shiny tangela
[08/02/2016 12:44:36] /i fainted shiny tangela
[08/02/2016 12:45:45] /b Lembrando Double XP e Catch.
[08/02/2016 12:45:46] /b Lembrando Double XP e Catch.
[08/02/2016 12:45:47] /b Lembrando Double XP e Catch.
[08/02/2016 12:45:59] /b Somente até amanhã
[08/02/2016 12:46:24] /i fainted charizard
[08/02/2016 12:46:24] /i fainted charizard
[08/02/2016 12:46:24] /i fainted charizard
[08/02/2016 12:46:25] /i fainted charizard
[08/02/2016 12:46:25] /i fainted charizard
[08/02/2016 12:46:26] /i fainted charizard
[08/02/2016 12:46:26] /i fainted charizard
[08/02/2016 12:46:26] /i fainted charizard
[08/02/2016 12:46:27] /i fainted charizard
[08/02/2016 12:46:27] /i fainted charizard
[08/02/2016 12:46:27] /i fainted charizard
[08/02/2016 12:46:28] /i fainted charizard
[08/02/2016 12:46:28] /i fainted charizard
[08/02/2016 12:46:36] /i fainted charizard
[08/02/2016 12:46:36] /i fainted charizard
[08/02/2016 12:46:36] /i fainted charizard
[08/02/2016 12:46:36] /i fainted charizard
[08/02/2016 12:46:37] /i fainted charizard
[08/02/2016 12:46:37] /i fainted charizard
[08/02/2016 12:46:37] /i fainted charizard
[08/02/2016 12:46:37] /i fainted charizard
[08/02/2016 12:46:37] /i fainted charizard
[08/02/2016 12:46:37] /i fainted charizard
[08/02/2016 12:46:37] /i fainted charizard
[08/02/2016 12:46:37] /i fainted charizard
[08/02/2016 12:46:37] /i fainted charizard
[08/02/2016 12:46:37] /i fainted charizard
[08/02/2016 12:46:37] /i fainted charizard
[08/02/2016 12:46:37] /i fainted charizard
[08/02/2016 12:46:37] /i fainted charizard
[08/02/2016 12:46:37] /i fainted charizard
[08/02/2016 12:46:37] /i fainted charizard
[08/02/2016 12:46:37] /i fainted charizard
[08/02/2016 12:46:37] /i fainted charizard
[08/02/2016 12:46:37] /i fainted charizard
[08/02/2016 12:46:37] /i fainted charizard
[08/02/2016 12:46:37] /i fainted charizard
[08/02/2016 12:46:37] /i fainted charizard
[08/02/2016 12:46:37] /i fainted charizard
[08/02/2016 12:46:38] /i fainted charizard
[08/02/2016 12:46:38] /i fainted charizard
[08/02/2016 12:46:38] /i fainted charizard
[08/02/2016 12:46:38] /i fainted charizard
[08/02/2016 12:46:38] /i fainted charizard
[08/02/2016 12:46:39] /i fainted charizard
[08/02/2016 12:46:39] /i fainted charizard
[08/02/2016 12:46:39] /i fainted charizard
[08/02/2016 12:46:39] /i fainted charizard
[08/02/2016 12:46:39] /i fainted charizard
[08/02/2016 12:46:39] /i fainted charizard
[08/02/2016 12:46:39] /i fainted charizard
[08/02/2016 12:46:39] /i fainted charizard
[08/02/2016 12:46:39] /i fainted charizard
[08/02/2016 12:46:40] /i fainted charizard
[08/02/2016 12:46:40] /i fainted charizard
[08/02/2016 12:46:40] /i fainted charizard
[08/02/2016 12:46:40] /i fainted charizard
[08/02/2016 12:47:50] /c yagami
[08/02/2016 12:48:14] /i fainted charizard
[08/02/2016 12:49:23] /i shiny poke box +2
[08/02/2016 12:49:28] /i shiny poke box +2
[08/02/2016 12:50:51] /n dalk
[08/02/2016 12:51:49] /t yagami
[08/02/2016 12:52:17] /bc green Yagami Foi o Vencedor do Sorteio Povo, Por isso ele tem 7 Dias Vip e 1 Shiny Box Poke +2
[08/02/2016 12:52:41] /goto [Dono] Hisoka Fail
[08/02/2016 12:53:03] /town 5
[08/02/2016 12:54:23] /c yagami
[08/02/2016 12:54:47] /t yagami
[08/02/2016 12:56:48] /spy Jesus Faz Backup
[08/02/2016 12:58:19] /t Jesus Faz Backup
[08/02/2016 12:59:51] /i fainted charizard
[08/02/2016 12:59:51] /i fainted charizard
[08/02/2016 12:59:51] /i fainted charizard
[08/02/2016 12:59:51] /i fainted charizard
[08/02/2016 12:59:51] /i fainted charizard
[08/02/2016 12:59:51] /i fainted charizard
[08/02/2016 12:59:51] /i fainted charizard
[08/02/2016 12:59:51] /i fainted charizard
[08/02/2016 12:59:51] /i fainted charizard
[08/02/2016 12:59:51] /i fainted charizard
[08/02/2016 12:59:52] /i fainted charizard
[08/02/2016 12:59:52] /i fainted charizard
[08/02/2016 12:59:52] /i fainted charizard
[08/02/2016 12:59:52] /i fainted charizard
[08/02/2016 12:59:52] /i fainted charizard
[08/02/2016 12:59:52] /i fainted charizard
[08/02/2016 12:59:52] /i fainted charizard
[08/02/2016 12:59:52] /i fainted charizard
[08/02/2016 12:59:52] /i fainted charizard
[08/02/2016 12:59:52] /i fainted charizard
[08/02/2016 12:59:52] /i fainted charizard
[08/02/2016 12:59:52] /i fainted charizard
[08/02/2016 12:59:52] /i fainted charizard
[08/02/2016 12:59:52] /i fainted charizard
[08/02/2016 12:59:52] /i fainted charizard
[08/02/2016 12:59:52] /i fainted charizard
[08/02/2016 12:59:52] /i fainted charizard
[08/02/2016 12:59:52] /i fainted charizard
[08/02/2016 12:59:52] /i fainted charizard
[08/02/2016 12:59:52] /i fainted charizard
[08/02/2016 12:59:52] /i fainted charizard
[08/02/2016 12:59:52] /i fainted charizard
[08/02/2016 12:59:52] /i fainted charizard
[08/02/2016 12:59:52] /i fainted charizard
[08/02/2016 12:59:52] /i fainted charizard
[08/02/2016 12:59:52] /i fainted charizard
[08/02/2016 12:59:52] /i fainted charizard
[08/02/2016 12:59:52] /i fainted charizard
[08/02/2016 12:59:53] /i fainted charizard
[08/02/2016 12:59:53] /i fainted charizard
[08/02/2016 12:59:53] /i fainted charizard
[08/02/2016 12:59:53] /i fainted charizard
[08/02/2016 12:59:53] /i fainted charizard
[08/02/2016 12:59:53] /i fainted charizard
[08/02/2016 12:59:53] /i fainted charizard
[08/02/2016 12:59:53] /i fainted charizard
[08/02/2016 12:59:53] /i fainted charizard
[08/02/2016 12:59:53] /i fainted charizard
[08/02/2016 12:59:53] /i fainted charizard
[08/02/2016 12:59:53] /i fainted charizard
[08/02/2016 12:59:53] /i fainted charizard
[08/02/2016 12:59:53] /i fainted charizard
[08/02/2016 12:59:53] /i fainted charizard
[08/02/2016 12:59:53] /i fainted charizard
[08/02/2016 12:59:53] /i fainted charizard
[08/02/2016 12:59:53] /i fainted charizard
[08/02/2016 12:59:53] /i fainted charizard
[08/02/2016 12:59:53] /i fainted charizard
[08/02/2016 12:59:53] /i fainted charizard
[08/02/2016 12:59:53] /i fainted charizard
[08/02/2016 12:59:53] /i fainted charizard
[08/02/2016 12:59:53] /i fainted charizard
[08/02/2016 12:59:53] /i fainted charizard
[08/02/2016 12:59:53] /i fainted charizard
[08/02/2016 12:59:53] /i fainted charizard
[08/02/2016 12:59:53] /i fainted charizard
[08/02/2016 12:59:54] /i fainted charizard
[08/02/2016 12:59:54] /i fainted charizard
[08/02/2016 12:59:54] /i fainted charizard
[08/02/2016 12:59:54] /i fainted charizard
[08/02/2016 12:59:54] /i fainted charizard
[08/02/2016 13:00:07] /reload actions
[08/02/2016 13:01:51] /i fainted oddish
[08/02/2016 13:01:53] /i fainted oddish
[08/02/2016 13:01:54] /i fainted oddish
[08/02/2016 13:01:54] /i fainted oddish
[08/02/2016 13:01:59] /i fainted charizard
[08/02/2016 13:01:59] /i fainted charizard
[08/02/2016 13:01:59] /i fainted charizard
[08/02/2016 13:01:59] /i fainted charizard
[08/02/2016 13:01:59] /i fainted charizard
[08/02/2016 13:01:59] /i fainted charizard
[08/02/2016 13:01:59] /i fainted charizard
[08/02/2016 13:02:00] /i fainted charizard
[08/02/2016 13:02:00] /i fainted charizard
[08/02/2016 13:02:00] /i fainted charizard
[08/02/2016 13:02:00] /i fainted charizard
[08/02/2016 13:02:00] /i fainted charizard
[08/02/2016 13:02:00] /i fainted charizard
[08/02/2016 13:02:00] /i fainted charizard
[08/02/2016 13:02:00] /i fainted charizard
[08/02/2016 13:02:00] /i fainted charizard
[08/02/2016 13:02:00] /i fainted charizard
[08/02/2016 13:02:00] /i fainted charizard
[08/02/2016 13:02:00] /i fainted charizard
[08/02/2016 13:02:00] /i fainted charizard
[08/02/2016 13:02:00] /i fainted charizard
[08/02/2016 13:02:00] /i fainted charizard
[08/02/2016 13:02:00] /i fainted charizard
[08/02/2016 13:02:00] /i fainted charizard
[08/02/2016 13:02:00] /i fainted charizard
[08/02/2016 13:02:00] /i fainted charizard
[08/02/2016 13:02:00] /i fainted charizard
[08/02/2016 13:02:00] /i fainted charizard
[08/02/2016 13:02:00] /i fainted charizard
[08/02/2016 13:02:00] /i fainted charizard
[08/02/2016 13:02:00] /i fainted charizard
[08/02/2016 13:02:01] /i fainted charizard
[08/02/2016 13:02:01] /i fainted charizard
[08/02/2016 13:02:01] /i fainted charizard
[08/02/2016 13:02:01] /i fainted charizard
[08/02/2016 13:02:01] /i fainted charizard
[08/02/2016 13:02:01] /i fainted charizard
[08/02/2016 13:02:01] /i fainted charizard
[08/02/2016 13:02:01] /i fainted charizard
[08/02/2016 13:02:01] /i fainted charizard
[08/02/2016 13:02:01] /i fainted charizard
[08/02/2016 13:02:01] /i fainted charizard
[08/02/2016 13:02:01] /i fainted charizard
[08/02/2016 13:02:01] /i fainted charizard
[08/02/2016 13:02:01] /i fainted charizard
[08/02/2016 13:02:10] /i fainted charizard
[08/02/2016 13:02:10] /i fainted charizard
[08/02/2016 13:02:10] /i fainted charizard
[08/02/2016 13:02:10] /i fainted charizard
[08/02/2016 13:02:10] /i fainted charizard
[08/02/2016 13:02:11] /i fainted charizard
[08/02/2016 13:02:11] /i fainted charizard
[08/02/2016 13:02:11] /i fainted charizard
[08/02/2016 13:02:11] /i fainted charizard
[08/02/2016 13:02:11] /i fainted charizard
[08/02/2016 13:02:11] /i fainted charizard
[08/02/2016 13:02:11] /i fainted charizard
[08/02/2016 13:02:11] /i fainted charizard
[08/02/2016 13:02:11] /i fainted charizard
[08/02/2016 13:02:11] /i fainted charizard
[08/02/2016 13:02:11] /i fainted charizard
[08/02/2016 13:02:11] /i fainted charizard
[08/02/2016 13:02:11] /i fainted charizard
[08/02/2016 13:02:11] /i fainted charizard
[08/02/2016 13:02:11] /i fainted charizard
[08/02/2016 13:02:11] /i fainted charizard
[08/02/2016 13:02:11] /i fainted charizard
[08/02/2016 13:02:11] /i fainted charizard
[08/02/2016 13:02:11] /i fainted charizard
[08/02/2016 13:02:11] /i fainted charizard
[08/02/2016 13:02:11] /i fainted charizard
[08/02/2016 13:02:11] /i fainted charizard
[08/02/2016 13:02:11] /i fainted charizard
[08/02/2016 13:02:11] /i fainted charizard
[08/02/2016 13:02:11] /i fainted charizard
[08/02/2016 13:02:12] /i fainted charizard
[08/02/2016 13:02:12] /i fainted charizard
[08/02/2016 13:02:12] /i fainted charizard
[08/02/2016 13:02:12] /i fainted charizard
[08/02/2016 13:02:12] /i fainted charizard
[08/02/2016 13:02:12] /i fainted charizard
[08/02/2016 13:02:12] /i fainted charizard
[08/02/2016 13:02:12] /i fainted charizard
[08/02/2016 13:02:12] /i fainted charizard
[08/02/2016 13:02:12] /i fainted charizard
[08/02/2016 13:02:12] /i fainted charizard
[08/02/2016 13:02:12] /i fainted charizard
[08/02/2016 13:02:12] /i fainted charizard
[08/02/2016 13:02:12] /i fainted charizard
[08/02/2016 13:02:12] /i fainted charizard
[08/02/2016 13:02:12] /i fainted charizard
[08/02/2016 13:02:12] /i fainted charizard
[08/02/2016 13:02:12] /i fainted charizard
[08/02/2016 13:02:12] /i fainted charizard
[08/02/2016 13:02:12] /i fainted charizard
[08/02/2016 13:02:12] /i fainted charizard
[08/02/2016 13:02:12] /i fainted charizard
[08/02/2016 13:02:12] /i fainted charizard
[08/02/2016 13:02:12] /i fainted charizard
[08/02/2016 13:02:12] /i fainted charizard
[08/02/2016 13:02:12] /i fainted charizard
[08/02/2016 13:02:13] /i fainted charizard
[08/02/2016 13:02:13] /i fainted charizard
[08/02/2016 13:02:13] /i fainted charizard
[08/02/2016 13:02:13] /i fainted charizard
[08/02/2016 13:02:13] /i fainted charizard
[08/02/2016 13:02:13] /i fainted charizard
[08/02/2016 13:02:13] /i fainted charizard
[08/02/2016 13:02:13] /i fainted charizard
[08/02/2016 13:02:13] /i fainted charizard
[08/02/2016 13:02:13] /i fainted charizard
[08/02/2016 13:02:13] /i fainted charizard
[08/02/2016 13:02:13] /i fainted charizard
[08/02/2016 13:02:13] /i fainted charizard
[08/02/2016 13:02:13] /i fainted charizard
[08/02/2016 13:02:13] /i fainted charizard
[08/02/2016 13:02:13] /i fainted charizard
[08/02/2016 13:02:13] /i fainted charizard
[08/02/2016 13:02:13] /i fainted charizard
[08/02/2016 13:02:13] /i fainted charizard
[08/02/2016 13:02:13] /i fainted charizard
[08/02/2016 13:02:13] /i fainted charizard
[08/02/2016 13:02:13] /i fainted charizard
[08/02/2016 13:02:13] /i fainted charizard
[08/02/2016 13:02:13] /i fainted charizard
[08/02/2016 13:02:13] /i fainted charizard
[08/02/2016 13:02:14] /i fainted charizard
[08/02/2016 13:02:14] /i fainted charizard
[08/02/2016 13:02:14] /i fainted charizard
[08/02/2016 13:02:14] /i fainted charizard
[08/02/2016 13:02:26] /i fainted shiny horsea
[08/02/2016 13:03:09] /i fainted charizard
[08/02/2016 13:03:10] /i fainted charizard
[08/02/2016 13:03:10] /i fainted charizard
[08/02/2016 13:03:10] /i fainted charizard
[08/02/2016 13:03:10] /i fainted charizard
[08/02/2016 13:03:10] /i fainted charizard
[08/02/2016 13:03:10] /i fainted charizard
[08/02/2016 13:03:10] /i fainted charizard
[08/02/2016 13:03:10] /i fainted charizard
[08/02/2016 13:03:10] /i fainted charizard
[08/02/2016 13:03:10] /i fainted charizard
[08/02/2016 13:03:10] /i fainted charizard
[08/02/2016 13:03:10] /i fainted charizard
[08/02/2016 13:03:10] /i fainted charizard
[08/02/2016 13:03:10] /i fainted charizard
[08/02/2016 13:03:10] /i fainted charizard
[08/02/2016 13:03:10] /i fainted charizard
[08/02/2016 13:03:10] /i fainted charizard
[08/02/2016 13:03:10] /i fainted charizard
[08/02/2016 13:03:10] /i fainted charizard
[08/02/2016 13:03:10] /i fainted charizard
[08/02/2016 13:03:10] /i fainted charizard
[08/02/2016 13:03:11] /i fainted charizard
[08/02/2016 13:03:11] /i fainted charizard
[08/02/2016 13:03:11] /i fainted charizard
[08/02/2016 13:03:11] /i fainted charizard
[08/02/2016 13:03:11] /i fainted charizard
[08/02/2016 13:03:11] /i fainted charizard
[08/02/2016 13:03:11] /i fainted charizard
[08/02/2016 13:03:11] /i fainted charizard
[08/02/2016 13:03:11] /i fainted charizard
[08/02/2016 13:03:11] /i fainted charizard
[08/02/2016 13:03:11] /i fainted charizard
[08/02/2016 13:03:11] /i fainted charizard
[08/02/2016 13:03:11] /i fainted charizard
[08/02/2016 13:03:11] /i fainted charizard
[08/02/2016 13:03:11] /i fainted charizard
[08/02/2016 13:03:11] /i fainted charizard
[08/02/2016 13:03:11] /i fainted charizard
[08/02/2016 13:03:11] /i fainted charizard
[08/02/2016 13:03:11] /i fainted charizard
[08/02/2016 13:03:11] /i fainted charizard
[08/02/2016 13:03:11] /i fainted charizard
[08/02/2016 13:03:11] /i fainted charizard
[08/02/2016 13:03:11] /i fainted charizard
[08/02/2016 13:03:11] /i fainted charizard
[08/02/2016 13:03:11] /i fainted charizard
[08/02/2016 13:03:11] /i fainted charizard
[08/02/2016 13:03:11] /i fainted charizard
[08/02/2016 13:03:12] /i fainted charizard
[08/02/2016 13:03:12] /i fainted charizard
[08/02/2016 13:03:12] /i fainted charizard
[08/02/2016 13:03:12] /i fainted charizard
[08/02/2016 13:03:12] /i fainted charizard
[08/02/2016 13:03:12] /i fainted charizard
[08/02/2016 13:03:12] /i fainted charizard
[08/02/2016 13:03:12] /i fainted charizard
[08/02/2016 13:03:12] /i fainted charizard
[08/02/2016 13:03:12] /i fainted charizard
[08/02/2016 13:03:12] /i fainted charizard
[08/02/2016 13:03:12] /i fainted charizard
[08/02/2016 13:03:12] /i fainted charizard
[08/02/2016 13:03:12] /i fainted charizard
[08/02/2016 13:03:12] /i fainted charizard
[08/02/2016 13:03:12] /i fainted charizard
[08/02/2016 13:03:12] /i fainted charizard
[08/02/2016 13:03:12] /i fainted charizard
[08/02/2016 13:03:12] /i fainted charizard
[08/02/2016 13:03:12] /i fainted charizard
[08/02/2016 13:03:12] /i fainted charizard
[08/02/2016 13:03:12] /i fainted charizard
[08/02/2016 13:03:12] /i fainted charizard
[08/02/2016 13:03:12] /i fainted charizard
[08/02/2016 13:03:12] /i fainted charizard
[08/02/2016 13:03:12] /i fainted charizard
[08/02/2016 13:03:12] /i fainted charizard
[08/02/2016 13:03:13] /i fainted charizard
[08/02/2016 13:03:13] /i fainted charizard
[08/02/2016 13:03:13] /i fainted charizard
[08/02/2016 13:03:13] /i fainted charizard
[08/02/2016 13:03:13] /i fainted charizard
[08/02/2016 13:03:13] /i fainted charizard
[08/02/2016 13:03:13] /i fainted charizard
[08/02/2016 13:03:13] /i fainted charizard
[08/02/2016 13:03:13] /i fainted charizard
[08/02/2016 13:03:13] /i fainted charizard
[08/02/2016 13:03:13] /i fainted charizard
[08/02/2016 13:03:13] /i fainted charizard
[08/02/2016 13:03:13] /i fainted charizard
[08/02/2016 13:03:13] /i fainted charizard
[08/02/2016 13:03:13] /i fainted charizard
[08/02/2016 13:03:13] /i fainted charizard
[08/02/2016 13:03:13] /i fainted charizard
[08/02/2016 13:03:13] /i fainted charizard
[08/02/2016 13:03:13] /i fainted charizard
[08/02/2016 13:03:13] /i fainted charizard
[08/02/2016 13:03:13] /i fainted charizard
[08/02/2016 13:03:13] /i fainted charizard
[08/02/2016 13:03:13] /i fainted charizard
[08/02/2016 13:03:13] /i fainted charizard
[08/02/2016 13:03:13] /i fainted charizard
[08/02/2016 13:03:13] /i fainted charizard
[08/02/2016 13:03:13] /i fainted charizard
[08/02/2016 13:03:14] /i fainted charizard
[08/02/2016 13:03:14] /i fainted charizard
[08/02/2016 13:03:14] /i fainted charizard
[08/02/2016 13:03:14] /i fainted charizard
[08/02/2016 13:03:14] /i fainted charizard
[08/02/2016 13:03:14] /i fainted charizard
[08/02/2016 13:03:14] /i fainted charizard
[08/02/2016 13:03:14] /i fainted charizard
[08/02/2016 13:03:14] /i fainted charizard
[08/02/2016 13:03:14] /i fainted charizard
[08/02/2016 13:03:14] /i fainted charizard
[08/02/2016 13:03:14] /i fainted charizard
[08/02/2016 13:03:14] /i fainted charizard
[08/02/2016 13:03:14] /i fainted charizard
[08/02/2016 13:03:14] /i fainted charizard
[08/02/2016 13:03:14] /i fainted charizard
[08/02/2016 13:03:14] /i fainted charizard
[08/02/2016 13:03:14] /i fainted charizard
[08/02/2016 13:03:14] /i fainted charizard
[08/02/2016 13:03:14] /i fainted charizard
[08/02/2016 13:03:14] /i fainted charizard
[08/02/2016 13:03:14] /i fainted charizard
[08/02/2016 13:03:14] /i fainted charizard
[08/02/2016 13:03:14] /i fainted charizard
[08/02/2016 13:03:14] /i fainted charizard
[08/02/2016 13:03:14] /i fainted charizard
[08/02/2016 13:03:14] /i fainted charizard
[08/02/2016 13:03:14] /i fainted charizard
[08/02/2016 13:03:15] /i fainted charizard
[08/02/2016 13:03:15] /i fainted charizard
[08/02/2016 13:03:15] /i fainted charizard
[08/02/2016 13:03:15] /i fainted charizard
[08/02/2016 13:03:15] /i fainted charizard
[08/02/2016 13:03:15] /i fainted charizard
[08/02/2016 13:03:15] /i fainted charizard
[08/02/2016 13:03:15] /i fainted charizard
[08/02/2016 13:03:15] /i fainted charizard
[08/02/2016 13:03:15] /i fainted charizard
[08/02/2016 13:03:15] /i fainted charizard
[08/02/2016 13:03:15] /i fainted charizard
[08/02/2016 13:03:15] /i fainted charizard
[08/02/2016 13:03:15] /i fainted charizard
[08/02/2016 13:03:15] /i fainted charizard
[08/02/2016 13:03:15] /i fainted charizard
[08/02/2016 13:03:15] /i fainted charizard
[08/02/2016 13:03:15] /i fainted charizard
[08/02/2016 13:03:15] /i fainted charizard
[08/02/2016 13:03:15] /i fainted charizard
[08/02/2016 13:03:15] /i fainted charizard
[08/02/2016 13:03:15] /i fainted charizard
[08/02/2016 13:03:15] /i fainted charizard
[08/02/2016 13:03:15] /i fainted charizard
[08/02/2016 13:03:15] /i fainted charizard
[08/02/2016 13:03:15] /i fainted charizard
[08/02/2016 13:03:15] /i fainted charizard
[08/02/2016 13:03:16] /i fainted charizard
[08/02/2016 13:03:16] /i fainted charizard
[08/02/2016 13:03:16] /i fainted charizard
[08/02/2016 13:03:16] /i fainted charizard
[08/02/2016 13:03:16] /i fainted charizard
[08/02/2016 13:03:16] /i fainted charizard
[08/02/2016 13:03:16] /i fainted charizard
[08/02/2016 13:03:16] /i fainted charizard
[08/02/2016 13:03:16] /i fainted charizard
[08/02/2016 13:03:16] /i fainted charizard
[08/02/2016 13:03:16] /i fainted charizard
[08/02/2016 13:03:16] /i fainted charizard
[08/02/2016 13:03:16] /i fainted charizard
[08/02/2016 13:03:16] /i fainted charizard
[08/02/2016 13:03:16] /i fainted charizard
[08/02/2016 13:03:16] /i fainted charizard
[08/02/2016 13:03:16] /i fainted charizard
[08/02/2016 13:03:16] /i fainted charizard
[08/02/2016 13:03:16] /i fainted charizard
[08/02/2016 13:03:16] /i fainted charizard
[08/02/2016 13:03:16] /i fainted charizard
[08/02/2016 13:03:16] /i fainted charizard
[08/02/2016 13:03:16] /i fainted charizard
[08/02/2016 13:03:16] /i fainted charizard
[08/02/2016 13:03:16] /i fainted charizard
[08/02/2016 13:03:16] /i fainted charizard
[08/02/2016 13:03:16] /i fainted charizard
[08/02/2016 13:03:16] /i fainted charizard
[08/02/2016 13:03:17] /i fainted charizard
[08/02/2016 13:03:17] /i fainted charizard
[08/02/2016 13:03:17] /i fainted charizard
[08/02/2016 13:03:17] /i fainted charizard
[08/02/2016 13:03:17] /i fainted charizard
[08/02/2016 13:03:17] /i fainted charizard
[08/02/2016 13:03:17] /i fainted charizard
[08/02/2016 13:03:17] /i fainted charizard
[08/02/2016 13:03:17] /i fainted charizard
[08/02/2016 13:03:17] /i fainted charizard
[08/02/2016 13:03:17] /i fainted charizard
[08/02/2016 13:03:17] /i fainted charizard
[08/02/2016 13:03:17] /i fainted charizard
[08/02/2016 13:03:17] /i fainted charizard
[08/02/2016 13:03:17] /i fainted charizard
[08/02/2016 13:03:17] /i fainted charizard
[08/02/2016 13:03:17] /i fainted charizard
[08/02/2016 13:03:17] /i fainted charizard
[08/02/2016 13:03:17] /i fainted charizard
[08/02/2016 13:03:17] /i fainted charizard
[08/02/2016 13:03:17] /i fainted charizard
[08/02/2016 13:03:17] /i fainted charizard
[08/02/2016 13:03:17] /i fainted charizard
[08/02/2016 13:03:17] /i fainted charizard
[08/02/2016 13:03:17] /i fainted charizard
[08/02/2016 13:03:17] /i fainted charizard
[08/02/2016 13:03:18] /i fainted charizard
[08/02/2016 13:03:18] /i fainted charizard
[08/02/2016 13:03:18] /i fainted charizard
[08/02/2016 13:03:18] /i fainted charizard
[08/02/2016 13:03:18] /i fainted charizard
[08/02/2016 13:03:18] /i fainted charizard
[08/02/2016 13:03:18] /i fainted charizard
[08/02/2016 13:03:18] /i fainted charizard
[08/02/2016 13:03:18] /i fainted charizard
[08/02/2016 13:03:18] /i fainted charizard
[08/02/2016 13:03:18] /i fainted charizard
[08/02/2016 13:03:18] /i fainted charizard
[08/02/2016 13:03:18] /i fainted charizard
[08/02/2016 13:03:18] /i fainted charizard
[08/02/2016 13:03:18] /i fainted charizard
[08/02/2016 13:03:18] /i fainted charizard
[08/02/2016 13:03:18] /i fainted charizard
[08/02/2016 13:03:18] /i fainted charizard
[08/02/2016 13:03:18] /i fainted charizard
[08/02/2016 13:03:18] /i fainted charizard
[08/02/2016 13:03:18] /i fainted charizard
[08/02/2016 13:03:18] /i fainted charizard
[08/02/2016 13:03:18] /i fainted charizard
[08/02/2016 13:03:18] /i fainted charizard
[08/02/2016 13:03:18] /i fainted charizard
[08/02/2016 13:03:18] /i fainted charizard
[08/02/2016 13:03:19] /i fainted charizard
[08/02/2016 13:03:19] /i fainted charizard
[08/02/2016 13:03:19] /i fainted charizard
[08/02/2016 13:03:19] /i fainted charizard
[08/02/2016 13:03:19] /i fainted charizard
[08/02/2016 13:03:19] /i fainted charizard
[08/02/2016 13:03:19] /i fainted charizard
[08/02/2016 13:03:19] /i fainted charizard
[08/02/2016 13:03:19] /i fainted charizard
[08/02/2016 13:03:19] /i fainted charizard
[08/02/2016 13:03:19] /i fainted charizard
[08/02/2016 13:03:19] /i fainted charizard
[08/02/2016 13:03:19] /i fainted charizard
[08/02/2016 13:03:19] /i fainted charizard
[08/02/2016 13:03:19] /i fainted charizard
[08/02/2016 13:03:19] /i fainted charizard
[08/02/2016 13:03:19] /i fainted charizard
[08/02/2016 13:03:19] /i fainted charizard
[08/02/2016 13:03:19] /i fainted charizard
[08/02/2016 13:03:19] /i fainted charizard
[08/02/2016 13:03:19] /i fainted charizard
[08/02/2016 13:03:19] /i fainted charizard
[08/02/2016 13:03:19] /i fainted charizard
[08/02/2016 13:03:19] /i fainted charizard
[08/02/2016 13:03:19] /i fainted charizard
[08/02/2016 13:03:20] /i fainted charizard
[08/02/2016 13:03:20] /i fainted charizard
[08/02/2016 13:03:20] /i fainted charizard
[08/02/2016 13:03:20] /i fainted charizard
[08/02/2016 13:03:20] /i fainted charizard
[08/02/2016 13:03:20] /i fainted charizard
[08/02/2016 13:03:20] /i fainted charizard
[08/02/2016 13:03:20] /i fainted charizard
[08/02/2016 13:03:20] /i fainted charizard
[08/02/2016 13:03:20] /i fainted charizard
[08/02/2016 13:03:20] /i fainted charizard
[08/02/2016 13:03:20] /i fainted charizard
[08/02/2016 13:03:20] /i fainted charizard
[08/02/2016 13:03:20] /i fainted charizard
[08/02/2016 13:03:20] /i fainted charizard
[08/02/2016 13:03:20] /i fainted charizard
[08/02/2016 13:03:20] /i fainted charizard
[08/02/2016 13:03:20] /i fainted charizard
[08/02/2016 13:03:20] /i fainted charizard
[08/02/2016 13:03:20] /i fainted charizard
[08/02/2016 13:03:20] /i fainted charizard
[08/02/2016 13:03:20] /i fainted charizard
[08/02/2016 13:03:20] /i fainted charizard
[08/02/2016 13:03:20] /i fainted charizard
[08/02/2016 13:03:20] /i fainted charizard
[08/02/2016 13:03:20] /i fainted charizard
[08/02/2016 13:03:20] /i fainted charizard
[08/02/2016 13:03:20] /i fainted charizard
[08/02/2016 13:03:20] /i fainted charizard
[08/02/2016 13:03:21] /i fainted charizard
[08/02/2016 13:03:21] /i fainted charizard
[08/02/2016 13:03:21] /i fainted charizard
[08/02/2016 13:03:21] /i fainted charizard
[08/02/2016 13:03:21] /i fainted charizard
[08/02/2016 13:03:21] /i fainted charizard
[08/02/2016 13:03:21] /i fainted charizard
[08/02/2016 13:03:21] /i fainted charizard
[08/02/2016 13:03:21] /i fainted charizard
[08/02/2016 13:03:21] /i fainted charizard
[08/02/2016 13:03:21] /i fainted charizard
[08/02/2016 13:03:21] /i fainted charizard
[08/02/2016 13:03:21] /i fainted charizard
[08/02/2016 13:03:21] /i fainted charizard
[08/02/2016 13:03:21] /i fainted charizard
[08/02/2016 13:03:21] /i fainted charizard
[08/02/2016 13:03:21] /i fainted charizard
[08/02/2016 13:03:21] /i fainted charizard
[08/02/2016 13:03:21] /i fainted charizard
[08/02/2016 13:03:21] /i fainted charizard
[08/02/2016 13:03:21] /i fainted charizard
[08/02/2016 13:03:21] /i fainted charizard
[08/02/2016 13:03:21] /i fainted charizard
[08/02/2016 13:03:21] /i fainted charizard
[08/02/2016 13:03:21] /i fainted charizard
[08/02/2016 13:03:21] /i fainted charizard
[08/02/2016 13:03:21] /i fainted charizard
[08/02/2016 13:03:22] /i fainted charizard
[08/02/2016 13:03:22] /i fainted charizard
[08/02/2016 13:03:22] /i fainted charizard
[08/02/2016 13:03:22] /i fainted charizard
[08/02/2016 13:03:22] /i fainted charizard
[08/02/2016 13:03:22] /i fainted charizard
[08/02/2016 13:03:22] /i fainted charizard
[08/02/2016 13:03:22] /i fainted charizard
[08/02/2016 13:03:22] /i fainted charizard
[08/02/2016 13:03:22] /i fainted charizard
[08/02/2016 13:03:22] /i fainted charizard
[08/02/2016 13:03:22] /i fainted charizard
[08/02/2016 13:03:22] /i fainted charizard
[08/02/2016 13:03:22] /i fainted charizard
[08/02/2016 13:03:22] /i fainted charizard
[08/02/2016 13:03:22] /i fainted charizard
[08/02/2016 13:03:22] /i fainted charizard
[08/02/2016 13:03:22] /i fainted charizard
[08/02/2016 13:03:22] /i fainted charizard
[08/02/2016 13:03:22] /i fainted charizard
[08/02/2016 13:03:22] /i fainted charizard
[08/02/2016 13:03:22] /i fainted charizard
[08/02/2016 13:03:22] /i fainted charizard
[08/02/2016 13:03:22] /i fainted charizard
[08/02/2016 13:03:22] /i fainted charizard
[08/02/2016 13:03:23] /i fainted charizard
[08/02/2016 13:03:23] /i fainted charizard
[08/02/2016 13:03:23] /i fainted charizard
[08/02/2016 13:03:23] /i fainted charizard
[08/02/2016 13:03:23] /i fainted charizard
[08/02/2016 13:03:23] /i fainted charizard
[08/02/2016 13:03:23] /i fainted charizard
[08/02/2016 13:03:23] /i fainted charizard
[08/02/2016 13:03:23] /i fainted charizard
[08/02/2016 13:03:23] /i fainted charizard
[08/02/2016 13:03:23] /i fainted charizard
[08/02/2016 13:03:23] /i fainted charizard
[08/02/2016 13:03:23] /i fainted charizard
[08/02/2016 13:03:23] /i fainted charizard
[08/02/2016 13:03:23] /i fainted charizard
[08/02/2016 13:03:23] /i fainted charizard
[08/02/2016 13:03:23] /i fainted charizard
[08/02/2016 13:03:23] /i fainted charizard
[08/02/2016 13:03:23] /i fainted charizard
[08/02/2016 13:03:23] /i fainted charizard
[08/02/2016 13:03:23] /i fainted charizard
[08/02/2016 13:03:23] /i fainted charizard
[08/02/2016 13:03:23] /i fainted charizard
[08/02/2016 13:03:23] /i fainted charizard
[08/02/2016 13:03:23] /i fainted charizard
[08/02/2016 13:03:23] /i fainted charizard
[08/02/2016 13:03:23] /i fainted charizard
[08/02/2016 13:03:24] /i fainted charizard
[08/02/2016 13:03:24] /i fainted charizard
[08/02/2016 13:03:24] /i fainted charizard
[08/02/2016 13:03:24] /i fainted charizard
[08/02/2016 13:03:24] /i fainted charizard
[08/02/2016 13:03:24] /i fainted charizard
[08/02/2016 13:03:24] /i fainted charizard
[08/02/2016 13:03:24] /i fainted charizard
[08/02/2016 13:03:24] /i fainted charizard
[08/02/2016 13:03:24] /i fainted charizard
[08/02/2016 13:03:24] /i fainted charizard
[08/02/2016 13:03:24] /i fainted charizard
[08/02/2016 13:03:24] /i fainted charizard
[08/02/2016 13:03:24] /i fainted charizard
[08/02/2016 13:03:24] /i fainted charizard
[08/02/2016 13:03:24] /i fainted charizard
[08/02/2016 13:03:24] /i fainted charizard
[08/02/2016 13:03:24] /i fainted charizard
[08/02/2016 13:03:24] /i fainted charizard
[08/02/2016 13:03:24] /i fainted charizard
[08/02/2016 13:03:24] /i fainted charizard
[08/02/2016 13:03:24] /i fainted charizard
[08/02/2016 13:03:24] /i fainted charizard
[08/02/2016 13:03:24] /i fainted charizard
[08/02/2016 13:03:24] /i fainted charizard
[08/02/2016 13:03:24] /i fainted charizard
[08/02/2016 13:03:25] /i fainted charizard
[08/02/2016 13:03:25] /i fainted charizard
[08/02/2016 13:03:25] /i fainted charizard
[08/02/2016 13:03:25] /i fainted charizard
[08/02/2016 13:03:25] /i fainted charizard
[08/02/2016 13:03:25] /i fainted charizard
[08/02/2016 13:03:25] /i fainted charizard
[08/02/2016 13:03:25] /i fainted charizard
[08/02/2016 13:03:25] /i fainted charizard
[08/02/2016 13:03:25] /i fainted charizard
[08/02/2016 13:03:25] /i fainted charizard
[08/02/2016 13:03:25] /i fainted charizard
[08/02/2016 13:03:25] /i fainted charizard
[08/02/2016 13:03:25] /i fainted charizard
[08/02/2016 13:03:25] /i fainted charizard
[08/02/2016 13:03:25] /i fainted charizard
[08/02/2016 13:03:25] /i fainted charizard
[08/02/2016 13:03:25] /i fainted charizard
[08/02/2016 13:03:25] /i fainted charizard
[08/02/2016 13:03:25] /i fainted charizard
[08/02/2016 13:03:25] /i fainted charizard
[08/02/2016 13:03:25] /i fainted charizard
[08/02/2016 13:03:25] /i fainted charizard
[08/02/2016 13:03:25] /i fainted charizard
[08/02/2016 13:03:25] /i fainted charizard
[08/02/2016 13:03:25] /i fainted charizard
[08/02/2016 13:03:25] /i fainted charizard
[08/02/2016 13:03:26] /i fainted charizard
[08/02/2016 13:03:26] /i fainted charizard
[08/02/2016 13:03:26] /i fainted charizard
[08/02/2016 13:03:26] /i fainted charizard
[08/02/2016 13:03:26] /i fainted charizard
[08/02/2016 13:03:26] /i fainted charizard
[08/02/2016 13:03:26] /i fainted charizard
[08/02/2016 13:03:26] /i fainted charizard
[08/02/2016 13:03:26] /i fainted charizard
[08/02/2016 13:03:26] /i fainted charizard
[08/02/2016 13:03:26] /i fainted charizard
[08/02/2016 13:03:26] /i fainted charizard
[08/02/2016 13:03:26] /i fainted charizard
[08/02/2016 13:03:26] /i fainted charizard
[08/02/2016 13:03:26] /i fainted charizard
[08/02/2016 13:03:26] /i fainted charizard
[08/02/2016 13:03:26] /i fainted charizard
[08/02/2016 13:03:26] /i fainted charizard
[08/02/2016 13:03:26] /i fainted charizard
[08/02/2016 13:03:26] /i fainted charizard
[08/02/2016 13:03:26] /i fainted charizard
[08/02/2016 13:03:26] /i fainted charizard
[08/02/2016 13:03:26] /i fainted charizard
[08/02/2016 13:03:26] /i fainted charizard
[08/02/2016 13:03:26] /i fainted charizard
[08/02/2016 13:03:26] /i fainted charizard
[08/02/2016 13:03:26] /i fainted charizard
[08/02/2016 13:03:27] /i fainted charizard
[08/02/2016 13:03:27] /i fainted charizard
[08/02/2016 13:03:27] /i fainted charizard
[08/02/2016 13:03:27] /i fainted charizard
[08/02/2016 13:03:27] /i fainted charizard
[08/02/2016 13:03:27] /i fainted charizard
[08/02/2016 13:03:27] /i fainted charizard
[08/02/2016 13:03:27] /i fainted charizard
[08/02/2016 13:03:27] /i fainted charizard
[08/02/2016 13:03:27] /i fainted charizard
[08/02/2016 13:03:27] /i fainted charizard
[08/02/2016 13:03:27] /i fainted charizard
[08/02/2016 13:03:27] /i fainted charizard
[08/02/2016 13:03:27] /i fainted charizard
[08/02/2016 13:03:27] /i fainted charizard
[08/02/2016 13:03:27] /i fainted charizard
[08/02/2016 13:03:27] /i fainted charizard
[08/02/2016 13:03:27] /i fainted charizard
[08/02/2016 13:03:27] /i fainted charizard
[08/02/2016 13:03:27] /i fainted charizard
[08/02/2016 13:03:27] /i fainted charizard
[08/02/2016 13:03:27] /i fainted charizard
[08/02/2016 13:03:27] /i fainted charizard
[08/02/2016 13:03:27] /i fainted charizard
[08/02/2016 13:03:27] /i fainted charizard
[08/02/2016 13:03:28] /i fainted charizard
[08/02/2016 13:03:28] /i fainted charizard
[08/02/2016 13:03:28] /i fainted charizard
[08/02/2016 13:03:28] /i fainted charizard
[08/02/2016 13:03:28] /i fainted charizard
[08/02/2016 13:03:28] /i fainted charizard
[08/02/2016 13:03:28] /i fainted charizard
[08/02/2016 13:03:28] /i fainted charizard
[08/02/2016 13:03:28] /i fainted charizard
[08/02/2016 13:03:28] /i fainted charizard
[08/02/2016 13:03:28] /i fainted charizard
[08/02/2016 13:03:28] /i fainted charizard
[08/02/2016 13:03:28] /i fainted charizard
[08/02/2016 13:03:28] /i fainted charizard
[08/02/2016 13:03:28] /i fainted charizard
[08/02/2016 13:03:28] /i fainted charizard
[08/02/2016 13:03:28] /i fainted charizard
[08/02/2016 13:03:28] /i fainted charizard
[08/02/2016 13:03:28] /i fainted charizard
[08/02/2016 13:03:28] /i fainted charizard
[08/02/2016 13:03:28] /i fainted charizard
[08/02/2016 13:03:28] /i fainted charizard
[08/02/2016 13:03:28] /i fainted charizard
[08/02/2016 13:03:52] /i fainted shiny charizard
[08/02/2016 13:03:52] /i fainted shiny charizard
[08/02/2016 13:03:53] /i fainted shiny charizard
[08/02/2016 13:03:53] /i fainted shiny charizard
[08/02/2016 13:03:53] /i fainted shiny charizard
[08/02/2016 13:03:54] /i fainted shiny charizard
[08/02/2016 13:03:54] /i fainted shiny charizard
[08/02/2016 13:03:54] /i fainted shiny charizard
[08/02/2016 13:03:54] /i fainted shiny charizard
[08/02/2016 13:03:54] /i fainted shiny charizard
[08/02/2016 13:03:54] /i fainted shiny charizard
[08/02/2016 13:03:54] /i fainted shiny charizard
[08/02/2016 13:03:54] /i fainted shiny charizard
[08/02/2016 13:03:54] /i fainted shiny charizard
[08/02/2016 13:03:54] /i fainted shiny charizard
[08/02/2016 13:03:54] /i fainted shiny charizard
[08/02/2016 13:03:54] /i fainted shiny charizard
[08/02/2016 13:03:54] /i fainted shiny charizard
[08/02/2016 13:03:54] /i fainted shiny charizard
[08/02/2016 13:03:54] /i fainted shiny charizard
[08/02/2016 13:03:54] /i fainted shiny charizard
[08/02/2016 13:03:54] /i fainted shiny charizard
[08/02/2016 13:03:54] /i fainted shiny charizard
[08/02/2016 13:03:54] /i fainted shiny charizard
[08/02/2016 13:03:54] /i fainted shiny charizard
[08/02/2016 13:03:54] /i fainted shiny charizard
[08/02/2016 13:03:54] /i fainted shiny charizard
[08/02/2016 13:03:54] /i fainted shiny charizard
[08/02/2016 13:03:54] /i fainted shiny charizard
[08/02/2016 13:03:54] /i fainted shiny charizard
[08/02/2016 13:03:54] /i fainted shiny charizard
[08/02/2016 13:03:54] /i fainted shiny charizard
[08/02/2016 13:03:54] /i fainted shiny charizard
[08/02/2016 13:03:54] /i fainted shiny charizard
[08/02/2016 13:03:54] /i fainted shiny charizard
[08/02/2016 13:03:54] /i fainted shiny charizard
[08/02/2016 13:03:54] /i fainted shiny charizard
[08/02/2016 13:03:54] /i fainted shiny charizard
[08/02/2016 13:03:54] /i fainted shiny charizard
[08/02/2016 13:03:54] /i fainted shiny charizard
[08/02/2016 13:03:54] /i fainted shiny charizard
[08/02/2016 13:03:54] /i fainted shiny charizard
[08/02/2016 13:03:55] /i fainted shiny charizard
[08/02/2016 13:03:55] /i fainted shiny charizard
[08/02/2016 13:03:55] /i fainted shiny charizard
[08/02/2016 13:03:55] /i fainted shiny charizard
[08/02/2016 13:03:55] /i fainted shiny charizard
[08/02/2016 13:03:55] /i fainted shiny charizard
[08/02/2016 13:03:55] /i fainted shiny charizard
[08/02/2016 13:03:55] /i fainted shiny charizard
[08/02/2016 13:03:55] /i fainted shiny charizard
[08/02/2016 13:03:55] /i fainted shiny charizard
[08/02/2016 13:03:55] /i fainted shiny charizard
[08/02/2016 13:03:55] /i fainted shiny charizard
[08/02/2016 13:03:55] /i fainted shiny charizard
[08/02/2016 13:03:55] /i fainted shiny charizard
[08/02/2016 13:03:55] /i fainted shiny charizard
[08/02/2016 13:03:55] /i fainted shiny charizard
[08/02/2016 13:03:55] /i fainted shiny charizard
[08/02/2016 13:03:55] /i fainted shiny charizard
[08/02/2016 13:03:55] /i fainted shiny charizard
[08/02/2016 13:03:55] /i fainted shiny charizard
[08/02/2016 13:03:55] /i fainted shiny charizard
[08/02/2016 13:03:55] /i fainted shiny charizard
[08/02/2016 13:03:55] /i fainted shiny charizard
[08/02/2016 13:03:55] /i fainted shiny charizard
[08/02/2016 13:03:55] /i fainted shiny charizard
[08/02/2016 13:03:56] /i fainted shiny charizard
[08/02/2016 13:03:56] /i fainted shiny charizard
[08/02/2016 13:03:56] /i fainted shiny charizard
[08/02/2016 13:03:56] /i fainted shiny charizard
[08/02/2016 13:03:56] /i fainted shiny charizard
[08/02/2016 13:03:56] /i fainted shiny charizard
[08/02/2016 13:04:05] /i fainted shiny charizard
[08/02/2016 13:04:06] /i fainted shiny charizard
[08/02/2016 13:04:06] /i fainted shiny charizard
[08/02/2016 13:04:06] /i fainted shiny charizard
[08/02/2016 13:04:06] /i fainted shiny charizard
[08/02/2016 13:04:06] /i fainted shiny charizard
[08/02/2016 13:04:06] /i fainted shiny charizard
[08/02/2016 13:04:06] /i fainted shiny charizard
[08/02/2016 13:04:06] /i fainted shiny charizard
[08/02/2016 13:04:06] /i fainted shiny charizard
[08/02/2016 13:04:06] /i fainted shiny charizard
[08/02/2016 13:04:06] /i fainted shiny charizard
[08/02/2016 13:04:06] /i fainted shiny charizard
[08/02/2016 13:04:06] /i fainted shiny charizard
[08/02/2016 13:04:06] /i fainted shiny charizard
[08/02/2016 13:04:06] /i fainted shiny charizard
[08/02/2016 13:04:06] /i fainted shiny charizard
[08/02/2016 13:04:06] /i fainted shiny charizard
[08/02/2016 13:04:06] /i fainted shiny charizard
[08/02/2016 13:04:06] /i fainted shiny charizard
[08/02/2016 13:04:06] /i fainted shiny charizard
[08/02/2016 13:04:06] /i fainted shiny charizard
[08/02/2016 13:04:06] /i fainted shiny charizard
[08/02/2016 13:04:06] /i fainted shiny charizard
[08/02/2016 13:04:06] /i fainted shiny charizard
[08/02/2016 13:04:07] /i fainted shiny charizard
[08/02/2016 13:04:07] /i fainted shiny charizard
[08/02/2016 13:04:07] /i fainted shiny charizard
[08/02/2016 13:04:07] /i fainted shiny charizard
[08/02/2016 13:04:07] /i fainted shiny charizard
[08/02/2016 13:04:07] /i fainted shiny charizard
[08/02/2016 13:04:07] /i fainted shiny charizard
[08/02/2016 13:04:07] /i fainted shiny charizard
[08/02/2016 13:04:07] /i fainted shiny charizard
[08/02/2016 13:04:07] /i fainted shiny charizard
[08/02/2016 13:04:07] /i fainted shiny charizard
[08/02/2016 13:04:07] /i fainted shiny charizard
[08/02/2016 13:04:07] /i fainted shiny charizard
[08/02/2016 13:04:07] /i fainted shiny charizard
[08/02/2016 13:04:07] /i fainted shiny charizard
[08/02/2016 13:04:07] /i fainted shiny charizard
[08/02/2016 13:04:07] /i fainted shiny charizard
[08/02/2016 13:04:07] /i fainted shiny charizard
[08/02/2016 13:04:07] /i fainted shiny charizard
[08/02/2016 13:04:07] /i fainted shiny charizard
[08/02/2016 13:04:07] /i fainted shiny charizard
[08/02/2016 13:04:07] /i fainted shiny charizard
[08/02/2016 13:04:07] /i fainted shiny charizard
[08/02/2016 13:04:07] /i fainted shiny charizard
[08/02/2016 13:04:07] /i fainted shiny charizard
[08/02/2016 13:04:07] /i fainted shiny charizard
[08/02/2016 13:04:08] /i fainted shiny charizard
[08/02/2016 13:04:08] /i fainted shiny charizard
[08/02/2016 13:04:08] /i fainted shiny charizard
[08/02/2016 13:04:08] /i fainted shiny charizard
[08/02/2016 13:04:08] /i fainted shiny charizard
[08/02/2016 13:04:08] /i fainted shiny charizard
[08/02/2016 13:04:08] /i fainted shiny charizard
[08/02/2016 13:04:08] /i fainted shiny charizard
[08/02/2016 13:04:08] /i fainted shiny charizard
[08/02/2016 13:04:08] /i fainted shiny charizard
[08/02/2016 13:04:08] /i fainted shiny charizard
[08/02/2016 13:04:08] /i fainted shiny charizard
[08/02/2016 13:04:08] /i fainted shiny charizard
[08/02/2016 13:04:08] /i fainted shiny charizard
[08/02/2016 13:04:08] /i fainted shiny charizard
[08/02/2016 13:04:08] /i fainted shiny charizard
[08/02/2016 13:04:08] /i fainted shiny charizard
[08/02/2016 13:04:08] /i fainted shiny charizard
[08/02/2016 13:04:08] /i fainted shiny charizard
[08/02/2016 13:04:08] /i fainted shiny charizard
[08/02/2016 13:04:08] /i fainted shiny charizard
[08/02/2016 13:04:08] /i fainted shiny charizard
[08/02/2016 13:04:08] /i fainted shiny charizard
[08/02/2016 13:05:08] /i fainted gardevoir
[08/02/2016 13:05:09] /i fainted gardevoir
[08/02/2016 13:05:09] /i fainted gardevoir
[08/02/2016 13:05:09] /i fainted gardevoir
[08/02/2016 13:05:09] /i fainted gardevoir
[08/02/2016 13:05:09] /i fainted gardevoir
[08/02/2016 13:05:09] /i fainted gardevoir
[08/02/2016 13:05:09] /i fainted gardevoir
[08/02/2016 13:05:09] /i fainted gardevoir
[08/02/2016 13:05:09] /i fainted gardevoir
[08/02/2016 13:05:09] /i fainted gardevoir
[08/02/2016 13:05:09] /i fainted gardevoir
[08/02/2016 13:05:09] /i fainted gardevoir
[08/02/2016 13:05:09] /i fainted gardevoir
[08/02/2016 13:05:09] /i fainted gardevoir
[08/02/2016 13:05:09] /i fainted gardevoir
[08/02/2016 13:05:09] /i fainted gardevoir
[08/02/2016 13:05:09] /i fainted gardevoir
[08/02/2016 13:05:09] /i fainted gardevoir
[08/02/2016 13:05:09] /i fainted gardevoir
[08/02/2016 13:05:09] /i fainted gardevoir
[08/02/2016 13:05:09] /i fainted gardevoir
[08/02/2016 13:05:09] /i fainted gardevoir
[08/02/2016 13:05:09] /i fainted gardevoir
[08/02/2016 13:05:09] /i fainted gardevoir
[08/02/2016 13:05:09] /i fainted gardevoir
[08/02/2016 13:05:10] /i fainted gardevoir
[08/02/2016 13:05:10] /i fainted gardevoir
[08/02/2016 13:05:10] /i fainted gardevoir
[08/02/2016 13:05:10] /i fainted gardevoir
[08/02/2016 13:05:10] /i fainted gardevoir
[08/02/2016 13:05:10] /i fainted gardevoir
[08/02/2016 13:05:10] /i fainted gardevoir
[08/02/2016 13:05:10] /i fainted gardevoir
[08/02/2016 13:05:10] /i fainted gardevoir
[08/02/2016 13:05:10] /i fainted gardevoir
[08/02/2016 13:05:10] /i fainted gardevoir
[08/02/2016 13:05:10] /i fainted gardevoir
[08/02/2016 13:05:10] /i fainted gardevoir
[08/02/2016 13:05:10] /i fainted gardevoir
[08/02/2016 13:05:10] /i fainted gardevoir
[08/02/2016 13:05:10] /i fainted gardevoir
[08/02/2016 13:05:10] /i fainted gardevoir
[08/02/2016 13:05:10] /i fainted gardevoir
[08/02/2016 13:05:10] /i fainted gardevoir
[08/02/2016 13:05:10] /i fainted gardevoir
[08/02/2016 13:05:10] /i fainted gardevoir
[08/02/2016 13:05:10] /i fainted gardevoir
[08/02/2016 13:05:10] /i fainted gardevoir
[08/02/2016 13:05:10] /i fainted gardevoir
[08/02/2016 13:05:11] /i fainted gardevoir
[08/02/2016 13:05:11] /i fainted gardevoir
[08/02/2016 13:05:11] /i fainted gardevoir
[08/02/2016 13:05:11] /i fainted gardevoir
[08/02/2016 13:05:11] /i fainted gardevoir
[08/02/2016 13:05:11] /i fainted gardevoir
[08/02/2016 13:05:11] /i fainted gardevoir
[08/02/2016 13:05:11] /i fainted gardevoir
[08/02/2016 13:05:11] /i fainted gardevoir
[08/02/2016 13:05:11] /i fainted gardevoir
[08/02/2016 13:05:11] /i fainted gardevoir
[08/02/2016 13:05:11] /i fainted gardevoir
[08/02/2016 13:05:11] /i fainted gardevoir
[08/02/2016 13:05:11] /i fainted gardevoir
[08/02/2016 13:05:11] /i fainted gardevoir
[08/02/2016 13:05:11] /i fainted gardevoir
[08/02/2016 13:05:11] /i fainted gardevoir
[08/02/2016 13:05:11] /i fainted gardevoir
[08/02/2016 13:05:11] /i fainted gardevoir
[08/02/2016 13:05:11] /i fainted gardevoir
[08/02/2016 13:05:11] /i fainted gardevoir
[08/02/2016 13:05:11] /i fainted gardevoir
[08/02/2016 13:05:11] /i fainted gardevoir
[08/02/2016 13:05:11] /i fainted gardevoir
[08/02/2016 13:05:11] /i fainted gardevoir
[08/02/2016 13:05:11] /i fainted gardevoir
[08/02/2016 13:05:11] /i fainted gardevoir
[08/02/2016 13:05:11] /i fainted gardevoir
[08/02/2016 13:05:11] /i fainted gardevoir
[08/02/2016 13:05:11] /i fainted gardevoir
[08/02/2016 13:05:11] /i fainted gardevoir
[08/02/2016 13:05:12] /i fainted gardevoir
[08/02/2016 13:05:12] /i fainted gardevoir
[08/02/2016 13:05:12] /i fainted gardevoir
[08/02/2016 13:05:12] /i fainted gardevoir
[08/02/2016 13:05:12] /i fainted gardevoir
[08/02/2016 13:05:12] /i fainted gardevoir
[08/02/2016 13:05:12] /i fainted gardevoir
[08/02/2016 13:05:22] /i fainted shiny gardevoir
[08/02/2016 13:05:23] /i fainted shiny gardevoir
[08/02/2016 13:05:23] /i fainted shiny gardevoir
[08/02/2016 13:05:23] /i fainted shiny gardevoir
[08/02/2016 13:05:23] /i fainted shiny gardevoir
[08/02/2016 13:05:23] /i fainted shiny gardevoir
[08/02/2016 13:05:23] /i fainted shiny gardevoir
[08/02/2016 13:05:23] /i fainted shiny gardevoir
[08/02/2016 13:05:23] /i fainted shiny gardevoir
[08/02/2016 13:05:23] /i fainted shiny gardevoir
[08/02/2016 13:05:23] /i fainted shiny gardevoir
[08/02/2016 13:05:23] /i fainted shiny gardevoir
[08/02/2016 13:05:23] /i fainted shiny gardevoir
[08/02/2016 13:05:23] /i fainted shiny gardevoir
[08/02/2016 13:05:23] /i fainted shiny gardevoir
[08/02/2016 13:05:23] /i fainted shiny gardevoir
[08/02/2016 13:05:23] /i fainted shiny gardevoir
[08/02/2016 13:05:23] /i fainted shiny gardevoir
[08/02/2016 13:05:23] /i fainted shiny gardevoir
[08/02/2016 13:05:23] /i fainted shiny gardevoir
[08/02/2016 13:05:23] /i fainted shiny gardevoir
[08/02/2016 13:05:23] /i fainted shiny gardevoir
[08/02/2016 13:05:23] /i fainted shiny gardevoir
[08/02/2016 13:05:24] /i fainted shiny gardevoir
[08/02/2016 13:05:24] /i fainted shiny gardevoir
[08/02/2016 13:05:24] /i fainted shiny gardevoir
[08/02/2016 13:05:24] /i fainted shiny gardevoir
[08/02/2016 13:05:24] /i fainted shiny gardevoir
[08/02/2016 13:05:24] /i fainted shiny gardevoir
[08/02/2016 13:05:24] /i fainted shiny gardevoir
[08/02/2016 13:05:24] /i fainted shiny gardevoir
[08/02/2016 13:05:24] /i fainted shiny gardevoir
[08/02/2016 13:05:24] /i fainted shiny gardevoir
[08/02/2016 13:05:24] /i fainted shiny gardevoir
[08/02/2016 13:05:24] /i fainted shiny gardevoir
[08/02/2016 13:05:24] /i fainted shiny gardevoir
[08/02/2016 13:05:24] /i fainted shiny gardevoir
[08/02/2016 13:05:24] /i fainted shiny gardevoir
[08/02/2016 13:05:24] /i fainted shiny gardevoir
[08/02/2016 13:05:24] /i fainted shiny gardevoir
[08/02/2016 13:05:24] /i fainted shiny gardevoir
[08/02/2016 13:05:24] /i fainted shiny gardevoir
[08/02/2016 13:05:24] /i fainted shiny gardevoir
[08/02/2016 13:05:24] /i fainted shiny gardevoir
[08/02/2016 13:05:24] /i fainted shiny gardevoir
[08/02/2016 13:05:24] /i fainted shiny gardevoir
[08/02/2016 13:05:24] /i fainted shiny gardevoir
[08/02/2016 13:05:25] /i fainted shiny gardevoir
[08/02/2016 13:05:25] /i fainted shiny gardevoir
[08/02/2016 13:05:25] /i fainted shiny gardevoir
[08/02/2016 13:05:25] /i fainted shiny gardevoir
[08/02/2016 13:05:25] /i fainted shiny gardevoir
[08/02/2016 13:05:25] /i fainted shiny gardevoir
[08/02/2016 13:05:25] /i fainted shiny gardevoir
[08/02/2016 13:05:25] /i fainted shiny gardevoir
[08/02/2016 13:05:25] /i fainted shiny gardevoir
[08/02/2016 13:05:25] /i fainted shiny gardevoir
[08/02/2016 13:05:25] /i fainted shiny gardevoir
[08/02/2016 13:05:25] /i fainted shiny gardevoir
[08/02/2016 13:05:25] /i fainted shiny gardevoir
[08/02/2016 13:05:25] /i fainted shiny gardevoir
[08/02/2016 13:05:25] /i fainted shiny gardevoir
[08/02/2016 13:05:25] /i fainted shiny gardevoir
[08/02/2016 13:05:25] /i fainted shiny gardevoir
[08/02/2016 13:05:25] /i fainted shiny gardevoir
[08/02/2016 13:05:25] /i fainted shiny gardevoir
[08/02/2016 13:05:25] /i fainted shiny gardevoir
[08/02/2016 13:05:25] /i fainted shiny gardevoir
[08/02/2016 13:05:25] /i fainted shiny gardevoir
[08/02/2016 13:05:25] /i fainted shiny gardevoir
[08/02/2016 13:05:25] /i fainted shiny gardevoir
[08/02/2016 13:05:25] /i fainted shiny gardevoir
[08/02/2016 13:05:25] /i fainted shiny gardevoir
[08/02/2016 13:05:26] /i fainted shiny gardevoir
[08/02/2016 13:05:26] /i fainted shiny gardevoir
[08/02/2016 13:05:26] /i fainted shiny gardevoir
[08/02/2016 13:05:26] /i fainted shiny gardevoir
[08/02/2016 13:05:26] /i fainted shiny gardevoir
[08/02/2016 13:05:26] /i fainted shiny gardevoir
[08/02/2016 13:05:26] /i fainted shiny gardevoir
[08/02/2016 13:05:26] /i fainted shiny gardevoir
[08/02/2016 13:05:26] /i fainted shiny gardevoir
[08/02/2016 13:05:26] /i fainted shiny gardevoir
[08/02/2016 13:05:26] /i fainted shiny gardevoir
[08/02/2016 13:05:26] /i fainted shiny gardevoir
[08/02/2016 13:05:26] /i fainted shiny gardevoir
[08/02/2016 13:05:26] /i fainted shiny gardevoir
[08/02/2016 13:05:26] /i fainted shiny gardevoir
[08/02/2016 13:05:26] /i fainted shiny gardevoir
[08/02/2016 13:05:26] /i fainted shiny gardevoir
[08/02/2016 13:05:26] /i fainted shiny gardevoir
[08/02/2016 13:05:26] /i fainted shiny gardevoir
[08/02/2016 13:05:26] /i fainted shiny gardevoir
[08/02/2016 13:05:26] /i fainted shiny gardevoir
[08/02/2016 13:05:26] /i fainted shiny gardevoir
[08/02/2016 13:05:26] /i fainted shiny gardevoir
[08/02/2016 13:05:26] /i fainted shiny gardevoir
[08/02/2016 13:05:26] /i fainted shiny gardevoir
[08/02/2016 13:05:26] /i fainted shiny gardevoir
[08/02/2016 13:05:27] /i fainted shiny gardevoir
[08/02/2016 13:05:27] /i fainted shiny gardevoir
[08/02/2016 13:05:27] /i fainted shiny gardevoir
[08/02/2016 13:05:27] /i fainted shiny gardevoir
[08/02/2016 13:05:27] /i fainted shiny gardevoir
[08/02/2016 13:05:27] /i fainted shiny gardevoir
[08/02/2016 13:05:27] /i fainted shiny gardevoir
[08/02/2016 13:05:27] /i fainted shiny gardevoir
[08/02/2016 13:05:27] /i fainted shiny gardevoir
[08/02/2016 13:05:27] /i fainted shiny gardevoir
[08/02/2016 13:05:27] /i fainted shiny gardevoir
[08/02/2016 13:05:27] /i fainted shiny gardevoir
[08/02/2016 13:05:27] /i fainted shiny gardevoir
[08/02/2016 13:05:27] /i fainted shiny gardevoir
[08/02/2016 13:05:27] /i fainted shiny gardevoir
[08/02/2016 13:05:27] /i fainted shiny gardevoir
[08/02/2016 13:05:27] /i fainted shiny gardevoir
[08/02/2016 13:05:27] /i fainted shiny gardevoir
[08/02/2016 13:05:27] /i fainted shiny gardevoir
[08/02/2016 13:05:27] /i fainted shiny gardevoir
[08/02/2016 13:05:27] /i fainted shiny gardevoir
[08/02/2016 13:05:27] /i fainted shiny gardevoir
[08/02/2016 13:05:27] /i fainted shiny gardevoir
[08/02/2016 13:05:27] /i fainted shiny gardevoir
[08/02/2016 13:05:27] /i fainted shiny gardevoir
[08/02/2016 13:05:28] /i fainted shiny gardevoir
[08/02/2016 13:05:28] /i fainted shiny gardevoir
[08/02/2016 13:05:28] /i fainted shiny gardevoir
[08/02/2016 13:05:28] /i fainted shiny gardevoir
[08/02/2016 13:05:28] /i fainted shiny gardevoir
[08/02/2016 13:05:28] /i fainted shiny gardevoir
[08/02/2016 13:05:28] /i fainted shiny gardevoir
[08/02/2016 13:05:28] /i fainted shiny gardevoir
[08/02/2016 13:05:28] /i fainted shiny gardevoir
[08/02/2016 13:05:28] /i fainted shiny gardevoir
[08/02/2016 13:05:28] /i fainted shiny gardevoir
[08/02/2016 13:05:28] /i fainted shiny gardevoir
[08/02/2016 13:05:28] /i fainted shiny gardevoir
[08/02/2016 13:05:28] /i fainted shiny gardevoir
[08/02/2016 13:05:28] /i fainted shiny gardevoir
[08/02/2016 13:05:28] /i fainted shiny gardevoir
[08/02/2016 13:05:28] /i fainted shiny gardevoir
[08/02/2016 13:05:28] /i fainted shiny gardevoir
[08/02/2016 13:05:28] /i fainted shiny gardevoir
[08/02/2016 13:05:29] /i fainted shiny gardevoir
[08/02/2016 13:05:29] /i fainted shiny gardevoir
[08/02/2016 13:05:29] /i fainted shiny gardevoir
[08/02/2016 13:05:29] /i fainted shiny gardevoir
[08/02/2016 13:05:29] /i fainted shiny gardevoir
[08/02/2016 13:05:29] /i fainted shiny gardevoir
[08/02/2016 13:05:29] /i fainted shiny gardevoir
[08/02/2016 13:05:29] /i fainted shiny gardevoir
[08/02/2016 13:05:29] /i fainted shiny gardevoir
[08/02/2016 13:05:29] /i fainted shiny gardevoir
[08/02/2016 13:05:29] /i fainted shiny gardevoir
[08/02/2016 13:05:29] /i fainted shiny gardevoir
[08/02/2016 13:05:29] /i fainted shiny gardevoir
[08/02/2016 13:05:29] /i fainted shiny gardevoir
[08/02/2016 13:05:29] /i fainted shiny gardevoir
[08/02/2016 13:05:29] /i fainted shiny gardevoir
[08/02/2016 13:05:29] /i fainted shiny gardevoir
[08/02/2016 13:05:29] /i fainted shiny gardevoir
[08/02/2016 13:05:29] /i fainted shiny gardevoir
[08/02/2016 13:05:29] /i fainted shiny gardevoir
[08/02/2016 13:05:29] /i fainted shiny gardevoir
[08/02/2016 13:05:29] /i fainted shiny gardevoir
[08/02/2016 13:05:29] /i fainted shiny gardevoir
[08/02/2016 13:05:29] /i fainted shiny gardevoir
[08/02/2016 13:05:29] /i fainted shiny gardevoir
[08/02/2016 13:05:30] /i fainted shiny gardevoir
[08/02/2016 13:05:30] /i fainted shiny gardevoir
[08/02/2016 13:05:30] /i fainted shiny gardevoir
[08/02/2016 13:05:30] /i fainted shiny gardevoir
[08/02/2016 13:05:30] /i fainted shiny gardevoir
[08/02/2016 13:05:30] /i fainted shiny gardevoir
[08/02/2016 13:05:30] /i fainted shiny gardevoir
[08/02/2016 13:05:30] /i fainted shiny gardevoir
[08/02/2016 13:05:30] /i fainted shiny gardevoir
[08/02/2016 13:05:30] /i fainted shiny gardevoir
[08/02/2016 13:05:30] /i fainted shiny gardevoir
[08/02/2016 13:05:30] /i fainted shiny gardevoir
[08/02/2016 13:05:30] /i fainted shiny gardevoir
[08/02/2016 13:05:30] /i fainted shiny gardevoir
[08/02/2016 13:05:30] /i fainted shiny gardevoir
[08/02/2016 13:05:30] /i fainted shiny gardevoir
[08/02/2016 13:05:30] /i fainted shiny gardevoir
[08/02/2016 13:05:30] /i fainted shiny gardevoir
[08/02/2016 13:05:30] /i fainted shiny gardevoir
[08/02/2016 13:05:30] /i fainted shiny gardevoir
[08/02/2016 13:05:30] /i fainted shiny gardevoir
[08/02/2016 13:05:30] /i fainted shiny gardevoir
[08/02/2016 13:05:30] /i fainted shiny gardevoir
[08/02/2016 13:05:30] /i fainted shiny gardevoir
[08/02/2016 13:05:30] /i fainted shiny gardevoir
[08/02/2016 13:05:30] /i fainted shiny gardevoir
[08/02/2016 13:05:30] /i fainted shiny gardevoir
[08/02/2016 13:05:30] /i fainted shiny gardevoir
[08/02/2016 13:05:30] /i fainted shiny gardevoir
[08/02/2016 13:05:30] /i fainted shiny gardevoir
[08/02/2016 13:05:30] /i fainted shiny gardevoir
[08/02/2016 13:05:30] /i fainted shiny gardevoir
[08/02/2016 13:05:30] /i fainted shiny gardevoir
[08/02/2016 13:05:31] /i fainted shiny gardevoir
[08/02/2016 13:05:31] /i fainted shiny gardevoir
[08/02/2016 13:05:31] /i fainted shiny gardevoir
[08/02/2016 13:05:31] /i fainted shiny gardevoir
[08/02/2016 13:05:31] /i fainted shiny gardevoir
[08/02/2016 13:05:31] /i fainted shiny gardevoir
[08/02/2016 13:05:31] /i fainted shiny gardevoir
[08/02/2016 13:05:31] /i fainted shiny gardevoir
[08/02/2016 13:05:31] /i fainted shiny gardevoir
[08/02/2016 13:05:31] /i fainted shiny gardevoir
[08/02/2016 13:05:31] /i fainted shiny gardevoir
[08/02/2016 13:05:31] /i fainted shiny gardevoir
[08/02/2016 13:05:31] /i fainted shiny gardevoir
[08/02/2016 13:05:31] /i fainted shiny gardevoir
[08/02/2016 13:05:31] /i fainted shiny gardevoir
[08/02/2016 13:05:31] /i fainted shiny gardevoir
[08/02/2016 13:05:31] /i fainted shiny gardevoir
[08/02/2016 13:05:31] /i fainted shiny gardevoir
[08/02/2016 13:05:31] /i fainted shiny gardevoir
[08/02/2016 13:05:31] /i fainted shiny gardevoir
[08/02/2016 13:05:31] /i fainted shiny gardevoir
[08/02/2016 13:05:31] /i fainted shiny gardevoir
[08/02/2016 13:05:32] /i fainted shiny gardevoir
[08/02/2016 13:05:32] /i fainted shiny gardevoir
[08/02/2016 13:05:32] /i fainted shiny gardevoir
[08/02/2016 13:05:32] /i fainted shiny gardevoir
[08/02/2016 13:05:32] /i fainted shiny gardevoir
[08/02/2016 13:05:32] /i fainted shiny gardevoir
[08/02/2016 13:05:32] /i fainted shiny gardevoir
[08/02/2016 13:05:32] /i fainted shiny gardevoir
[08/02/2016 13:05:32] /i fainted shiny gardevoir
[08/02/2016 13:05:32] /i fainted shiny gardevoir
[08/02/2016 13:05:32] /i fainted shiny gardevoir
[08/02/2016 13:05:32] /i fainted shiny gardevoir
[08/02/2016 13:05:32] /i fainted shiny gardevoir
[08/02/2016 13:05:32] /i fainted shiny gardevoir
[08/02/2016 13:05:32] /i fainted shiny gardevoir
[08/02/2016 13:05:32] /i fainted shiny gardevoir
[08/02/2016 13:05:32] /i fainted shiny gardevoir
[08/02/2016 13:05:32] /i fainted shiny gardevoir
[08/02/2016 13:05:32] /i fainted shiny gardevoir
[08/02/2016 13:05:32] /i fainted shiny gardevoir
[08/02/2016 13:05:32] /i fainted shiny gardevoir
[08/02/2016 13:05:32] /i fainted shiny gardevoir
[08/02/2016 13:05:32] /i fainted shiny gardevoir
[08/02/2016 13:05:32] /i fainted shiny gardevoir
[08/02/2016 13:05:32] /i fainted shiny gardevoir
[08/02/2016 13:05:32] /i fainted shiny gardevoir
[08/02/2016 13:05:32] /i fainted shiny gardevoir
[08/02/2016 13:05:32] /i fainted shiny gardevoir
[08/02/2016 13:05:32] /i fainted shiny gardevoir
[08/02/2016 13:05:32] /i fainted shiny gardevoir
[08/02/2016 13:05:32] /i fainted shiny gardevoir
[08/02/2016 13:05:33] /i fainted shiny gardevoir
[08/02/2016 13:05:33] /i fainted shiny gardevoir
[08/02/2016 13:05:33] /i fainted shiny gardevoir
[08/02/2016 13:05:33] /i fainted shiny gardevoir
[08/02/2016 13:05:33] /i fainted shiny gardevoir
[08/02/2016 13:05:33] /i fainted shiny gardevoir
[08/02/2016 13:05:33] /i fainted shiny gardevoir
[08/02/2016 13:05:33] /i fainted shiny gardevoir
[08/02/2016 13:05:33] /i fainted shiny gardevoir
[08/02/2016 13:05:33] /i fainted shiny gardevoir
[08/02/2016 13:05:33] /i fainted shiny gardevoir
[08/02/2016 13:05:33] /i fainted shiny gardevoir
[08/02/2016 13:05:33] /i fainted shiny gardevoir
[08/02/2016 13:05:33] /i fainted shiny gardevoir
[08/02/2016 13:05:33] /i fainted shiny gardevoir
[08/02/2016 13:05:33] /i fainted shiny gardevoir
[08/02/2016 13:05:33] /i fainted shiny gardevoir
[08/02/2016 13:05:33] /i fainted shiny gardevoir
[08/02/2016 13:05:33] /i fainted shiny gardevoir
[08/02/2016 13:05:33] /i fainted shiny gardevoir
[08/02/2016 13:05:33] /i fainted shiny gardevoir
[08/02/2016 13:05:33] /i fainted shiny gardevoir
[08/02/2016 13:05:33] /i fainted shiny gardevoir
[08/02/2016 13:05:33] /i fainted shiny gardevoir
[08/02/2016 13:05:33] /i fainted shiny gardevoir
[08/02/2016 13:05:33] /i fainted shiny gardevoir
[08/02/2016 13:05:34] /i fainted shiny gardevoir
[08/02/2016 13:05:34] /i fainted shiny gardevoir
[08/02/2016 13:05:34] /i fainted shiny gardevoir
[08/02/2016 13:05:34] /i fainted shiny gardevoir
[08/02/2016 13:05:34] /i fainted shiny gardevoir
[08/02/2016 13:05:34] /i fainted shiny gardevoir
[08/02/2016 13:05:34] /i fainted shiny gardevoir
[08/02/2016 13:05:34] /i fainted shiny gardevoir
[08/02/2016 13:05:34] /i fainted shiny gardevoir
[08/02/2016 13:05:34] /i fainted shiny gardevoir
[08/02/2016 13:05:34] /i fainted shiny gardevoir
[08/02/2016 13:05:34] /i fainted shiny gardevoir
[08/02/2016 13:05:34] /i fainted shiny gardevoir
[08/02/2016 13:05:34] /i fainted shiny gardevoir
[08/02/2016 13:05:34] /i fainted shiny gardevoir
[08/02/2016 13:05:34] /i fainted shiny gardevoir
[08/02/2016 13:05:34] /i fainted shiny gardevoir
[08/02/2016 13:05:34] /i fainted shiny gardevoir
[08/02/2016 13:05:34] /i fainted shiny gardevoir
[08/02/2016 13:05:34] /i fainted shiny gardevoir
[08/02/2016 13:05:34] /i fainted shiny gardevoir
[08/02/2016 13:05:34] /i fainted shiny gardevoir
[08/02/2016 13:05:34] /i fainted shiny gardevoir
[08/02/2016 13:05:34] /i fainted shiny gardevoir
[08/02/2016 13:05:34] /i fainted shiny gardevoir
[08/02/2016 13:05:34] /i fainted shiny gardevoir
[08/02/2016 13:05:34] /i fainted shiny gardevoir
[08/02/2016 13:05:35] /i fainted shiny gardevoir
[08/02/2016 13:05:35] /i fainted shiny gardevoir
[08/02/2016 13:05:35] /i fainted shiny gardevoir
[08/02/2016 13:05:35] /i fainted shiny gardevoir
[08/02/2016 13:05:35] /i fainted shiny gardevoir
[08/02/2016 13:05:35] /i fainted shiny gardevoir
[08/02/2016 13:05:35] /i fainted shiny gardevoir
[08/02/2016 13:05:35] /i fainted shiny gardevoir
[08/02/2016 13:05:35] /i fainted shiny gardevoir
[08/02/2016 13:05:35] /i fainted shiny gardevoir
[08/02/2016 13:05:35] /i fainted shiny gardevoir
[08/02/2016 13:05:35] /i fainted shiny gardevoir
[08/02/2016 13:05:35] /i fainted shiny gardevoir
[08/02/2016 13:05:35] /i fainted shiny gardevoir
[08/02/2016 13:05:35] /i fainted shiny gardevoir
[08/02/2016 13:05:35] /i fainted shiny gardevoir
[08/02/2016 13:05:35] /i fainted shiny gardevoir
[08/02/2016 13:05:35] /i fainted shiny gardevoir
[08/02/2016 13:05:35] /i fainted shiny gardevoir
[08/02/2016 13:05:35] /i fainted shiny gardevoir
[08/02/2016 13:05:35] /i fainted shiny gardevoir
[08/02/2016 13:05:35] /i fainted shiny gardevoir
[08/02/2016 13:05:35] /i fainted shiny gardevoir
[08/02/2016 13:05:35] /i fainted shiny gardevoir
[08/02/2016 13:05:35] /i fainted shiny gardevoir
[08/02/2016 13:05:35] /i fainted shiny gardevoir
[08/02/2016 13:05:36] /i fainted shiny gardevoir
[08/02/2016 13:05:36] /i fainted shiny gardevoir
[08/02/2016 13:05:36] /i fainted shiny gardevoir
[08/02/2016 13:05:36] /i fainted shiny gardevoir
[08/02/2016 13:05:36] /i fainted shiny gardevoir
[08/02/2016 13:05:36] /i fainted shiny gardevoir
[08/02/2016 13:05:36] /i fainted shiny gardevoir
[08/02/2016 13:05:36] /i fainted shiny gardevoir
[08/02/2016 13:05:36] /i fainted shiny gardevoir
[08/02/2016 13:05:36] /i fainted shiny gardevoir
[08/02/2016 13:05:36] /i fainted shiny gardevoir
[08/02/2016 13:05:36] /i fainted shiny gardevoir
[08/02/2016 13:05:36] /i fainted shiny gardevoir
[08/02/2016 13:05:36] /i fainted shiny gardevoir
[08/02/2016 13:05:36] /i fainted shiny gardevoir
[08/02/2016 13:05:36] /i fainted shiny gardevoir
[08/02/2016 13:05:36] /i fainted shiny gardevoir
[08/02/2016 13:05:36] /i fainted shiny gardevoir
[08/02/2016 13:05:36] /i fainted shiny gardevoir
[08/02/2016 13:05:36] /i fainted shiny gardevoir
[08/02/2016 13:05:36] /i fainted shiny gardevoir
[08/02/2016 13:05:36] /i fainted shiny gardevoir
[08/02/2016 13:05:36] /i fainted shiny gardevoir
[08/02/2016 13:05:36] /i fainted shiny gardevoir
[08/02/2016 13:05:36] /i fainted shiny gardevoir
[08/02/2016 13:05:36] /i fainted shiny gardevoir
[08/02/2016 13:05:36] /i fainted shiny gardevoir
[08/02/2016 13:05:37] /i fainted shiny gardevoir
[08/02/2016 13:05:37] /i fainted shiny gardevoir
[08/02/2016 13:05:37] /i fainted shiny gardevoir
[08/02/2016 13:05:37] /i fainted shiny gardevoir
[08/02/2016 13:05:37] /i fainted shiny gardevoir
[08/02/2016 13:05:37] /i fainted shiny gardevoir
[08/02/2016 13:05:37] /i fainted shiny gardevoir
[08/02/2016 13:05:37] /i fainted shiny gardevoir
[08/02/2016 13:05:37] /i fainted shiny gardevoir
[08/02/2016 13:05:37] /i fainted shiny gardevoir
[08/02/2016 13:05:37] /i fainted shiny gardevoir
[08/02/2016 13:05:37] /i fainted shiny gardevoir
[08/02/2016 13:05:37] /i fainted shiny gardevoir
[08/02/2016 13:05:37] /i fainted shiny gardevoir
[08/02/2016 13:05:37] /i fainted shiny gardevoir
[08/02/2016 13:05:37] /i fainted shiny gardevoir
[08/02/2016 13:05:37] /i fainted shiny gardevoir
[08/02/2016 13:05:37] /i fainted shiny gardevoir
[08/02/2016 13:05:37] /i fainted shiny gardevoir
[08/02/2016 13:05:37] /i fainted shiny gardevoir
[08/02/2016 13:05:37] /i fainted shiny gardevoir
[08/02/2016 13:05:37] /i fainted shiny gardevoir
[08/02/2016 13:05:37] /i fainted shiny gardevoir
[08/02/2016 13:05:37] /i fainted shiny gardevoir
[08/02/2016 13:05:37] /i fainted shiny gardevoir
[08/02/2016 13:05:38] /i fainted shiny gardevoir
[08/02/2016 13:05:38] /i fainted shiny gardevoir
[08/02/2016 13:05:38] /i fainted shiny gardevoir
[08/02/2016 13:05:38] /i fainted shiny gardevoir
[08/02/2016 13:05:38] /i fainted shiny gardevoir
[08/02/2016 13:05:38] /i fainted shiny gardevoir
[08/02/2016 13:05:38] /i fainted shiny gardevoir
[08/02/2016 13:05:38] /i fainted shiny gardevoir
[08/02/2016 13:05:38] /i fainted shiny gardevoir
[08/02/2016 13:05:38] /i fainted shiny gardevoir
[08/02/2016 13:05:38] /i fainted shiny gardevoir
[08/02/2016 13:05:38] /i fainted shiny gardevoir
[08/02/2016 13:05:38] /i fainted shiny gardevoir
[08/02/2016 13:05:38] /i fainted shiny gardevoir
[08/02/2016 13:05:38] /i fainted shiny gardevoir
[08/02/2016 13:05:38] /i fainted shiny gardevoir
[08/02/2016 13:05:38] /i fainted shiny gardevoir
[08/02/2016 13:05:38] /i fainted shiny gardevoir
[08/02/2016 13:05:38] /i fainted shiny gardevoir
[08/02/2016 13:05:38] /i fainted shiny gardevoir
[08/02/2016 13:05:38] /i fainted shiny gardevoir
[08/02/2016 13:05:38] /i fainted shiny gardevoir
[08/02/2016 13:05:38] /i fainted shiny gardevoir
[08/02/2016 13:05:38] /i fainted shiny gardevoir
[08/02/2016 13:05:38] /i fainted shiny gardevoir
[08/02/2016 13:05:38] /i fainted shiny gardevoir
[08/02/2016 13:05:39] /i fainted shiny gardevoir
[08/02/2016 13:05:39] /i fainted shiny gardevoir
[08/02/2016 13:05:39] /i fainted shiny gardevoir
[08/02/2016 13:05:39] /i fainted shiny gardevoir
[08/02/2016 13:05:39] /i fainted shiny gardevoir
[08/02/2016 13:05:39] /i fainted shiny gardevoir
[08/02/2016 13:05:39] /i fainted shiny gardevoir
[08/02/2016 13:05:39] /i fainted shiny gardevoir
[08/02/2016 13:05:39] /i fainted shiny gardevoir
[08/02/2016 13:05:39] /i fainted shiny gardevoir
[08/02/2016 13:05:39] /i fainted shiny gardevoir
[08/02/2016 13:05:39] /i fainted shiny gardevoir
[08/02/2016 13:05:39] /i fainted shiny gardevoir
[08/02/2016 13:05:39] /i fainted shiny gardevoir
[08/02/2016 13:05:39] /i fainted shiny gardevoir
[08/02/2016 13:05:39] /i fainted shiny gardevoir
[08/02/2016 13:05:39] /i fainted shiny gardevoir
[08/02/2016 13:05:39] /i fainted shiny gardevoir
[08/02/2016 13:07:30] /r all
[08/02/2016 13:07:31] /r all
[08/02/2016 13:07:33] /r all
[08/02/2016 13:07:43] /mc
[08/02/2016 13:07:45] /t
[08/02/2016 13:08:11] /ghost
[08/02/2016 13:09:30] /b Vou Almoçar povo jaja volto, se atingir 40 Ons sem MC eu faço evento pagina sorteio, valendo 15 Candyes e com 5 Vencedores.
[08/02/2016 13:10:13] /b Vou Almoçar povo jaja volto, se atingir 40 Ons sem MC eu faço evento pagina sorteio, valendo 15 Candyes e com 5 Vencedores.
[08/02/2016 13:24:27] /mc
[08/02/2016 13:24:30] /r
[08/02/2016 13:24:51] /reload config
[08/02/2016 13:25:04] /goto konan
[08/02/2016 13:25:13] /goto yagami
[08/02/2016 13:25:20] /ghost
[08/02/2016 13:26:43] /ghost
[08/02/2016 13:28:31] /t
[08/02/2016 13:29:05] /goto wiaa
[08/02/2016 13:29:10] /ghost
[08/02/2016 13:29:25] /ghost
[08/02/2016 13:29:58] /t
[08/02/2016 13:30:12] /goto dark world
[08/02/2016 13:31:02] /i punch stone
[08/02/2016 13:31:06] /i crystal stone
[08/02/2016 13:31:24] /r
[08/02/2016 13:32:01] /i 12420
[08/02/2016 13:35:45] /mc
[08/02/2016 13:35:56] /b +1 player Faço evento Sorteio das Candy povo :D
[08/02/2016 13:36:12] /mc
[08/02/2016 13:36:35] /mc
[08/02/2016 13:36:51] /b Ae Bateu Vou criar evento Pagina de eventos, fiquem atentos povo.
[08/02/2016 13:36:52] /b Ae Bateu Vou criar evento Pagina de eventos, fiquem atentos povo.
[08/02/2016 13:36:53] /b Ae Bateu Vou criar evento Pagina de eventos, fiquem atentos povo.
[08/02/2016 13:38:33] /b Vou postar No Grupo o link do sorteio pelo facebook
[08/02/2016 13:48:49] /b Pessoal estou criando uma imagem pro evento oque não é facil, jaja posto.
[08/02/2016 13:48:50] /b Pessoal estou criando uma imagem pro evento oque não é facil, jaja posto.
[08/02/2016 13:49:37] /b e estou de olho help povo rlx.
[08/02/2016 14:11:25] /t
[08/02/2016 14:11:31] /mc
[08/02/2016 14:12:16] /b Povo so poderei Postar evento quando wang entrar ele tem que adicionar a Aba Promoções na Pagina Oficial, e so ele pdoe por seu o DONO.
[08/02/2016 14:12:58] /goto Natsumi
[08/02/2016 14:13:18] /ghost
[08/02/2016 14:13:32] /b Vocês ja cogitaro a ideia de que tem 30 nego me mandando PM?
[08/02/2016 14:14:23] /t natsumi
[08/02/2016 14:14:24] /t
[08/02/2016 14:21:42] /b Pessoal Terminei Vou dispinibilziar link no GRUPO, o premio sera 15 Rares Candyes + 3 Milions Dollar, Serão 5 Vencedores.
[08/02/2016 14:22:16] /b Pessoal Terminei Vou dispinibilziar link no GRUPO, o premio sera 15 Rares Candyes + 3 Milions Dollar, Serão 5 Vencedores.
[08/02/2016 14:22:17] /b Pessoal Terminei Vou dispinibilziar link no GRUPO, o premio sera 15 Rares Candyes + 3 Milions Dollar, Serão 5 Vencedores.
[08/02/2016 14:22:29] /b No Grupo do Facebook neh povo Pelo Amor.
[08/02/2016 14:22:30] /b No Grupo do Facebook neh povo Pelo Amor.
[08/02/2016 14:22:38] /goto carole bosveld
[08/02/2016 14:22:50] /t
[08/02/2016 14:23:09] /b Todos no grupo, la vou explicar, fuixxx.
[08/02/2016 14:23:11] /b Todos no grupo, la vou explicar, fuixxx.
[08/02/2016 14:23:15] /b Todos no grupo, la vou explicar, fuixxx.
[08/02/2016 14:25:27] /b 14:22 Carole Bosveld: TRAVA DMS ISSO 14:22 Carole Bosveld: MEU DEUS
[08/02/2016 14:25:33] /b ai ta dando laag povo?
[08/02/2016 14:25:38] /b pq aqui ta normal
[08/02/2016 14:26:40] /b calma povo ovu publicar no grupo mais tenho que atender vcs ai fica foda neh!
[08/02/2016 14:26:41] /b calma povo ovu publicar no grupo mais tenho que atender vcs ai fica foda neh!
[08/02/2016 14:27:04] /goto konan
[08/02/2016 14:27:07] /t
[08/02/2016 14:27:33] /b vou grupo anunciar xau'
[08/02/2016 14:27:38] /b vou grupo anunciar xau'
[08/02/2016 14:27:39] /b vou grupo anunciar xau'
[08/02/2016 14:27:39] /b vou grupo anunciar xau'
[08/02/2016 14:33:53] /b Postei Povo.
[08/02/2016 14:33:55] /b Postei Povo.
[08/02/2016 14:35:43] /bc green Quest Boxs Do Pikachu box5 a 15 é 100tds, so pode ter os 100 TDS na Bag.
[08/02/2016 14:35:53] /bc green Grupo: https://www.facebook.com/groups/1692988280946247/requests/?notif_t=group_r2j
[08/02/2016 14:37:24] /bc green Grupo : https://www.facebook.com/groups/1692988280946247/
[08/02/2016 14:37:25] /bc green Grupo : https://www.facebook.com/groups/1692988280946247/
[08/02/2016 14:37:25] /bc green Grupo : https://www.facebook.com/groups/1692988280946247/
[08/02/2016 14:37:25] /bc green Grupo : https://www.facebook.com/groups/1692988280946247/
[08/02/2016 14:37:26] /bc green Grupo : https://www.facebook.com/groups/1692988280946247/
[08/02/2016 14:37:26] /bc green Grupo : https://www.facebook.com/groups/1692988280946247/
[08/02/2016 14:37:26] /bc green Grupo : https://www.facebook.com/groups/1692988280946247/
[08/02/2016 14:37:27] /bc green Grupo : https://www.facebook.com/groups/1692988280946247/
[08/02/2016 14:37:27] /bc green Grupo : https://www.facebook.com/groups/1692988280946247/
[08/02/2016 14:37:28] /bc green Grupo : https://www.facebook.com/groups/1692988280946247/
[08/02/2016 14:37:28] /bc green Grupo : https://www.facebook.com/groups/1692988280946247/
[08/02/2016 14:37:28] /bc green Grupo : https://www.facebook.com/groups/1692988280946247/
[08/02/2016 14:38:57] /bc green Grupo : https://www.facebook.com/groups/1692988280946247/
[08/02/2016 14:41:38] /bc green Pessoal SObre o Lag, não sei se vocês sabem mais a vps que compramos não é TOP Linha tendeu? então nao tem como não dar laag, de acordo com os donaters agente vai melhorando a vps tendeu?
[08/02/2016 14:42:33] /goto konan
[08/02/2016 14:43:08] /goto konan
[08/02/2016 14:43:24] /c konan
[08/02/2016 14:45:31] /bc green Konan Me mostrou um erro simples no mapa que vou resolver, e darei 1 shiny poke box +1 para ele como Beneficio.
[08/02/2016 14:45:43] /bc green que esse erro pode fuder muito aidna bem q ele viu kkk
[08/02/2016 14:45:49] /town 16
[08/02/2016 14:46:14] /c Konan
[08/02/2016 14:46:33] /i Poke shiny box +1
[08/02/2016 14:46:40] /i shiny poke box +1
[08/02/2016 14:47:26] /t
[08/02/2016 14:47:34] /r
[08/02/2016 14:47:48] /b Enquanto Não ageito erro Boxs Fica De fora.
[08/02/2016 14:47:49] /b Enquanto Não ageito erro Boxs Fica De fora.
[08/02/2016 14:49:54] /bc green NPC Boxs Foi TIrado Por um erro dentro das quests.
[08/02/2016 14:49:57] /bc green NPC Boxs Foi TIrado Por um erro dentro das quests.
[08/02/2016 14:50:03] /goto Konan
[08/02/2016 14:51:41] /goto scream
[08/02/2016 14:52:05] /rename Scream,[HELP - TESTE] Scream
[08/02/2016 14:52:17] /attr set group 3
[08/02/2016 14:52:23] /attr group 3
[08/02/2016 14:53:46] /mc
[08/02/2016 14:54:17] /b pessoal vou sair arrumar o erro jaja volto viu, dai irei dar um horario fixo que o servidor ira Reiniciar, para voltarmos
[08/02/2016 14:54:27] /goto ornot ore
[08/02/2016 14:54:50] /r
[08/02/2016 14:54:51] /r
[08/02/2016 14:55:06] /r
[08/02/2016 14:55:07] /r
[08/02/2016 14:55:07] /r
[08/02/2016 14:55:07] /r
[08/02/2016 14:55:08] /r
[08/02/2016 14:55:08] /r
[08/02/2016 14:55:42] /i 892
[08/02/2016 14:55:44] /i 892
[08/02/2016 14:56:37] /a 5
[08/02/2016 14:57:06] /bc Green Help estou de olho em você se não jaudar o HELP eu tiro
[08/02/2016 14:57:07] /bc Green Help estou de olho em você se não jaudar o HELP eu tiro
[08/02/2016 14:57:10] /bc green Help estou de olho em você se não jaudar o HELP eu tiro
[08/02/2016 14:57:11] /bc green Help estou de olho em você se não jaudar o HELP eu tiro
[08/02/2016 14:58:11] /c [DONO] Hisoka Fail
[08/02/2016 14:59:26] /i 2159,5
[08/02/2016 15:00:10] /i 2145
[08/02/2016 15:00:52] /spy Thunder
[08/02/2016 15:03:39] /ghost
[08/02/2016 15:04:48] /bc green Dei save povo
[08/02/2016 15:13:21] /b Xau Povo ovu fica discutindo ocm players não, vou ajeitar uns erros em escadas e pronto :D
[08/02/2016 15:13:44] /b Graças a alguns players ai não ovu responder mais PM e estava fazendo o maximo para responder
[08/02/2016 15:16:20] /b Mais ALguem querendo falar Merda?
[08/02/2016 15:16:43] /goto natsumi
[08/02/2016 15:16:55] /ghost
[08/02/2016 15:25:26] /goto ornot ore
[08/02/2016 15:25:47] /goto shiny arcanine
[08/02/2016 15:25:50] /r
[08/02/2016 15:25:51] /goto shiny arcanine
[08/02/2016 15:25:53] /r
[08/02/2016 15:25:54] /goto shiny arcanine
[08/02/2016 15:25:56] /r
[08/02/2016 15:25:58] /goto shiny arcanine
[08/02/2016 15:25:59] /r
[08/02/2016 15:26:00] /goto shiny arcanine
[08/02/2016 15:26:02] /r
[08/02/2016 15:26:03] /goto shiny arcanine
[08/02/2016 15:26:04] /r
[08/02/2016 15:26:05] /goto shiny arcanine
[08/02/2016 15:26:07] /r
[08/02/2016 15:26:08] /goto shiny arcanine
[08/02/2016 15:26:11] /r
[08/02/2016 15:26:12] /goto shiny arcanine
[08/02/2016 15:26:15] /r
[08/02/2016 15:26:16] /goto shiny arcanine
[08/02/2016 15:26:19] /r
[08/02/2016 15:26:21] /r
[08/02/2016 15:26:25] /goto shiny arcanine
[08/02/2016 15:26:28] /r
[08/02/2016 15:26:30] /goto shiny arcanine
[08/02/2016 15:26:32] /r
[08/02/2016 15:26:33] /goto shiny arcanine
[08/02/2016 15:26:35] /r
[08/02/2016 15:26:37] /goto shiny arcanine
[08/02/2016 15:26:40] /r
[08/02/2016 15:26:42] /goto shiny arcanine
[08/02/2016 15:26:44] /r
[08/02/2016 15:26:45] /goto shiny arcanine
[08/02/2016 15:26:47] /r
[08/02/2016 15:26:48] /goto shiny arcanine
[08/02/2016 15:26:51] /r
[08/02/2016 15:26:52] /goto shiny arcanine
[08/02/2016 15:26:54] /r
[08/02/2016 15:26:56] /r
[08/02/2016 15:26:56] /goto shiny arcanine
[08/02/2016 15:26:58] /r
[08/02/2016 15:27:00] /goto shiny arcanine
[08/02/2016 15:27:02] /r
[08/02/2016 15:27:03] /goto shiny arcanine
[08/02/2016 15:27:05] /r
[08/02/2016 15:27:06] /goto shiny arcanine
[08/02/2016 15:27:10] /r
[08/02/2016 15:27:11] /goto shiny arcanine
[08/02/2016 15:27:15] /goto arcanine
[08/02/2016 15:27:29] /ghost
[08/02/2016 15:27:44] /goto ornot ore
[08/02/2016 15:28:32] /ghost
[08/02/2016 15:32:06] /town 16
[08/02/2016 15:32:34] /b Pessoal Todos ja se cadastraram no Sorteio?
[08/02/2016 15:32:36] /b Pessoal Todos ja se cadastraram no Sorteio?
[08/02/2016 15:32:37] /b Pessoal Todos ja se cadastraram no Sorteio?
[08/02/2016 15:33:14] /b SEM PM 
[08/02/2016 15:34:50] /b SORTEIO ESTA POSTADO NA PAGINA E LA EXPLICA TUDO, QUEM NÃO SE CADASTROU VAI LOGO PQ EM 5 MINUTOS EU VOU SORTIAR ( LOGICO SO SE TIVER MAIS DE 20 PLAYERS CADASTRADOS )
[08/02/2016 15:34:51] /b SORTEIO ESTA POSTADO NA PAGINA E LA EXPLICA TUDO, QUEM NÃO SE CADASTROU VAI LOGO PQ EM 5 MINUTOS EU VOU SORTIAR ( LOGICO SO SE TIVER MAIS DE 20 PLAYERS CADASTRADOS )
[08/02/2016 15:34:51] /b SORTEIO ESTA POSTADO NA PAGINA E LA EXPLICA TUDO, QUEM NÃO SE CADASTROU VAI LOGO PQ EM 5 MINUTOS EU VOU SORTIAR ( LOGICO SO SE TIVER MAIS DE 20 PLAYERS CADASTRADOS )
[08/02/2016 15:34:52] /b SORTEIO ESTA POSTADO NA PAGINA E LA EXPLICA TUDO, QUEM NÃO SE CADASTROU VAI LOGO PQ EM 5 MINUTOS EU VOU SORTIAR ( LOGICO SO SE TIVER MAIS DE 20 PLAYERS CADASTRADOS )
[08/02/2016 15:35:05] /b SORTEIO ESTA POSTADO NO GRUPO E LA EXPLICA TUDO, QUEM NÃO SE CADASTROU VAI LOGO PQ EM 5 MINUTOS EU VOU SORTIAR ( LOGICO SO SE TIVER MAIS DE 20 PLAYERS CADASTRADOS )
[08/02/2016 15:35:06] /b SORTEIO ESTA POSTADO NO GRUPO E LA EXPLICA TUDO, QUEM NÃO SE CADASTROU VAI LOGO PQ EM 5 MINUTOS EU VOU SORTIAR ( LOGICO SO SE TIVER MAIS DE 20 PLAYERS CADASTRADOS )
[08/02/2016 15:35:06] /b SORTEIO ESTA POSTADO NO GRUPO E LA EXPLICA TUDO, QUEM NÃO SE CADASTROU VAI LOGO PQ EM 5 MINUTOS EU VOU SORTIAR ( LOGICO SO SE TIVER MAIS DE 20 PLAYERS CADASTRADOS )
[08/02/2016 15:35:06] /b SORTEIO ESTA POSTADO NO GRUPO E LA EXPLICA TUDO, QUEM NÃO SE CADASTROU VAI LOGO PQ EM 5 MINUTOS EU VOU SORTIAR ( LOGICO SO SE TIVER MAIS DE 20 PLAYERS CADASTRADOS )
[08/02/2016 15:35:07] /b SORTEIO ESTA POSTADO NO GRUPO E LA EXPLICA TUDO, QUEM NÃO SE CADASTROU VAI LOGO PQ EM 5 MINUTOS EU VOU SORTIAR ( LOGICO SO SE TIVER MAIS DE 20 PLAYERS CADASTRADOS )
[08/02/2016 15:35:08] /b SORTEIO ESTA POSTADO NO GRUPO E LA EXPLICA TUDO, QUEM NÃO SE CADASTROU VAI LOGO PQ EM 5 MINUTOS EU VOU SORTIAR ( LOGICO SO SE TIVER MAIS DE 20 PLAYERS CADASTRADOS )
[08/02/2016 15:35:08] /b SORTEIO ESTA POSTADO NO GRUPO E LA EXPLICA TUDO, QUEM NÃO SE CADASTROU VAI LOGO PQ EM 5 MINUTOS EU VOU SORTIAR ( LOGICO SO SE TIVER MAIS DE 20 PLAYERS CADASTRADOS )
[08/02/2016 15:35:08] /b SORTEIO ESTA POSTADO NO GRUPO E LA EXPLICA TUDO, QUEM NÃO SE CADASTROU VAI LOGO PQ EM 5 MINUTOS EU VOU SORTIAR ( LOGICO SO SE TIVER MAIS DE 20 PLAYERS CADASTRADOS )
[08/02/2016 15:35:09] /b SORTEIO ESTA POSTADO NO GRUPO E LA EXPLICA TUDO, QUEM NÃO SE CADASTROU VAI LOGO PQ EM 5 MINUTOS EU VOU SORTIAR ( LOGICO SO SE TIVER MAIS DE 20 PLAYERS CADASTRADOS )
[08/02/2016 15:35:09] /b SORTEIO ESTA POSTADO NO GRUPO E LA EXPLICA TUDO, QUEM NÃO SE CADASTROU VAI LOGO PQ EM 5 MINUTOS EU VOU SORTIAR ( LOGICO SO SE TIVER MAIS DE 20 PLAYERS CADASTRADOS )
[08/02/2016 15:35:13] /b SORTEIO ESTA POSTADO NO GRUPO E LA EXPLICA TUDO, QUEM NÃO SE CADASTROU VAI LOGO PQ EM 5 MINUTOS EU VOU SORTIAR ( LOGICO SO SE TIVER MAIS DE 20 PLAYERS CADASTRADOS )
[08/02/2016 15:38:14] /b Tem 27 Players Registrados então será sortiado As 15:40.
[08/02/2016 15:38:16] /b Tem 27 Players Registrados então será sortiado As 15:40.
[08/02/2016 15:40:16] /b Povo Para as Quests Box5 a Boxs15 Voltar, as 17:00 Terá uma Atualização e assim que possivel ficaremos Online, Provavelmente será 18:00.
[08/02/2016 15:40:25] /bc green Povo Para as Quests Box5 a Boxs15 Voltar, as 17:00 Terá uma Atualização e assim que possivel ficaremos Online, Provavelmente será 18:00.
[08/02/2016 15:41:00] /bc green Povo Para as Quests Box5 a Boxs15 Voltar, as 17:00 Terá uma Atualização e assim que possivel ficaremos Online, Provavelmente será 18:00.
[08/02/2016 15:41:27] /bc green Povo Para as Quests Box5 a Boxs15 Voltar, as 17:00 Terá uma Atualização e assim que possivel ficaremos Online, Provavelmente será 18:00.
[08/02/2016 15:42:01] /bc green Povo Para as Quests Box5 a Boxs15 Voltar, as 17:00 Terá uma Atualização e assim que possivel ficaremos Online, Provavelmente será 18:00.
[08/02/2016 15:42:16] /t
[08/02/2016 15:42:34] /bc green Povo Para as Quests Box5 a Boxs15 Voltar, as 17:00 Terá uma Atualização e assim que possivel ficaremos Online, Provavelmente será 18:00.
[08/02/2016 15:42:49] /c tudo nosso
[08/02/2016 15:42:59] /a 2
[08/02/2016 15:43:02] /bc green Povo Para as Quests Box5 a Boxs15 Voltar, as 17:00 Terá uma Atualização e assim que possivel ficaremos Online, Provavelmente será 18:00.
[08/02/2016 15:43:10] /bc Vou Sortiar....
[08/02/2016 15:43:10] /bc Vou Sortiar....
[08/02/2016 15:43:11] /bc Vou Sortiar....
[08/02/2016 15:43:11] /bc Vou Sortiar....
[08/02/2016 15:43:17] /bc green Vou Sortiar....
[08/02/2016 15:43:18] /bc green Vou Sortiar....
[08/02/2016 15:44:03] /b Atenção Povo vou sortiar fiquem atentos facebook.
[08/02/2016 15:44:04] /b Atenção Povo vou sortiar fiquem atentos facebook.
[08/02/2016 15:44:33] /b Sortiei.
[08/02/2016 15:45:18] /b Irei Postar Print no Grupo, as pessoas Ganhadoras COloque seu nome no jogo nesse poster.
[08/02/2016 15:45:19] /b Irei Postar Print no Grupo, as pessoas Ganhadoras COloque seu nome no jogo nesse poster.
[08/02/2016 15:45:22] /b Irei Postar Print no Grupo, as pessoas Ganhadoras COloque seu nome no jogo nesse poster.
[08/02/2016 15:46:47] /town 16
[08/02/2016 15:48:29] /c Yagami
[08/02/2016 15:50:18] /c Bone
[08/02/2016 15:50:36] /c Dark World
[08/02/2016 15:52:02] /i rare candy
[08/02/2016 15:52:31] /i 2159
[08/02/2016 15:53:15] /b Sabado irei Lançar Outro Evento Sorteio e serão 7 Ganhadores.
[08/02/2016 15:53:55] /t dark World
[08/02/2016 15:54:00] /t yagami
[08/02/2016 15:54:02] /t bone
[08/02/2016 15:54:50] /b Os mlks critica demais manow sem maldade desanima pakas viu.
[08/02/2016 15:55:00] /t
[08/02/2016 15:56:16] /mc
[08/02/2016 15:56:41] /a 5
[08/02/2016 15:56:44] /ghost
[08/02/2016 15:56:49] /goto thunder
[08/02/2016 15:58:01] /town 16
[08/02/2016 15:58:11] /c Shbljgjg
[08/02/2016 15:58:44] /t
[08/02/2016 15:59:03] /town 16
[08/02/2016 15:59:10] /c maome
[08/02/2016 16:00:39] /a 5
[08/02/2016 16:00:42] /c maome
[08/02/2016 16:00:53] /ghost
[08/02/2016 16:02:52] /t maome
[08/02/2016 16:02:53] /a 5
[08/02/2016 16:03:01] /c chapolin
[08/02/2016 16:09:47] /t chapolin
[08/02/2016 16:10:30] /bc green Reelembrando Povo as 17:00 Servidor Entrará em Manutenção Para Readicionarmos as Boxs5 a 15, Estamos Prevendo uma Volta as 18:00.
[08/02/2016 16:10:31] /bc green Reelembrando Povo as 17:00 Servidor Entrará em Manutenção Para Readicionarmos as Boxs5 a 15, Estamos Prevendo uma Volta as 18:00.
[08/02/2016 16:10:32] /bc green Reelembrando Povo as 17:00 Servidor Entrará em Manutenção Para Readicionarmos as Boxs5 a 15, Estamos Prevendo uma Volta as 18:00.
[08/02/2016 16:10:32] /bc green Reelembrando Povo as 17:00 Servidor Entrará em Manutenção Para Readicionarmos as Boxs5 a 15, Estamos Prevendo uma Volta as 18:00.
[08/02/2016 16:10:34] /t
[08/02/2016 16:10:54] /goto Natsumi
[08/02/2016 16:11:21] /r
[08/02/2016 16:11:23] /r
[08/02/2016 16:11:26] /r all
[08/02/2016 16:11:29] /r
[08/02/2016 16:11:29] /r
[08/02/2016 16:11:30] /r
[08/02/2016 16:11:30] /r
[08/02/2016 16:11:30] /r
[08/02/2016 16:11:32] /a 1
[08/02/2016 16:11:39] /i 6593
[08/02/2016 16:11:41] /i 6593
[08/02/2016 16:11:44] /i 6593
[08/02/2016 16:11:48] /i 6593
[08/02/2016 16:11:54] /a 2
[08/02/2016 16:12:01] /r
[08/02/2016 16:12:02] /r
[08/02/2016 16:12:10] /i 6916
[08/02/2016 16:12:16] /r
[08/02/2016 16:12:18] /r
[08/02/2016 16:12:18] /r
[08/02/2016 16:12:19] /r
[08/02/2016 16:12:19] /r
[08/02/2016 16:12:35] /i 6916
[08/02/2016 16:12:37] /r
[08/02/2016 16:13:12] /c natsumi
[08/02/2016 16:13:46] /r
[08/02/2016 16:13:47] /r
[08/02/2016 16:13:47] /r
[08/02/2016 16:17:42] /s Brozong
[08/02/2016 16:17:45] /s Bronzong
[08/02/2016 16:17:52] /n Shiny Bronzong
[08/02/2016 16:17:58] /s shiny bronzong
[08/02/2016 16:18:28] /s shiny mightyena
[08/02/2016 16:18:37] /s ludicolo
[08/02/2016 16:18:42] /s shiny ludicolo
[08/02/2016 16:19:04] /newtype 1750
[08/02/2016 16:19:06] /newtype 1740
[08/02/2016 16:19:09] /newtype 1720
[08/02/2016 16:19:10] /newtype 1721
[08/02/2016 16:19:11] /newtype 1722
[08/02/2016 16:19:11] /newtype 1723
[08/02/2016 16:19:13] /newtype 1724
[08/02/2016 16:19:13] /newtype 1725
[08/02/2016 16:19:14] /newtype 1726
[08/02/2016 16:19:15] /newtype 1727
[08/02/2016 16:19:16] /newtype 1728
[08/02/2016 16:19:25] /s shiny gardevoir
[08/02/2016 16:19:40] /s swellow
[08/02/2016 16:20:08] /s shiny slowking
[08/02/2016 16:20:13] /s shiny misdreavus
[08/02/2016 16:20:45] /n shiny sableye
[08/02/2016 16:20:49] /s shiny sableye
[08/02/2016 16:21:21] /s shiny wobbuffet
[08/02/2016 16:21:30] /s shiny ursaring
[08/02/2016 16:22:00] /s shiny lapras
[08/02/2016 16:22:55] /t natsumi
[08/02/2016 16:22:56] /t
[08/02/2016 16:23:02] /a 5
[08/02/2016 16:23:51] /newtype 1722
[08/02/2016 16:23:53] /newtype 1723
[08/02/2016 16:23:54] /newtype 1725
[08/02/2016 16:23:55] /newtype 1726
[08/02/2016 16:23:56] /newtype 1728
[08/02/2016 16:23:57] /newtype 1729
[08/02/2016 16:25:58] /m shiny steelix
[08/02/2016 16:26:03] /r
[08/02/2016 16:26:07] /s shiny steelix
[08/02/2016 16:26:19] /newtype 660
[08/02/2016 16:26:58] /ghost
[08/02/2016 16:27:32] /bc green Ho-oh Esta Planejando Matar Todos Players de saffro, Evite esse plano maligno e mate o ho-oh e ganhe xp.
[08/02/2016 16:27:33] /bc green Ho-oh Esta Planejando Matar Todos Players de saffro, Evite esse plano maligno e mate o ho-oh e ganhe xp.
[08/02/2016 16:27:34] /bc green Ho-oh Esta Planejando Matar Todos Players de saffro, Evite esse plano maligno e mate o ho-oh e ganhe xp.
[08/02/2016 16:27:34] /bc green Ho-oh Esta Planejando Matar Todos Players de saffro, Evite esse plano maligno e mate o ho-oh e ganhe xp.
[08/02/2016 16:27:35] /bc green Ho-oh Esta Planejando Matar Todos Players de saffro, Evite esse plano maligno e mate o ho-oh e ganhe xp.
[08/02/2016 16:27:37] /bc green Ho-oh Esta Planejando Matar Todos Players de saffro, Evite esse plano maligno e mate o ho-oh e ganhe xp.
[08/02/2016 16:27:41] /m ho-oh
[08/02/2016 16:27:54] /bc green Ho-oh Esta Planejando Matar Todos Players de saffro, Evite esse plano maligno e mate o ho-oh e ganhe xp.
[08/02/2016 16:29:08] /bc green Ho-oh Esta Planejando Matar Todos Players de saffro, Evite esse plano maligno e mate o ho-oh e ganhe xp.
[08/02/2016 16:29:10] /bc green Ho-oh Esta Planejando Matar Todos Players de saffro, Evite esse plano maligno e mate o ho-oh e ganhe xp.
[08/02/2016 16:29:20] /bc green Ho-oh Esta Planejando Matar Todos Players de saffro, Evite esse plano maligno e mate o ho-oh e ganhe xp.
[08/02/2016 16:29:44] /attr health -100000
[08/02/2016 16:29:46] /attr health -100000
[08/02/2016 16:29:46] /attr health -100000
[08/02/2016 16:29:47] /attr health -100000
[08/02/2016 16:29:47] /attr health -100000
[08/02/2016 16:29:47] /attr health -100000
[08/02/2016 16:29:48] /attr health -100000
[08/02/2016 16:29:48] /attr health -100000
[08/02/2016 16:29:50] /attr health -1000000
[08/02/2016 16:30:17] /attr health -1000000
[08/02/2016 16:30:23] /attr health -100000
[08/02/2016 16:30:25] /attr health -100000
[08/02/2016 16:30:25] /attr health -100000
[08/02/2016 16:30:26] /attr health -100000
[08/02/2016 16:30:26] /attr health -100000
[08/02/2016 16:30:27] /attr health -100000
[08/02/2016 16:30:27] /attr health -100000
[08/02/2016 16:30:28] /attr health -100000
[08/02/2016 16:30:28] /attr health -100000
[08/02/2016 16:30:29] /attr health -100000
[08/02/2016 16:30:29] /attr health -100000
[08/02/2016 16:30:30] /attr health -100000
[08/02/2016 16:38:44] /i x-return t5
[08/02/2016 16:39:08] /ghost
[08/02/2016 16:40:00] /addskill [ADM] Lucas,lvl,70
[08/02/2016 16:40:23] /i fainted shiny gardevoir
[08/02/2016 16:40:23] /i fainted shiny gardevoir
[08/02/2016 16:40:23] /i fainted shiny gardevoir
[08/02/2016 16:40:35] /r all
[08/02/2016 16:41:38] /info yagami
[08/02/2016 16:42:59] /i x-return t7
[08/02/2016 16:43:08] /i y-regeneration t7
[08/02/2016 16:45:37] /bc green Ao Primeiro que Adquirir Shiny Bronzong Dou 50 Candyes.
[08/02/2016 16:45:39] /bc green Ao Primeiro que Adquirir Shiny Bronzong Dou 50 Candyes.
[08/02/2016 16:46:19] /bc green 17 Minutos Servidor Entrará em Manutenção.
[08/02/2016 16:46:21] /bc green 17 Minutos Servidor Entrará em Manutenção.
[08/02/2016 16:46:21] /bc green 17 Minutos Servidor Entrará em Manutenção.
[08/02/2016 16:46:22] /bc green 17 Minutos Servidor Entrará em Manutenção.
[08/02/2016 16:49:30] /goto belin belao
[08/02/2016 16:49:31] /goto belin belao
[08/02/2016 16:50:11] /b O cara acha que eu hostio o servidor, pelo contrario amigo servidor contém VPS, so que essa vps saiu do nosso bolso então é uma Vps razuavel, se quer que o servidor não trave Donate e ajude comprar vps melhor.
[08/02/2016 16:50:11] /b O cara acha que eu hostio o servidor, pelo contrario amigo servidor contém VPS, so que essa vps saiu do nosso bolso então é uma Vps razuavel, se quer que o servidor não trave Donate e ajude comprar vps melhor.
[08/02/2016 16:50:12] /b O cara acha que eu hostio o servidor, pelo contrario amigo servidor contém VPS, so que essa vps saiu do nosso bolso então é uma Vps razuavel, se quer que o servidor não trave Donate e ajude comprar vps melhor.
[08/02/2016 16:50:20] /a 5
[08/02/2016 16:50:22] /a 10
[08/02/2016 16:50:40] /a 5
[08/02/2016 16:51:47] /mc
[08/02/2016 16:52:13] /b Pikachu e Male mesma pessoa MC supondo criando fake se nao parar é BAN IP
[08/02/2016 16:52:14] /b Pikachu e Male mesma pessoa MC supondo criando fake se nao parar é BAN IP
[08/02/2016 16:52:15] /b Pikachu e Male mesma pessoa MC supondo criando fake se nao parar é BAN IP
[08/02/2016 16:52:18] /goto Pikachu
[08/02/2016 16:52:29] /mc
[08/02/2016 16:53:53] /bc green Servidor Ira Entrar em Manutenção em 10 Minutos Salvem Suas Accs e Esperem CP Saffron.
[08/02/2016 16:53:54] /bc green Servidor Ira Entrar em Manutenção em 10 Minutos Salvem Suas Accs e Esperem CP Saffron.
[08/02/2016 16:53:54] /bc green Servidor Ira Entrar em Manutenção em 10 Minutos Salvem Suas Accs e Esperem CP Saffron.
[08/02/2016 16:53:55] /bc green Servidor Ira Entrar em Manutenção em 10 Minutos Salvem Suas Accs e Esperem CP Saffron.
[08/02/2016 16:53:56] /bc green Servidor Ira Entrar em Manutenção em 10 Minutos Salvem Suas Accs e Esperem CP Saffron.
[08/02/2016 16:53:56] /bc green Servidor Ira Entrar em Manutenção em 10 Minutos Salvem Suas Accs e Esperem CP Saffron.
[08/02/2016 16:54:09] /bc green Servidor Ira Entrar em Manutenção em 10 Minutos Salvem Suas Accs e Esperem CP Saffron.
[08/02/2016 16:54:09] /bc green Servidor Ira Entrar em Manutenção em 10 Minutos Salvem Suas Accs e Esperem CP Saffron.
[08/02/2016 16:54:10] /bc green Servidor Ira Entrar em Manutenção em 10 Minutos Salvem Suas Accs e Esperem CP Saffron.
[08/02/2016 16:54:11] /bc green Servidor Ira Entrar em Manutenção em 10 Minutos Salvem Suas Accs e Esperem CP Saffron.
[08/02/2016 16:54:13] /bc green Servidor Ira Entrar em Manutenção em 10 Minutos Salvem Suas Accs e Esperem CP Saffron.
[08/02/2016 16:54:14] /bc green Servidor Ira Entrar em Manutenção em 10 Minutos Salvem Suas Accs e Esperem CP Saffron.
[08/02/2016 16:54:15] /bc green Servidor Ira Entrar em Manutenção em 10 Minutos Salvem Suas Accs e Esperem CP Saffron.
[08/02/2016 16:54:15] /bc green Servidor Ira Entrar em Manutenção em 10 Minutos Salvem Suas Accs e Esperem CP Saffron.
[08/02/2016 16:54:40] /bc green Servidor Ira Entrar em Manutenção em 10 Minutos Salvem Suas Accs e Esperem CP Saffron.
[08/02/2016 16:55:25] /bc green Servidor Ira Entrar em Manutenção em 10 Minutos Salvem Suas Accs e Esperem CP Saffron.
[08/02/2016 16:56:57] /ghost
[08/02/2016 16:57:26] /bc green Servidor Ira Entrar em Manutenção em 6 Minutos Salvem Suas Accs e Esperem CP Saffron.
[08/02/2016 16:58:07] /bc green 50 Segundos Irei dar Closeserver. Para não haver Perdas.
[08/02/2016 16:58:09] /bc green 50 Segundos Irei dar Closeserver. Para não haver Perdas.
[08/02/2016 16:58:10] /bc green 50 Segundos Irei dar Closeserver. Para não haver Perdas.
[08/02/2016 16:58:12] /bc green 50 Segundos Irei dar Closeserver. Para não haver Perdas.
[08/02/2016 16:58:26] /bc green 40 Segundos Irei dar Closeserver. Para não haver Perdas.
[08/02/2016 16:58:33] /bc green 40 Segundos Irei dar Closeserver. Para não haver Perdas.
[08/02/2016 16:58:33] /bc green 40 Segundos Irei dar Closeserver. Para não haver Perdas.
[08/02/2016 16:58:34] /bc green 40 Segundos Irei dar Closeserver. Para não haver Perdas.
[08/02/2016 16:58:34] /bc green 40 Segundos Irei dar Closeserver. Para não haver Perdas.
[08/02/2016 16:58:45] /bc green 30 Segundos Irei dar Closeserver. Para não haver Perdas.
[08/02/2016 16:58:46] /bc green 30 Segundos Irei dar Closeserver. Para não haver Perdas.
[08/02/2016 16:58:47] /bc green 30 Segundos Irei dar Closeserver. Para não haver Perdas.
[08/02/2016 16:58:48] /bc green 30 Segundos Irei dar Closeserver. Para não haver Perdas.
[08/02/2016 16:59:07] /bc green 20 Segundos Irei dar Closeserver. Para não haver Perdas.
[08/02/2016 16:59:09] /bc green 20 Segundos Irei dar Closeserver. Para não haver Perdas.
[08/02/2016 16:59:10] /bc green 20 Segundos Irei dar Closeserver. Para não haver Perdas.
[08/02/2016 16:59:28] /bc green 10 Segundos Irei dar Closeserver. Para não haver Perdas.
[08/02/2016 16:59:34] /bc green 10
[08/02/2016 16:59:35] /bc green 9
[08/02/2016 16:59:37] /bc green 8
[08/02/2016 16:59:39] /bc green 7
[08/02/2016 16:59:40] /bc green 6
[08/02/2016 16:59:42] /bc green 5
[08/02/2016 16:59:44] /bc green 4
[08/02/2016 16:59:46] /bc green 3
[08/02/2016 16:59:47] /bc green 2
[08/02/2016 16:59:49] /bc green 1
[08/02/2016 16:59:50] /bc green 0
[08/02/2016 16:59:53] /closeserver
[08/02/2016 17:00:37] /save
[08/02/2016 17:00:43] /save
[08/02/2016 17:00:45] /save
[08/02/2016 17:00:52] /save
[08/02/2016 19:50:07] /r all
[08/02/2016 19:50:11] /i 2160
[08/02/2016 20:12:35] /goto [dono] hisoka fail
[08/02/2016 20:23:27] /t
[08/02/2016 20:23:55] /info bruno
[08/02/2016 20:24:03] /goto bruno
[08/02/2016 20:25:32] /t
[08/02/2016 20:26:08] /ghost
[08/02/2016 20:31:01] /b Lembrando povo que bm está Double boost supondo o boost esta mais facil so é 300 stones pq ta double :D
[08/02/2016 20:31:08] /a 2
[08/02/2016 20:31:42] /i earth stone
[08/02/2016 20:31:51] /i metal coat
[08/02/2016 20:32:03] /a 5
[08/02/2016 20:32:11] /i rock stone
[08/02/2016 20:35:05] /a 10
[08/02/2016 20:35:56] /i 2160
[08/02/2016 20:36:30] /a 15
[08/02/2016 20:37:19] /t
[08/02/2016 20:37:32] /a 1
[08/02/2016 20:37:34] /a 1
[08/02/2016 20:37:37] /ghost
[08/02/2016 20:38:42] /bc green Quando eu voltar se o ot tiver 60 Ons SEM MC, Darei 2 Milions Dollar + 50 Cyrstal Stone a all Online, Volto as 22:00.
[08/02/2016 20:38:43] /bc green Quando eu voltar se o ot tiver 60 Ons SEM MC, Darei 2 Milions Dollar + 50 Cyrstal Stone a all Online, Volto as 22:00.
[08/02/2016 20:39:11] /bc green Quando eu voltar se o ot tiver 60 Ons SEM MC, Darei 2 Milions Dollar + 50 Cyrstal Stone a all Online, Volto as 22:00.
[08/02/2016 20:39:38] /bc green Quando eu voltar se o ot tiver 60 Ons SEM MC, Darei 2 Milions Dollar + 50 Cyrstal Stone a all Online, Volto as 22:00.
[08/02/2016 20:40:29] /goto thunder
[08/02/2016 20:41:13] /t thunder
[08/02/2016 20:41:16] /t
[08/02/2016 20:41:30] /bc green Quando eu voltar se o ot tiver 60 Ons SEM MC, Darei 2 Milions Dollar + 50 Cyrstal Stone a all Online, Volto as 22:00. 
[08/02/2016 20:41:30] /bc green Quando eu voltar se o ot tiver 60 Ons SEM MC, Darei 2 Milions Dollar + 50 Cyrstal Stone a all Online, Volto as 22:00. 
[08/02/2016 21:45:13] /b ot ta com lag ? me responda Help.
[08/02/2016 21:45:15] /ghost
[08/02/2016 21:45:34] /a 5
[08/02/2016 21:45:42] /goto rebecca
[08/02/2016 21:46:31] /goto Rebecca
[08/02/2016 21:47:09] /goto Rebecca
[08/02/2016 21:50:06] /goto ditto
[08/02/2016 21:50:29] /t
[08/02/2016 21:50:38] /b Vou Jantar povo.
[08/02/2016 21:51:27] /b Afk' povo vou jantar;
[08/02/2016 21:51:30] /b Afk' povo vou jantar.
[08/02/2016 22:17:09] /ghost
[08/02/2016 22:17:39] /i 14576
[08/02/2016 22:17:40] /i 14576
[08/02/2016 22:17:41] /i 14576
[08/02/2016 22:17:55] /i revive
[08/02/2016 22:18:03] /i dark ball
[08/02/2016 22:29:42] /addskill Buch,lvl,150
[08/02/2016 22:30:06] /i shiny poke box +1
[08/02/2016 22:30:13] /i shiny poke box +1
[08/02/2016 22:30:28] /goto bronzong
[08/02/2016 22:30:37] /attr health -1000000
[08/02/2016 22:30:44] /attr health -1000000
[08/02/2016 22:30:46] /goto bronzong
[08/02/2016 22:30:49] /attr health -1000000
[08/02/2016 22:30:50] /goto bronzong
[08/02/2016 22:31:00] /t
[08/02/2016 22:31:35] /i fainted shiny tangela
[08/02/2016 22:31:36] /i fainted shiny tangela
[08/02/2016 22:31:36] /i fainted shiny tangela
[08/02/2016 22:31:37] /i fainted shiny tangela
[08/02/2016 22:31:37] /i fainted shiny tangela
[08/02/2016 22:31:37] /i fainted shiny tangela
[08/02/2016 22:31:38] /i fainted shiny tangela
[08/02/2016 22:31:38] /i fainted shiny tangela
[08/02/2016 22:31:38] /i fainted shiny tangela
[08/02/2016 22:31:39] /i fainted shiny tangela
[08/02/2016 22:31:39] /i fainted shiny tangela
[08/02/2016 22:31:40] /i fainted shiny tangela
[08/02/2016 22:31:40] /i fainted shiny tangela
[08/02/2016 22:31:41] /i fainted shiny tangela
[08/02/2016 22:31:41] /i fainted shiny tangela
[08/02/2016 22:31:41] /i fainted shiny tangela
[08/02/2016 22:31:42] /i fainted shiny tangela
[08/02/2016 22:31:42] /i fainted shiny tangela
[08/02/2016 22:31:43] /i fainted shiny tangela
[08/02/2016 22:31:43] /i fainted shiny tangela
[08/02/2016 22:31:43] /i fainted shiny tangela
[08/02/2016 22:31:44] /i fainted shiny tangela
[08/02/2016 22:31:44] /i fainted shiny tangela
[08/02/2016 22:31:44] /i fainted shiny tangela
[08/02/2016 22:46:41] /i 2159
[08/02/2016 23:30:56] /addskill Buch,lvl,50
[08/02/2016 23:31:21] /attr set boost 50
[08/02/2016 23:31:34] /i fainted shiny charizard
[08/02/2016 23:31:59] /attr set boost 50
[08/02/2016 23:32:15] /i x-attack t5
[08/02/2016 23:32:16] /i x-attack t5
[08/02/2016 23:32:18] /i x-attack t5
[08/02/2016 23:32:26] /i x-regeneration t5
[08/02/2016 23:32:31] /i y-regeneration t5
[08/02/2016 23:32:32] /i y-regeneration t5
[08/02/2016 23:32:32] /i y-regeneration t5
[08/02/2016 23:32:32] /i y-regeneration t5
[09/02/2016 00:10:23] /goto Buch
[09/02/2016 00:10:42] /r all]
[09/02/2016 00:10:47] /t
[09/02/2016 02:10:21] /ghost
[09/02/2016 02:10:22] /ghost
[09/02/2016 02:10:36] /i bag box
[09/02/2016 02:10:42] /i earth stone
[09/02/2016 02:10:45] /i rock stone
[09/02/2016 02:10:50] /i metal stone
[09/02/2016 02:10:54] /i ancient stone
[09/02/2016 02:11:00] /i ancient stone
[09/02/2016 02:11:02] /i ancient stone
[09/02/2016 12:34:29] /t
[09/02/2016 12:37:59] /goto bronzong
[09/02/2016 12:38:04] /town 16
[09/02/2016 12:38:15] /m caterpie
[09/02/2016 12:38:23] /reload config
[09/02/2016 12:38:26] /m caterpie
[09/02/2016 12:38:58] /reload config
[09/02/2016 12:39:01] /m caterpie
[09/02/2016 12:39:12] /reload actions
[09/02/2016 12:45:14] /m caterpie
[09/02/2016 12:45:21] /t
[09/02/2016 12:46:48] /ghost
[09/02/2016 12:47:41] /c come on
[09/02/2016 12:47:55] /r
[09/02/2016 12:49:07] /info come on
[09/02/2016 12:51:46] /c come on
[09/02/2016 12:51:47] /c come on
[09/02/2016 12:52:10] /c come on
[09/02/2016 12:53:36] /spy tita
[09/02/2016 12:53:43] /info tita
[09/02/2016 12:57:28] /goto shiny gardevoir
[09/02/2016 12:57:33] /r all
[09/02/2016 12:57:35] /r
[09/02/2016 12:57:36] /r
[09/02/2016 12:57:37] /goto shiny gardevoir
[09/02/2016 12:58:15] /t
[09/02/2016 13:01:08] /bc green Pessoal ja tirei double xp kkk
[09/02/2016 13:01:42] /b Double XP Dnv so quando o ot tiver 75 Players Online.
[09/02/2016 13:02:33] /goto [Dono] Hisoka Fail
[09/02/2016 13:04:38] /c [dono] hisoka fail
[09/02/2016 13:10:24] /i x-coolddown t7
[09/02/2016 13:10:30] /i x-attack t7
[09/02/2016 13:10:38] /i x-cooldown t7
[09/02/2016 13:17:06] /b fmz pera tou adicionando npc tier 7 calma
[09/02/2016 13:17:13] /t jamai
[09/02/2016 13:17:17] /t killua
[09/02/2016 13:17:40] /goto overlord
[09/02/2016 13:18:08] /r
[09/02/2016 13:18:24] /c overlord
[09/02/2016 13:19:45] /goto overlord
[09/02/2016 13:19:56] /c overlrod
[09/02/2016 13:20:00] /c overlord
[09/02/2016 13:20:35] /town 16
[09/02/2016 13:24:53] /i X-defense t7
[09/02/2016 13:24:57] /i x-boost t7
[09/02/2016 13:25:03] /i x-return t7
[09/02/2016 13:25:10] /i Y-cure t7
[09/02/2016 13:25:16] /i y-renegeration t7
[09/02/2016 13:25:24] /i y-renegeration t7
[09/02/2016 13:25:47] /i y-regeneration t7
[09/02/2016 13:29:05] /mc
[09/02/2016 13:29:13] /kick Baby Face
[09/02/2016 13:29:18] /kick Shaddowmito
[09/02/2016 13:29:20] /kick yooda
[09/02/2016 13:29:24] /kick Luluhh
[09/02/2016 13:29:26] /mc
[09/02/2016 13:29:31] /kick yooda
[09/02/2016 13:29:36] /kick shaddowmito
[09/02/2016 13:29:38] /mc
[09/02/2016 13:29:44] /ghost
[09/02/2016 13:29:47] /goto baby face
[09/02/2016 13:29:52] /goto luluhh
[09/02/2016 13:30:45] /goto yooda
[09/02/2016 13:30:50] /mc
[09/02/2016 13:31:17] /goto shadowmito
[09/02/2016 13:31:30] /mc
[09/02/2016 13:31:41] /goto Shaddowmito
[09/02/2016 13:32:16] /town 16
[09/02/2016 13:34:15] /save
[09/02/2016 13:34:23] /reload npcs
[09/02/2016 13:34:29] /n tiermond
[09/02/2016 13:34:33] /r
[09/02/2016 13:34:34] /t
[09/02/2016 13:34:39] /b wang ta ae?
[09/02/2016 13:35:04] /r
[09/02/2016 13:35:07] /n tiermond
[09/02/2016 13:35:37] /goto luluhh
[09/02/2016 13:37:18] /t
[09/02/2016 13:37:24] /town 16
[09/02/2016 13:47:56] /save
[09/02/2016 13:48:10] /c wang
[09/02/2016 13:48:16] /reload talkactions
[09/02/2016 13:48:30] /b Wang Está online? preciso te mostrar uma coisa u.u
[09/02/2016 13:48:30] /b Wang Está online? preciso te mostrar uma coisa u.u
[09/02/2016 13:51:52] /c [Dono] Hisoka Fail
[09/02/2016 13:52:52] /n tiermond
[09/02/2016 13:52:56] /r
[09/02/2016 13:53:00] /r
[09/02/2016 13:53:02] /t
[09/02/2016 14:05:17] /config
[09/02/2016 14:06:00] /squelch
[09/02/2016 14:06:11] /storage
[09/02/2016 14:06:29] /squelch
[09/02/2016 14:06:40] /t
[09/02/2016 14:08:01] /bc green Está preso? Utilise o Comando !bug.
[09/02/2016 14:09:40] /info tobias
[09/02/2016 14:10:31] /ghost
[09/02/2016 15:10:12] /ghost
[09/02/2016 15:10:16] /goto buch
[09/02/2016 15:10:19] /m shiny rhydon
[09/02/2016 15:10:20] /m shiny rhydon
[09/02/2016 15:10:20] /m shiny rhydon
[09/02/2016 15:10:21] /m shiny rhydon
[09/02/2016 15:10:21] /m shiny rhydon
[09/02/2016 15:10:22] /m shiny rhydon
[09/02/2016 15:10:43] /i fainted shiny rhydon
[09/02/2016 15:10:43] /i fainted shiny rhydon
[09/02/2016 15:10:43] /i fainted shiny rhydon
[09/02/2016 15:10:43] /i fainted shiny rhydon
[09/02/2016 15:10:43] /i fainted shiny rhydon
[09/02/2016 15:10:43] /i fainted shiny rhydon
[09/02/2016 15:10:43] /i fainted shiny rhydon
[09/02/2016 15:10:43] /i fainted shiny rhydon
[09/02/2016 15:10:44] /i fainted shiny rhydon
[09/02/2016 15:10:44] /i fainted shiny rhydon
[09/02/2016 15:10:44] /i fainted shiny rhydon
[09/02/2016 15:10:44] /i fainted shiny rhydon
[09/02/2016 15:10:44] /i fainted shiny rhydon
[09/02/2016 15:10:44] /i fainted shiny rhydon
[09/02/2016 15:10:44] /i fainted shiny rhydon
[09/02/2016 15:10:44] /i fainted shiny rhydon
[09/02/2016 15:10:44] /i fainted shiny rhydon
[09/02/2016 15:10:44] /i fainted shiny rhydon
[09/02/2016 15:10:44] /i fainted shiny rhydon
[09/02/2016 15:11:07] /m shiny rhydon
[09/02/2016 15:11:07] /m shiny rhydon
[09/02/2016 15:11:07] /m shiny rhydon
[09/02/2016 15:11:07] /m shiny rhydon
[09/02/2016 15:11:07] /m shiny rhydon
[09/02/2016 15:11:07] /m shiny rhydon
[09/02/2016 15:11:08] /m shiny rhydon
[09/02/2016 15:11:08] /m shiny rhydon
[09/02/2016 15:11:08] /m shiny rhydon
[09/02/2016 15:11:08] /m shiny rhydon
[09/02/2016 15:11:08] /m shiny rhydon
[09/02/2016 15:11:08] /m shiny rhydon
[09/02/2016 15:11:08] /m shiny rhydon
[09/02/2016 15:11:08] /m shiny rhydon
[09/02/2016 15:11:08] /m shiny rhydon
[09/02/2016 15:11:08] /m shiny rhydon
[09/02/2016 15:11:08] /m shiny rhydon
[09/02/2016 15:11:08] /m shiny rhydon
[09/02/2016 15:11:08] /m shiny rhydon
[09/02/2016 15:11:08] /m shiny rhydon
[09/02/2016 15:11:08] /m shiny rhydon
[09/02/2016 15:11:08] /m shiny rhydon
[09/02/2016 15:11:08] /m shiny rhydon
[09/02/2016 15:11:08] /m shiny rhydon
[09/02/2016 15:11:08] /m shiny rhydon
[09/02/2016 15:11:08] /m shiny rhydon
[09/02/2016 15:11:08] /m shiny rhydon
[09/02/2016 15:11:08] /m shiny rhydon
[09/02/2016 15:11:08] /m shiny rhydon
[09/02/2016 15:11:08] /m shiny rhydon
[09/02/2016 15:11:08] /m shiny rhydon
[09/02/2016 15:11:08] /m shiny rhydon
[09/02/2016 15:11:09] /m shiny rhydon
[09/02/2016 15:11:09] /m shiny rhydon
[09/02/2016 15:11:09] /m shiny rhydon
[09/02/2016 15:11:09] /m shiny rhydon
[09/02/2016 15:11:09] /m shiny rhydon
[09/02/2016 15:11:09] /m shiny rhydon
[09/02/2016 15:11:09] /m shiny rhydon
[09/02/2016 15:11:09] /m shiny rhydon
[09/02/2016 15:11:09] /m shiny rhydon
[09/02/2016 15:11:09] /m shiny rhydon
[09/02/2016 15:11:09] /m shiny rhydon
[09/02/2016 15:11:09] /m shiny rhydon
[09/02/2016 15:11:09] /m shiny rhydon
[09/02/2016 15:11:09] /m shiny rhydon
[09/02/2016 15:11:09] /m shiny rhydon
[09/02/2016 15:11:09] /m shiny rhydon
[09/02/2016 15:11:09] /m shiny rhydon
[09/02/2016 15:11:09] /m shiny rhydon
[09/02/2016 15:11:09] /m shiny rhydon
[09/02/2016 15:11:09] /m shiny rhydon
[09/02/2016 15:11:09] /m shiny rhydon
[09/02/2016 15:11:09] /m shiny rhydon
[09/02/2016 15:11:09] /m shiny rhydon
[09/02/2016 15:11:09] /m shiny rhydon
[09/02/2016 15:11:10] /m shiny rhydon
[09/02/2016 15:11:10] /m shiny rhydon
[09/02/2016 15:11:10] /m shiny rhydon
[09/02/2016 15:11:10] /m shiny rhydon
[09/02/2016 15:11:10] /m shiny rhydon
[09/02/2016 15:11:10] /m shiny rhydon
[09/02/2016 15:11:10] /m shiny rhydon
[09/02/2016 15:11:10] /m shiny rhydon
[09/02/2016 15:11:10] /m shiny rhydon
[09/02/2016 15:11:10] /m shiny rhydon
[09/02/2016 15:11:10] /m shiny rhydon
[09/02/2016 15:11:10] /m shiny rhydon
[09/02/2016 15:11:10] /m shiny rhydon
[09/02/2016 15:11:10] /m shiny rhydon
[09/02/2016 15:11:10] /m shiny rhydon
[09/02/2016 15:11:10] /m shiny rhydon
[09/02/2016 15:11:10] /m shiny rhydon
[09/02/2016 15:11:10] /m shiny rhydon
[09/02/2016 15:11:10] /m shiny rhydon
[09/02/2016 15:11:10] /m shiny rhydon
[09/02/2016 15:11:10] /m shiny rhydon
[09/02/2016 15:11:10] /m shiny rhydon
[09/02/2016 15:11:10] /m shiny rhydon
[09/02/2016 15:11:11] /m shiny rhydon
[09/02/2016 15:11:11] /m shiny rhydon
[09/02/2016 15:11:11] /m shiny rhydon
[09/02/2016 15:11:11] /m shiny rhydon
[09/02/2016 15:11:11] /m shiny rhydon
[09/02/2016 15:11:11] /m shiny rhydon
[09/02/2016 15:11:11] /m shiny rhydon
[09/02/2016 15:11:11] /m shiny rhydon
[09/02/2016 15:11:11] /m shiny rhydon
[09/02/2016 15:11:11] /m shiny rhydon
[09/02/2016 15:11:11] /m shiny rhydon
[09/02/2016 15:11:11] /m shiny rhydon
[09/02/2016 15:11:11] /m shiny rhydon
[09/02/2016 15:11:11] /m shiny rhydon
[09/02/2016 15:11:11] /m shiny rhydon
[09/02/2016 15:11:11] /m shiny rhydon
[09/02/2016 15:11:11] /m shiny rhydon
[09/02/2016 15:11:12] /m shiny rhydon
[09/02/2016 15:11:12] /m shiny rhydon
[09/02/2016 15:11:12] /m shiny rhydon
[09/02/2016 15:11:12] /m shiny rhydon
[09/02/2016 15:11:12] /m shiny rhydon
[09/02/2016 15:11:12] /m shiny rhydon
[09/02/2016 15:11:12] /m shiny rhydon
[09/02/2016 15:11:12] /m shiny rhydon
[09/02/2016 15:11:12] /m shiny rhydon
[09/02/2016 15:11:12] /m shiny rhydon
[09/02/2016 15:11:12] /m shiny rhydon
[09/02/2016 15:11:12] /m shiny rhydon
[09/02/2016 15:11:12] /m shiny rhydon
[09/02/2016 15:11:12] /m shiny rhydon
[09/02/2016 15:11:12] /m shiny rhydon
[09/02/2016 15:11:12] /m shiny rhydon
[09/02/2016 15:11:12] /m shiny rhydon
[09/02/2016 15:11:12] /m shiny rhydon
[09/02/2016 15:11:12] /m shiny rhydon
[09/02/2016 15:11:12] /m shiny rhydon
[09/02/2016 15:11:12] /m shiny rhydon
[09/02/2016 15:11:12] /m shiny rhydon
[09/02/2016 15:11:12] /m shiny rhydon
[09/02/2016 15:11:12] /m shiny rhydon
[09/02/2016 15:11:12] /m shiny rhydon
[09/02/2016 15:11:12] /m shiny rhydon
[09/02/2016 15:11:13] /m shiny rhydon
[09/02/2016 15:11:13] /m shiny rhydon
[09/02/2016 15:11:13] /m shiny rhydon
[09/02/2016 15:11:13] /m shiny rhydon
[09/02/2016 15:11:13] /m shiny rhydon
[09/02/2016 15:11:13] /m shiny rhydon
[09/02/2016 15:11:13] /m shiny rhydon
[09/02/2016 15:11:13] /m shiny rhydon
[09/02/2016 15:11:13] /m shiny rhydon
[09/02/2016 15:11:13] /m shiny rhydon
[09/02/2016 15:11:13] /m shiny rhydon
[09/02/2016 15:11:13] /m shiny rhydon
[09/02/2016 15:11:13] /m shiny rhydon
[09/02/2016 15:11:13] /m shiny rhydon
[09/02/2016 15:11:13] /m shiny rhydon
[09/02/2016 15:11:13] /m shiny rhydon
[09/02/2016 15:11:13] /m shiny rhydon
[09/02/2016 15:11:13] /m shiny rhydon
[09/02/2016 15:11:13] /m shiny rhydon
[09/02/2016 15:11:13] /m shiny rhydon
[09/02/2016 15:11:13] /m shiny rhydon
[09/02/2016 15:11:14] /m shiny rhydon
[09/02/2016 15:11:14] /m shiny rhydon
[09/02/2016 15:11:14] /m shiny rhydon
[09/02/2016 15:11:14] /m shiny rhydon
[09/02/2016 15:11:14] /m shiny rhydon
[09/02/2016 15:11:14] /m shiny rhydon
[09/02/2016 15:11:14] /m shiny rhydon
[09/02/2016 15:11:14] /m shiny rhydon
[09/02/2016 15:11:14] /m shiny rhydon
[09/02/2016 15:11:14] /m shiny rhydon
[09/02/2016 15:11:14] /m shiny rhydon
[09/02/2016 15:11:14] /m shiny rhydon
[09/02/2016 15:11:14] /m shiny rhydon
[09/02/2016 15:11:14] /m shiny rhydon
[09/02/2016 15:11:14] /m shiny rhydon
[09/02/2016 15:11:14] /m shiny rhydon
[09/02/2016 15:11:14] /m shiny rhydon
[09/02/2016 15:11:14] /m shiny rhydon
[09/02/2016 15:11:14] /m shiny rhydon
[09/02/2016 15:11:14] /m shiny rhydon
[09/02/2016 15:11:14] /m shiny rhydon
[09/02/2016 15:11:14] /m shiny rhydon
[09/02/2016 15:11:14] /m shiny rhydon
[09/02/2016 15:11:14] /m shiny rhydon
[09/02/2016 15:11:14] /m shiny rhydon
[09/02/2016 15:11:14] /m shiny rhydon
[09/02/2016 15:11:15] /m shiny rhydon
[09/02/2016 15:11:15] /m shiny rhydon
[09/02/2016 15:11:15] /m shiny rhydon
[09/02/2016 15:11:15] /m shiny rhydon
[09/02/2016 15:11:15] /m shiny rhydon
[09/02/2016 15:11:15] /m shiny rhydon
[09/02/2016 15:11:15] /m shiny rhydon
[09/02/2016 15:11:15] /m shiny rhydon
[09/02/2016 15:11:15] /m shiny rhydon
[09/02/2016 15:11:15] /m shiny rhydon
[09/02/2016 15:11:15] /m shiny rhydon
[09/02/2016 15:11:15] /m shiny rhydon
[09/02/2016 15:11:15] /m shiny rhydon
[09/02/2016 15:11:15] /m shiny rhydon
[09/02/2016 15:11:15] /m shiny rhydon
[09/02/2016 15:11:15] /m shiny rhydon
[09/02/2016 15:11:15] /m shiny rhydon
[09/02/2016 15:11:15] /m shiny rhydon
[09/02/2016 15:11:15] /m shiny rhydon
[09/02/2016 15:11:15] /m shiny rhydon
[09/02/2016 15:11:15] /m shiny rhydon
[09/02/2016 15:11:15] /m shiny rhydon
[09/02/2016 15:11:15] /m shiny rhydon
[09/02/2016 15:11:15] /m shiny rhydon
[09/02/2016 15:11:15] /m shiny rhydon
[09/02/2016 15:11:15] /m shiny rhydon
[09/02/2016 15:11:15] /m shiny rhydon
[09/02/2016 15:11:16] /m shiny rhydon
[09/02/2016 15:11:16] /m shiny rhydon
[09/02/2016 15:11:16] /m shiny rhydon
[09/02/2016 15:11:16] /m shiny rhydon
[09/02/2016 15:11:16] /m shiny rhydon
[09/02/2016 15:11:16] /m shiny rhydon
[09/02/2016 15:11:16] /m shiny rhydon
[09/02/2016 15:11:16] /m shiny rhydon
[09/02/2016 15:11:16] /m shiny rhydon
[09/02/2016 15:11:18] /m shiny rhydon
[09/02/2016 15:11:19] /m shiny rhydon
[09/02/2016 15:11:19] /m shiny rhydon
[09/02/2016 15:11:19] /m shiny rhydon
[09/02/2016 15:11:19] /m shiny rhydon
[09/02/2016 15:11:19] /m shiny rhydon
[09/02/2016 15:11:19] /m shiny rhydon
[09/02/2016 15:11:19] /m shiny rhydon
[09/02/2016 15:11:19] /m shiny rhydon
[09/02/2016 15:11:19] /m shiny rhydon
[09/02/2016 15:11:19] /m shiny rhydon
[09/02/2016 15:11:19] /m shiny rhydon
[09/02/2016 15:11:19] /m shiny rhydon
[09/02/2016 15:11:19] /m shiny rhydon
[09/02/2016 15:11:19] /m shiny rhydon
[09/02/2016 15:11:20] /m shiny rhydon
[09/02/2016 15:11:20] /m shiny rhydon
[09/02/2016 15:11:20] /m shiny rhydon
[09/02/2016 15:11:20] /m shiny rhydon
[09/02/2016 15:11:20] /m shiny rhydon
[09/02/2016 15:11:20] /m shiny rhydon
[09/02/2016 15:11:20] /m shiny rhydon
[09/02/2016 15:11:20] /m shiny rhydon
[09/02/2016 15:11:20] /m shiny rhydon
[09/02/2016 15:11:20] /m shiny rhydon
[09/02/2016 15:11:20] /m shiny rhydon
[09/02/2016 15:11:20] /m shiny rhydon
[09/02/2016 15:11:20] /m shiny rhydon
[09/02/2016 15:11:20] /m shiny rhydon
[09/02/2016 15:11:20] /m shiny rhydon
[09/02/2016 15:11:20] /m shiny rhydon
[09/02/2016 15:11:20] /m shiny rhydon
[09/02/2016 15:11:20] /m shiny rhydon
[09/02/2016 15:11:20] /m shiny rhydon
[09/02/2016 15:11:20] /m shiny rhydon
[09/02/2016 15:11:20] /m shiny rhydon
[09/02/2016 15:11:20] /m shiny rhydon
[09/02/2016 15:11:20] /m shiny rhydon
[09/02/2016 15:11:21] /m shiny rhydon
[09/02/2016 15:11:21] /m shiny rhydon
[09/02/2016 15:11:21] /m shiny rhydon
[09/02/2016 15:11:21] /m shiny rhydon
[09/02/2016 15:11:21] /m shiny rhydon
[09/02/2016 15:11:21] /m shiny rhydon
[09/02/2016 15:11:21] /m shiny rhydon
[09/02/2016 15:11:21] /m shiny rhydon
[09/02/2016 15:11:21] /m shiny rhydon
[09/02/2016 15:11:21] /m shiny rhydon
[09/02/2016 15:11:21] /m shiny rhydon
[09/02/2016 15:11:21] /m shiny rhydon
[09/02/2016 15:11:21] /m shiny rhydon
[09/02/2016 15:11:21] /m shiny rhydon
[09/02/2016 15:11:21] /m shiny rhydon
[09/02/2016 15:11:21] /m shiny rhydon
[09/02/2016 15:11:21] /m shiny rhydon
[09/02/2016 15:11:21] /m shiny rhydon
[09/02/2016 15:11:21] /m shiny rhydon
[09/02/2016 15:11:21] /m shiny rhydon
[09/02/2016 20:07:33] /goto buch
[09/02/2016 20:07:37] /goto fabi
[09/02/2016 20:07:51] /c buch
[09/02/2016 20:07:54] /t
[10/02/2016 15:04:55] /ghost
[10/02/2016 15:04:55] /ghost
[10/02/2016 15:05:05] /goto [Dono] hisoka fail
[10/02/2016 15:06:52] /bc green Preciso de 3 Membros Para serem Help Teste, a Pessoa Precisar ter no minimo 5 Horas Disponiveis no jogo, Ter capacidade de responder as perguntas help "COnheçedora da base cyan", e com tudo tem que ter hierarquia. Quem tiver Fale no Ctrl + R .
[10/02/2016 15:07:43] /a 5
[10/02/2016 15:07:56] /c Rebecca
[10/02/2016 15:08:01] /c Come On
[10/02/2016 15:08:04] /c Killua
[10/02/2016 15:08:08] /c Harlley Mito
[10/02/2016 15:08:11] /c Haivozo
[10/02/2016 15:08:14] /c Leosbr
[10/02/2016 15:08:16] /c Mitei
[10/02/2016 15:08:20] /c Julio Zikinha
[10/02/2016 15:08:33] /c Stonegoldd
[10/02/2016 15:08:41] /c Kyogre
[10/02/2016 15:09:09] /bc green Bom os que pediram eu chamei, vou fazer um teste!
[10/02/2016 15:12:13] /c come on
[10/02/2016 15:13:00] /bc green Lembrando as duas primeiras perguntas Valem 2 Pontos e a ultima 6.
[10/02/2016 15:16:04] /t come on
[10/02/2016 15:16:25] /c kills black
[10/02/2016 15:16:27] /c dark world
[10/02/2016 15:16:49] /c rebecca
[10/02/2016 15:22:45] /t rebecca
[10/02/2016 15:23:41] /c Leosbr
[10/02/2016 15:23:49] /a 5
[10/02/2016 15:31:19] /t leosbr
[10/02/2016 15:32:13] /r
[10/02/2016 15:32:14] /r
[10/02/2016 15:36:30] /t Mito
[10/02/2016 15:47:59] /c rebecca
[10/02/2016 15:48:15] /attr group 3
[10/02/2016 15:48:26] /rename Rebecca, [HELP TESTE] Rebecca
[10/02/2016 15:49:10] /attr group 3
[10/02/2016 15:49:26] /rename Dark World,[Help Teste] Dark World
[10/02/2016 15:49:27] /r
[10/02/2016 15:49:32] /attr group 3
[10/02/2016 15:49:42] /rename Kills Black, [Help Teste] Kills Black
[10/02/2016 15:49:43] /r
[10/02/2016 15:50:45] /a 5
[10/02/2016 15:50:51] /a 5
[10/02/2016 16:10:33] /ghost
[10/02/2016 16:10:34] /ghost
[10/02/2016 16:10:56] /goto [Test Help] Chaos
[10/02/2016 16:11:06] /c Harllet mito
[10/02/2016 16:11:11] /c Harlley mito
[10/02/2016 16:12:38] /goto [Test Help] Chaos
[10/02/2016 16:13:38] /a 5
[10/02/2016 16:17:34] /bc green Para quem não sabe o OT possui um NPC chamado GURU, que vende ração para pesca, estas rações evita que você so pesque margikarps, ele se encontra nas arena de saffron.
[10/02/2016 16:17:54] /n guru
[10/02/2016 16:20:34] /t
[10/02/2016 16:22:24] /i 2160
[10/02/2016 16:23:17] /bc green Players que acha que vou me rebaixa a nivel de sair chingando ou tirar minha pasciencia estão enganados, boa sorte tentando.
[10/02/2016 16:24:36] /a 5
[10/02/2016 16:31:58] /t
[10/02/2016 16:34:54] /goto [test help] Chaos
[10/02/2016 16:35:05] /ghost
[10/02/2016 16:36:10] /attr group 1
[10/02/2016 16:36:23] /rename [Test Help] Chaos, Chaos
[10/02/2016 16:36:45] /t
[10/02/2016 16:36:47] /ghost
[10/02/2016 16:37:10] /goto bickslow
[10/02/2016 16:37:16] /ghost
[10/02/2016 16:37:45] /i rock stone
[10/02/2016 16:37:47] /i earth stone
[10/02/2016 16:38:10] /i metal stone
[10/02/2016 16:38:41] /ghost
[10/02/2016 16:38:54] /goto Julio zikinha
[10/02/2016 16:42:44] /ghost
[10/02/2016 16:51:40] /goto bronzong
[10/02/2016 16:51:43] /r
[10/02/2016 16:51:44] /goto bronzong
[10/02/2016 16:51:46] /r
[10/02/2016 16:51:48] /goto bronzong
[10/02/2016 16:51:50] /r
[10/02/2016 16:51:50] /r
[10/02/2016 16:51:51] /goto bronzong
[10/02/2016 16:51:54] /c [Help Teste] Kills Black
[10/02/2016 16:52:01] /t [Help Teste] Kills Black
[10/02/2016 16:52:02] /t
[10/02/2016 16:56:23] /s bronzong
[10/02/2016 16:56:27] /s shiny bronzong
[10/02/2016 16:59:13] /goto shiny wobbuffet
[10/02/2016 16:59:18] /goto wobbuffet
[10/02/2016 16:59:24] /r
[10/02/2016 16:59:25] /goto wobbuffet
[10/02/2016 16:59:28] /r
[10/02/2016 16:59:32] /r
[10/02/2016 16:59:33] /goto wobbuffet
[10/02/2016 16:59:36] /r
[10/02/2016 16:59:37] /goto wobbuffet
[10/02/2016 16:59:40] /r
[10/02/2016 16:59:42] /r
[10/02/2016 16:59:43] /goto wobbuffet
[10/02/2016 17:00:58] /t
[10/02/2016 17:01:47] /i box boosted
[10/02/2016 17:02:23] /i 12227
[10/02/2016 17:02:38] /i 12227
[10/02/2016 17:02:53] /i 12331
[10/02/2016 17:03:11] /i 12339
[10/02/2016 17:03:30] /a 2
[10/02/2016 17:05:24] /goto Harlley mito
[10/02/2016 17:07:00] /c '-'
[10/02/2016 17:07:22] /c [helpe teste] kills black
[10/02/2016 17:07:31] /c [help teste] kills black
[10/02/2016 17:08:01] /t [help teste] kills black
[10/02/2016 17:09:21] /ghost
[10/02/2016 17:10:05] /t
[10/02/2016 17:10:50] /b vou sair adicionar umas coisas no serve.
[10/02/2016 17:46:19] /i 1227
[10/02/2016 17:46:22] /r
[10/02/2016 17:46:25] /i 12227
[10/02/2016 17:46:26] /i 12227
[10/02/2016 17:46:26] /i 12227
[10/02/2016 17:46:35] /i poke box +5
[10/02/2016 17:46:36] /i poke box +6
[10/02/2016 17:46:37] /i poke box +7
[10/02/2016 17:46:38] /i poke box +8
[10/02/2016 17:46:42] /i poke box +9
[10/02/2016 17:47:05] /i 2149,20
[10/02/2016 17:47:09] /i 2159,20
[10/02/2016 17:47:34] /i fainted shiny misdreavus
[10/02/2016 17:47:45] /t
[10/02/2016 17:48:38] /a 20
[10/02/2016 17:48:40] /a 25
[10/02/2016 17:48:42] /a 25
[10/02/2016 17:48:43] /a 25
[10/02/2016 17:48:48] /a 10
[10/02/2016 17:48:49] /a 10
[10/02/2016 17:48:51] /a 10
[10/02/2016 17:48:53] /a 10
[10/02/2016 17:48:58] /a 15
[10/02/2016 17:49:02] /a 5
[10/02/2016 17:49:03] /a 5
[10/02/2016 17:49:16] /i 12227
[10/02/2016 17:49:22] /i 12227
[10/02/2016 17:49:23] /i 12227
[10/02/2016 17:49:23] /i 12227
[10/02/2016 17:49:24] /i 12227
[10/02/2016 17:49:25] /i 12227
[10/02/2016 17:49:25] /i 12227
[10/02/2016 17:49:25] /i 12227
[10/02/2016 17:49:26] /i 12227
[10/02/2016 17:49:26] /i 12227
[10/02/2016 17:49:27] /i 12227
[10/02/2016 17:49:27] /i 12227
[10/02/2016 17:49:27] /i 12227
[10/02/2016 18:23:29] /goto buch
[10/02/2016 18:23:45] /goto bronzong
[10/02/2016 18:24:06] /up
[10/02/2016 18:29:39] /a 
[10/02/2016 18:29:58] /a 
[10/02/2016 18:30:02] /a 5
[10/02/2016 18:48:08] /goto buch
[10/02/2016 18:48:30] /i y-regeneration t5
[10/02/2016 18:48:30] /i y-regeneration t5
[10/02/2016 18:48:30] /i y-regeneration t5
[10/02/2016 18:48:32] /i y-regeneration t5
[10/02/2016 18:48:32] /i y-regeneration t5
[10/02/2016 18:48:38] /i x-return t5
[10/02/2016 18:48:39] /i x-return t5
[10/02/2016 18:48:40] /i x-return t5
[10/02/2016 18:48:44] /i x-attack t5
[10/02/2016 18:48:45] /i x-attack t5
[10/02/2016 18:48:45] /i x-attack t5
[10/02/2016 18:48:46] /i x-attack t5
[10/02/2016 18:48:46] /i x-attack t5
[10/02/2016 18:49:06] /i fainted shiny ralts
[10/02/2016 22:45:13] /save
[10/02/2016 22:45:28] /reload actions
[10/02/2016 22:45:36] /goto bruno1
[10/02/2016 22:45:40] /t
[10/02/2016 22:46:17] /i 1387
[10/02/2016 22:46:31] /attr destination 403 1201 8
[10/02/2016 22:46:46] /attr destination "493 1201 8
[10/02/2016 22:47:00] /attr set position "493 1201 8
[10/02/2016 22:47:10] /attr destination "493 1201 8
[10/02/2016 22:47:34] /attr destination" 493 1201 8
[10/02/2016 22:47:40] /attr destination"493 1201 8
[10/02/2016 22:47:43] /attr destination "493 1201 8
[10/02/2016 22:47:44] /attr destination "493 1201 8
[10/02/2016 22:47:58] /attr set destination "493 1201 8
[10/02/2016 22:48:07] /r
[10/02/2016 22:49:03] /send
[10/02/2016 22:49:10] /send 493 1201 8
[10/02/2016 22:49:25] /send 940 1073 13
[10/02/2016 22:49:34] /mode
[10/02/2016 23:08:42] /bc green Povo Servidor vai dar uns laag por que vou mecher vps arrumar uns bang e adicionar uns pokes provavelmente até amanhã teremos shiny flygon no servidor e mais algumas novidades.
[10/02/2016 23:08:47] /bc green Povo Servidor vai dar uns laag por que vou mecher vps arrumar uns bang e adicionar uns pokes provavelmente até amanhã teremos shiny flygon no servidor e mais algumas novidades.
[10/02/2016 23:08:48] /t
[10/02/2016 23:09:28] /goto [Help Teste] Rebecca
[10/02/2016 23:09:32] /ghost
[10/02/2016 23:09:33] /goto [Help Teste] Rebecca
[10/02/2016 23:13:32] /bc green Laag vai começar povo.
[10/02/2016 23:18:30] /c harlley mito
[10/02/2016 23:18:43] /attr group 3
[10/02/2016 23:18:59] /rename Harlley Mito, [HELP TESTE] Harlley Mito
[10/02/2016 23:19:00] /r
[10/02/2016 23:19:18] /t [HELP TESTE] Harlley Mito
[10/02/2016 23:29:32] /m shiny kabutops
[10/02/2016 23:29:37] /r
[10/02/2016 23:29:39] /m shiny kabutops
[10/02/2016 23:30:06] /attr health +1000000
[10/02/2016 23:31:21] /i fainted shiny kabutops
[10/02/2016 23:32:00] /attr set boost 300
[10/02/2016 23:32:11] /addskill [ADM] Lucas,lvl,400
[10/02/2016 23:43:42] /rename [HELP TESTE] Harlley Mito, [HELP TESTE] Harlley Swwiit
[10/02/2016 23:47:01] /i ancient stone
[11/02/2016 14:12:52] /c [HELP TESTE] Rebecca
[11/02/2016 14:16:07] /goto [HELP TESTE] Rebecca
[11/02/2016 14:16:42] /a 5
[11/02/2016 14:16:48] /owner [ADM] Lucas
[11/02/2016 14:16:56] /c [HELP TESTE] Rebecca
[11/02/2016 14:18:31] /b ja avisei nao ande com mais de 20 Millions na bolsa pq mais que isso buga npc e vc so toma no cu ;D
[11/02/2016 14:20:24] /c reebecca
[11/02/2016 14:20:39] /addskill Reebecca,lvl,450
[11/02/2016 14:21:57] /r
[11/02/2016 14:25:01] /ghost
[11/02/2016 14:25:01] /ghost
[11/02/2016 14:25:08] /i x-return t5
[11/02/2016 14:27:35] /i x-return t3
[11/02/2016 14:29:24] /i y-regeneration t5
[11/02/2016 14:29:27] /i y-regeneration t7
[11/02/2016 14:29:37] /attr health -100000
[11/02/2016 14:30:07] /attr health -100000
[11/02/2016 14:34:50] /i x-attack t5
[11/02/2016 14:34:53] /i x-attack t7
[11/02/2016 14:35:53] /m mega lakazam
[11/02/2016 14:35:56] /m mega alakazam
[11/02/2016 14:36:57] /save
[11/02/2016 14:37:14] /attr group 3
[11/02/2016 14:37:17] /r
[11/02/2016 14:37:28] /save
[11/02/2016 14:37:35] /reload monster
[11/02/2016 14:39:51] /c [HELP TESTE] Harlley Swwiit
[11/02/2016 14:40:03] /spy [HELP TESTE] Harlley Swwiit
[11/02/2016 14:40:48] /spy lojider
[11/02/2016 14:41:34] /t [HELP TESTE] Harlley Swwiit
[11/02/2016 14:41:52] /i computer
[11/02/2016 14:42:00] /r
[11/02/2016 14:44:03] /bc green Eventos somente fins de semana.
[11/02/2016 14:50:47] /m ho-oh
[11/02/2016 14:51:59] /attr set boost 300
[11/02/2016 14:52:18] /m ho-oh
[11/02/2016 14:52:37] /r
[11/02/2016 14:52:38] /r
[11/02/2016 14:52:40] /r
[11/02/2016 14:52:43] /r
[11/02/2016 14:52:44] /r
[11/02/2016 14:53:00] /i 6843
[11/02/2016 14:53:14] /m articuno
[11/02/2016 14:53:41] /i revive
[11/02/2016 14:53:55] /m articuno
[11/02/2016 14:54:35] /m articuno
[11/02/2016 14:55:06] /attr health +1000000
[11/02/2016 14:55:34] /m moltres
[11/02/2016 14:55:55] /m moltres
[11/02/2016 14:56:26] /m zapdos
[11/02/2016 14:58:30] /m shiny slowking
[11/02/2016 14:58:50] /m articuno
[11/02/2016 14:59:01] /r
[11/02/2016 14:59:14] /i x-attack t7
[11/02/2016 14:59:22] /attr set boost 300
[11/02/2016 14:59:29] /m zapdos
[11/02/2016 15:00:04] /bc green Está Preso? Utilize o Comando !bug.
[11/02/2016 15:00:05] /bc green Está Preso? Utilize o Comando !bug.
[11/02/2016 15:00:33] /goto luiiz
[11/02/2016 15:01:14] /goto [HELP TESTE] Rebecca
[11/02/2016 15:01:18] /goto [HELP TESTE] Rebecca
[11/02/2016 15:04:41] /r
[11/02/2016 15:04:45] /n tiermond
[11/02/2016 15:05:20] /a 5
[11/02/2016 15:05:56] /bc green Bom povo ovu ficar afk temrinando de adicionar uns pokes e arrumando X-Return pq está forte d+.
[11/02/2016 15:05:57] /bc green Bom povo ovu ficar afk temrinando de adicionar uns pokes e arrumando X-Return pq está forte d+.
[11/02/2016 15:06:00] /bc green Bom povo ovu ficar afk temrinando de adicionar uns pokes e arrumando X-Return pq está forte d+.
[11/02/2016 15:08:08] /spy martin paulera
[11/02/2016 15:09:02] /a 5
[11/02/2016 15:09:03] /a 5
[11/02/2016 15:09:04] /a 5
[11/02/2016 15:09:05] /a 5
[11/02/2016 15:09:06] /a 5
[11/02/2016 15:09:07] /a 5
[11/02/2016 15:09:08] /a 5
[11/02/2016 15:09:09] /a 5
[11/02/2016 15:09:10] /a 5
[11/02/2016 15:13:06] /goto kirito
[11/02/2016 15:15:20] /a 5
[11/02/2016 15:17:06] /t
[11/02/2016 15:17:25] /spy Mastin Paulera
[11/02/2016 15:17:33] /spy Martin Paulera
[11/02/2016 15:18:42] /bc green Helper's Tomem conta tambem do game-chat se alguem floodar ou der spawn pode dar notação.
[11/02/2016 15:18:43] /bc green Helper's Tomem conta tambem do game-chat se alguem floodar ou der spawn pode dar notação.
[11/02/2016 15:18:48] /bc green Helper's Tomem conta tambem do game-chat se alguem floodar ou der spawn pode dar notação.
[11/02/2016 15:21:01] /i 2159,50
[11/02/2016 15:21:53] /t
[11/02/2016 15:23:03] /town 5
[11/02/2016 17:42:02] /bc green Servidor Será reiniciado para coreção de bugs e balanciamento de alguns pokemons e adicionamentos de novo shinys como shiny flygon e shiny swellow. Voltamos em breve.
[11/02/2016 17:42:02] /bc green Servidor Será reiniciado para coreção de bugs e balanciamento de alguns pokemons e adicionamentos de novo shinys como shiny flygon e shiny swellow. Voltamos em breve.
[11/02/2016 17:42:02] /bc green Servidor Será reiniciado para coreção de bugs e balanciamento de alguns pokemons e adicionamentos de novo shinys como shiny flygon e shiny swellow. Voltamos em breve.
[11/02/2016 17:42:03] /bc green Servidor Será reiniciado para coreção de bugs e balanciamento de alguns pokemons e adicionamentos de novo shinys como shiny flygon e shiny swellow. Voltamos em breve.
[11/02/2016 17:42:04] /t
[11/02/2016 17:42:23] /bc green Servidor Será reiniciado para coreção de bugs e balanciamento de alguns pokemons e adicionamentos de novo shinys como shiny flygon e shiny swellow. Voltamos em breve, Lembrando terá novo client Jaja no grupo.
[11/02/2016 17:42:24] /bc green Servidor Será reiniciado para coreção de bugs e balanciamento de alguns pokemons e adicionamentos de novo shinys como shiny flygon e shiny swellow. Voltamos em breve, Lembrando terá novo client Jaja no grupo.
[11/02/2016 17:42:25] /bc green Servidor Será reiniciado para coreção de bugs e balanciamento de alguns pokemons e adicionamentos de novo shinys como shiny flygon e shiny swellow. Voltamos em breve, Lembrando terá novo client Jaja no grupo.
[11/02/2016 17:42:25] /bc green Servidor Será reiniciado para coreção de bugs e balanciamento de alguns pokemons e adicionamentos de novo shinys como shiny flygon e shiny swellow. Voltamos em breve, Lembrando terá novo client Jaja no grupo.
[11/02/2016 17:42:25] /bc green Servidor Será reiniciado para coreção de bugs e balanciamento de alguns pokemons e adicionamentos de novo shinys como shiny flygon e shiny swellow. Voltamos em breve, Lembrando terá novo client Jaja no grupo.
[11/02/2016 17:42:32] /bc green Servidor Será reiniciado para coreção de bugs e balanciamento de alguns pokemons e adicionamentos de novo shinys como shiny flygon e shiny swellow. Voltamos em breve, Lembrando terá novo client Jaja no grupo.
[11/02/2016 17:42:44] /bc green Servidor Será reiniciado para coreção de bugs e balanciamento de alguns pokemons e adicionamentos de novo shinys como shiny flygon e shiny swellow. Voltamos em breve, Lembrando terá novo client Jaja no grupo.
[11/02/2016 17:43:11] /bc green Servidor Será reiniciado para coreção de bugs e balanciamento de alguns pokemons e adicionamentos de novo shinys como shiny flygon e shiny swellow. Voltamos em breve, Lembrando terá novo client Jaja no grupo.
[11/02/2016 17:43:12] /bc green Servidor Será reiniciado para coreção de bugs e balanciamento de alguns pokemons e adicionamentos de novo shinys como shiny flygon e shiny swellow. Voltamos em breve, Lembrando terá novo client Jaja no grupo.
[11/02/2016 17:43:46] /bc green Servidor Será reiniciado para coreção de bugs e balanciamento de alguns pokemons e adicionamentos de novo shinys como shiny flygon e shiny swellow. Voltamos em breve, Lembrando terá novo client Jaja no grupo e na pagina.
[11/02/2016 17:43:47] /bc green Servidor Será reiniciado para coreção de bugs e balanciamento de alguns pokemons e adicionamentos de novo shinys como shiny flygon e shiny swellow. Voltamos em breve, Lembrando terá novo client Jaja no grupo e na pagina.
[11/02/2016 17:43:47] /bc green Servidor Será reiniciado para coreção de bugs e balanciamento de alguns pokemons e adicionamentos de novo shinys como shiny flygon e shiny swellow. Voltamos em breve, Lembrando terá novo client Jaja no grupo e na pagina.
[11/02/2016 17:43:48] /bc green Servidor Será reiniciado para coreção de bugs e balanciamento de alguns pokemons e adicionamentos de novo shinys como shiny flygon e shiny swellow. Voltamos em breve, Lembrando terá novo client Jaja no grupo e na pagina.
[11/02/2016 17:43:51] /bc green Servidor Será reiniciado para coreção de bugs e balanciamento de alguns pokemons e adicionamentos de novo shinys como shiny flygon e shiny swellow. Voltamos em breve, Lembrando terá novo client Jaja no grupo e na pagina.
[11/02/2016 17:44:00] /bc green Servidor Será reiniciado para coreção de bugs e balanciamento de alguns pokemons e adicionamentos de novo shinys como shiny flygon e shiny swellow. Voltamos em breve, Lembrando terá novo client Jaja no grupo e na pagina.
[11/02/2016 17:44:24] /bc green Servidor Será Reiniciado em 1 Minuto, todos salvem suas accs para não perderem itens.
[11/02/2016 17:44:25] /bc green Servidor Será Reiniciado em 1 Minuto, todos salvem suas accs para não perderem itens.
[11/02/2016 17:44:26] /bc green Servidor Será Reiniciado em 1 Minuto, todos salvem suas accs para não perderem itens.
[11/02/2016 17:44:36] /bc green 59
[11/02/2016 17:44:38] /bc green 58
[11/02/2016 17:44:39] /bc green 57
[11/02/2016 17:44:40] /bc green 56
[11/02/2016 17:44:42] /bc green 55
[11/02/2016 17:44:44] /bc green 54
[11/02/2016 17:44:45] /bc green 53
[11/02/2016 17:44:47] /bc green 52
[11/02/2016 17:44:48] /bc green 51
[11/02/2016 17:44:50] /bc green 50
[11/02/2016 17:44:52] /bc green 49
[11/02/2016 17:44:53] /bc green 48
[11/02/2016 17:44:55] /bc green 47
[11/02/2016 17:44:56] /bc green 46
[11/02/2016 17:44:58] /bc green 45
[11/02/2016 17:45:00] /bc green 44
[11/02/2016 17:45:01] /bc green 43
[11/02/2016 17:45:03] /bc green 42
[11/02/2016 17:45:05] /bc green 41
[11/02/2016 17:45:07] /bc green 40
[11/02/2016 17:45:08] /bc green 39
[11/02/2016 17:45:10] /bc green 38
[11/02/2016 17:45:11] /bc green 37
[11/02/2016 17:45:13] /bc green 36
[11/02/2016 17:45:14] /bc green 35
[11/02/2016 17:45:15] /bc green 34
[11/02/2016 17:45:17] /bc green 33
[11/02/2016 17:45:18] /bc green 32
[11/02/2016 17:45:19] /bc green 31
[11/02/2016 17:45:20] /bc green 30
[11/02/2016 17:45:25] /bc green Salvando servidor...
[11/02/2016 17:45:27] /save
[11/02/2016 17:45:36] /bc green Servidor Salvado.
[11/02/2016 17:45:40] /bc green 20
[11/02/2016 17:45:42] /bc green 19
[11/02/2016 17:45:43] /bc green 18
[11/02/2016 17:45:44] /bc green 17
[11/02/2016 17:45:45] /bc green 16
[11/02/2016 17:45:46] /bc green 15
[11/02/2016 17:45:47] /bc green 14
[11/02/2016 17:45:49] /bc green 13
[11/02/2016 17:45:50] /bc green 12
[11/02/2016 17:45:51] /bc green 11
[11/02/2016 17:45:52] /bc green 10
[11/02/2016 17:45:53] /bc green 9
[11/02/2016 17:45:54] /bc green 8
[11/02/2016 17:45:55] /bc green 7
[11/02/2016 17:45:56] /bc green 6
[11/02/2016 17:45:57] /bc green 5
[11/02/2016 17:45:58] /bc green 4
[11/02/2016 17:45:58] /bc green 3
[11/02/2016 17:45:59] /bc green 2
[11/02/2016 17:46:00] /bc green 1
[11/02/2016 17:46:01] /bc green 0
[11/02/2016 17:46:02] /save
[11/02/2016 17:46:11] /shutdown
[11/02/2016 18:18:31] /bc green http://www.mediafire.com/download/dy45l11zk2k8361/PokeHand+V3.1.rar
[11/02/2016 18:18:33] /bc green http://www.mediafire.com/download/dy45l11zk2k8361/PokeHand+V3.1.rar
[11/02/2016 18:19:14] /muted Sol Lest,5
[11/02/2016 18:19:45] /a 5
[11/02/2016 18:20:57] /ghost
[11/02/2016 18:20:58] /ghost
[11/02/2016 18:22:39] /attr set boost 50
[11/02/2016 18:22:48] /i x-attack t5
[11/02/2016 18:22:54] /i y-cure t5
[11/02/2016 18:24:19] /i x-attack t7
[11/02/2016 18:28:00] /i x-defense t7
[11/02/2016 18:28:14] /attr set boost 300
[11/02/2016 18:29:53] /bc green Client Novo: http://www.mediafire.com/download/dy45l11zk2k8361/PokeHand+V3.1.rar
[11/02/2016 18:29:54] /bc green Client Novo: http://www.mediafire.com/download/dy45l11zk2k8361/PokeHand+V3.1.rar
[11/02/2016 18:29:55] /bc green Client Novo: http://www.mediafire.com/download/dy45l11zk2k8361/PokeHand+V3.1.rar
[11/02/2016 18:29:55] /bc green Client Novo: http://www.mediafire.com/download/dy45l11zk2k8361/PokeHand+V3.1.rar
[11/02/2016 18:29:55] /bc green Client Novo: http://www.mediafire.com/download/dy45l11zk2k8361/PokeHand+V3.1.rar
[11/02/2016 18:29:56] /bc green Client Novo: http://www.mediafire.com/download/dy45l11zk2k8361/PokeHand+V3.1.rar
[11/02/2016 18:29:56] /bc green Client Novo: http://www.mediafire.com/download/dy45l11zk2k8361/PokeHand+V3.1.rar
[11/02/2016 18:29:57] /bc green Client Novo: http://www.mediafire.com/download/dy45l11zk2k8361/PokeHand+V3.1.rar
[11/02/2016 18:29:57] /bc green Client Novo: http://www.mediafire.com/download/dy45l11zk2k8361/PokeHand+V3.1.rar
[11/02/2016 18:30:20] /goto [Dono] Hisoka Fail
[11/02/2016 18:30:52] /goto [Dono] Hisoka Fail
[11/02/2016 18:30:57] /goto wang
[11/02/2016 18:30:59] /t
[11/02/2016 18:31:23] /ghost
[11/02/2016 18:31:42] /m shiny swellow
[11/02/2016 18:31:45] /m shiny swellow
[11/02/2016 18:31:46] /m shiny swellow
[11/02/2016 18:31:48] /m shiny swellow
[11/02/2016 18:31:59] /bc green 5 Shiny Swellow Invadiro Arena de Saffron.
[11/02/2016 18:32:00] /bc green 5 Shiny Swellow Invadiro Arena de Saffron.
[11/02/2016 18:32:01] /bc green 5 Shiny Swellow Invadiro Arena de Saffron.
[11/02/2016 18:32:01] /bc green 5 Shiny Swellow Invadiro Arena de Saffron.
[11/02/2016 18:32:02] /bc green 5 Shiny Swellow Invadiro Arena de Saffron.
[11/02/2016 18:32:06] /ghost
[11/02/2016 18:32:07] /ghost
[11/02/2016 18:32:13] /m shiny swellow
[11/02/2016 18:32:17] /bc green 5 Shiny Swellow Invadiro Arena de Saffron.
[11/02/2016 18:32:17] /bc green 5 Shiny Swellow Invadiro Arena de Saffron.
[11/02/2016 18:32:43] /bc green Seven os Kilo
[11/02/2016 18:32:50] /goto [Dono] Hisoka Fail
[11/02/2016 18:35:56] /bc green Todos ja Baixaro o Client?
[11/02/2016 18:35:57] /bc green Todos ja Baixaro o Client?
[11/02/2016 18:36:06] /bc green : http://www.mediafire.com/download/dy45l11zk2k8361/PokeHand+V3.1.rar
[11/02/2016 18:36:23] /t
[11/02/2016 18:36:36] /bc green Mega Swampert Invadiu Cp Saffron.
[11/02/2016 18:36:37] /bc green Mega Swampert Invadiu Cp Saffron.
[11/02/2016 18:36:37] /bc green Mega Swampert Invadiu Cp Saffron.
[11/02/2016 18:36:38] /bc green Mega Swampert Invadiu Cp Saffron.
[11/02/2016 18:36:42] /m mega swampert
[11/02/2016 18:37:03] /info dan king
[11/02/2016 18:37:05] /info dan king
[11/02/2016 18:37:11] /info dan king
[11/02/2016 18:37:25] /goto [Dono] Hisoka Fail
[11/02/2016 18:37:51] /s giant primeape
[11/02/2016 18:37:56] /s giant victreebel
[11/02/2016 18:38:00] /s giant magneton
[11/02/2016 18:38:15] /s giant poliwrath
[11/02/2016 18:38:18] /t
[11/02/2016 18:40:05] /s mega gardevoir
[11/02/2016 18:40:11] /s mega charizardx
[11/02/2016 18:40:15] /s mega charizardy
[11/02/2016 18:40:31] /r
[11/02/2016 18:40:33] /r
[11/02/2016 18:40:35] /r
[11/02/2016 18:40:44] /goto [Dono] Hisoka Fail
[11/02/2016 18:40:49] /goto [Dono] Hisoka Fail
[11/02/2016 18:42:34] /r
[11/02/2016 18:44:06] /goto lojider
[11/02/2016 18:44:13] /m celebi
[11/02/2016 18:44:15] /m celebi
[11/02/2016 18:44:17] /m celebi
[11/02/2016 18:44:56] /m celebi
[11/02/2016 18:45:00] /m entei
[11/02/2016 18:45:02] /m suicune
[11/02/2016 18:45:04] /m raikou
[11/02/2016 18:45:37] /goto lojider
[11/02/2016 18:47:00] /ghost
[11/02/2016 18:47:02] /ghost
[11/02/2016 18:47:06] /goto Jamai
[11/02/2016 18:49:34] /m moltres
[11/02/2016 18:49:42] /t
[11/02/2016 18:50:24] /goto shiny swellow
[11/02/2016 18:50:35] /b povo Shiny Swellow e Shiny FLygon estão bem O.P
[11/02/2016 18:50:37] /b povo Shiny Swellow e Shiny FLygon estão bem O.Ps
[11/02/2016 18:50:45] /goto shiny flygon
[11/02/2016 18:50:49] /goto flygon
[11/02/2016 18:51:08] /b Flygon so tem 1 respaw que possui so 1 ja swellow tem respaw q possui varios
[11/02/2016 18:51:13] /goto shirahoshi
[11/02/2016 18:51:17] /town 5
[11/02/2016 18:51:21] /c shirahoshi
[11/02/2016 18:53:48] /b Quem quer ser meu teste?
[11/02/2016 18:53:49] /b Quem quer ser meu teste?
[11/02/2016 18:54:05] /c Bliktz
[11/02/2016 18:54:15] /bc green Ja puchei um vlws povo.
[11/02/2016 18:54:15] /bc green Ja puchei um vlws povo.
[11/02/2016 18:54:16] /bc green Ja puchei um vlws povo.
[11/02/2016 18:54:16] /bc green Ja puchei um vlws povo.
[11/02/2016 18:54:18] /ghost
[11/02/2016 18:54:22] /info bliktz
[11/02/2016 18:54:56] /c Lord Smash
[11/02/2016 18:55:23] /t bliktz
[11/02/2016 18:55:27] /c mitei
[11/02/2016 18:56:11] /i x-return t1
[11/02/2016 18:58:29] /c mitei
[11/02/2016 18:59:14] /i x-return t5
[11/02/2016 18:59:32] /attr set boost 450
[11/02/2016 19:00:34] /i x-attack t7
[11/02/2016 19:00:46] /i y-regeneration t7
[11/02/2016 19:01:33] /i x-defense t7
[11/02/2016 19:02:57] /i x-attack t7
[11/02/2016 19:03:08] /i x-regeneration t7
[11/02/2016 19:03:13] /i y-regeneration t7
[11/02/2016 19:04:51] /m mega steelix
[11/02/2016 19:05:26] /b carai kkkkkkkkkkkkk
[11/02/2016 19:05:33] /c mitei
[11/02/2016 19:05:36] /c lord smash
[11/02/2016 19:05:41] /c bielsmash
[11/02/2016 19:05:55] /addskill mitei,lvl,5
[11/02/2016 19:06:01] /addskill lordsmash,lvl,5
[11/02/2016 19:06:06] /addskill lord smash,lvl,5
[11/02/2016 19:06:16] /addskill bielsmash,lvl,5
[11/02/2016 19:06:46] /attr set boost 200
[11/02/2016 19:07:01] /m mega steelix
[11/02/2016 19:07:20] /r
[11/02/2016 19:08:59] /m giant primeape
[11/02/2016 19:09:26] /t bielsmash
[11/02/2016 19:09:28] /t mitei
[11/02/2016 19:09:29] /t
[11/02/2016 19:09:36] /ghost
[11/02/2016 19:09:58] /bc green Quando arrumar minha casa boto boost shiny voir.
[11/02/2016 19:10:01] /save
[11/02/2016 21:07:34] /b Cara 77
[11/02/2016 21:09:15] /r
[11/02/2016 21:09:20] /n tiermond
[11/02/2016 21:09:41] /mc
[11/02/2016 21:10:16] /goto [Help Teste] Kills Black
[11/02/2016 21:10:21] /ghost
[11/02/2016 21:12:29] /r
[11/02/2016 21:12:33] /r all
[11/02/2016 21:12:57] /goto luis killer
[11/02/2016 21:13:34] /m poochyena
[11/02/2016 21:15:34] /t
[11/02/2016 21:16:13] /m taillow
[11/02/2016 21:16:58] /c luis killer
[11/02/2016 21:17:00] /ghost
[11/02/2016 21:17:02] /ghost
[11/02/2016 21:17:06] /m taillow
[11/02/2016 21:42:44] /ghost
[11/02/2016 21:43:11] /c luis killer
[11/02/2016 21:43:35] /i 12591
[11/02/2016 21:43:37] /i 12591
[11/02/2016 21:43:40] /r
[11/02/2016 21:43:42] /r
[11/02/2016 21:43:44] /r
[11/02/2016 21:43:46] /i 12591
[11/02/2016 21:43:48] /i 12591
[11/02/2016 21:43:51] /r
[11/02/2016 21:43:54] /i 12591
[11/02/2016 21:43:58] /i 12591
[11/02/2016 21:44:00] /r
[11/02/2016 21:44:02] /r
[11/02/2016 21:44:13] /i 12591
[11/02/2016 21:44:16] /i 12591
[11/02/2016 22:42:27] /c buch
[11/02/2016 22:42:41] /r
[11/02/2016 22:42:44] /r
[11/02/2016 22:43:10] /addskill buch,lvl,50
[11/02/2016 22:45:15] /c luis killer
[11/02/2016 23:15:10] /ghost
[11/02/2016 23:15:11] /ghost
[11/02/2016 23:15:14] /goto buch
[11/02/2016 23:15:18] /m shiny makuhita
[11/02/2016 23:15:19] /m shiny makuhita
[11/02/2016 23:15:19] /m shiny makuhita
[11/02/2016 23:15:19] /m shiny makuhita
[11/02/2016 23:15:20] /m shiny makuhita
[11/02/2016 23:15:20] /m shiny makuhita
[11/02/2016 23:15:21] /m shiny makuhita
[11/02/2016 23:15:21] /m shiny makuhita
[11/02/2016 23:15:21] /m shiny makuhita
[11/02/2016 23:15:22] /m shiny makuhita
[11/02/2016 23:15:22] /m shiny makuhita
[11/02/2016 23:15:22] /m shiny makuhita
[11/02/2016 23:15:23] /m shiny makuhita
[11/02/2016 23:15:23] /m shiny makuhita
[11/02/2016 23:15:24] /m shiny makuhita
[11/02/2016 23:15:24] /m shiny makuhita
[11/02/2016 23:15:24] /m shiny makuhita
[11/02/2016 23:15:25] /m shiny makuhita
[11/02/2016 23:15:25] /m shiny makuhita
[11/02/2016 23:15:25] /m shiny makuhita
[11/02/2016 23:15:26] /m shiny makuhita
[11/02/2016 23:15:26] /m shiny makuhita
[11/02/2016 23:16:20] /m shiny makuhita
[11/02/2016 23:16:21] /m shiny makuhita
[11/02/2016 23:16:21] /m shiny makuhita
[11/02/2016 23:16:22] /m shiny makuhita
[11/02/2016 23:16:22] /m shiny makuhita
[11/02/2016 23:16:22] /m shiny makuhita
[11/02/2016 23:16:23] /m shiny makuhita
[11/02/2016 23:16:23] /m shiny makuhita
[11/02/2016 23:16:24] /m shiny makuhita
[11/02/2016 23:16:24] /m shiny makuhita
[11/02/2016 23:16:24] /m shiny makuhita
[11/02/2016 23:16:25] /m shiny makuhita
[11/02/2016 23:16:25] /m shiny makuhita
[11/02/2016 23:16:25] /m shiny makuhita
[11/02/2016 23:16:26] /m shiny makuhita
[11/02/2016 23:17:15] /i fainted shiny makuhita
[11/02/2016 23:17:15] /i fainted shiny makuhita
[11/02/2016 23:17:16] /i fainted shiny makuhita
[11/02/2016 23:17:16] /i fainted shiny makuhita
[11/02/2016 23:17:16] /i fainted shiny makuhita
[11/02/2016 23:17:17] /i fainted shiny makuhita
[11/02/2016 23:17:17] /i fainted shiny makuhita
[11/02/2016 23:17:17] /i fainted shiny makuhita
[11/02/2016 23:17:18] /i fainted shiny makuhita
[11/02/2016 23:17:18] /i fainted shiny makuhita
[11/02/2016 23:17:19] /i fainted shiny makuhita
[11/02/2016 23:17:19] /i fainted shiny makuhita
[11/02/2016 23:17:19] /i fainted shiny makuhita
[11/02/2016 23:17:20] /i fainted shiny makuhita
[11/02/2016 23:17:20] /i fainted shiny makuhita
[11/02/2016 23:17:21] /i fainted shiny makuhita
[11/02/2016 23:17:21] /i fainted shiny makuhita
[11/02/2016 23:17:21] /i fainted shiny makuhita
[11/02/2016 23:17:22] /i fainted shiny makuhita
[11/02/2016 23:17:22] /i fainted shiny makuhita
[11/02/2016 23:17:23] /i fainted shiny makuhita
[11/02/2016 23:17:23] /i fainted shiny makuhita
[11/02/2016 23:17:23] /i fainted shiny makuhita
[11/02/2016 23:17:24] /i fainted shiny makuhita
[11/02/2016 23:17:24] /i fainted shiny makuhita
[11/02/2016 23:17:25] /i fainted shiny makuhita
[11/02/2016 23:17:25] /i fainted shiny makuhita
[11/02/2016 23:28:59] /goto [Help teste] Rebecca
[11/02/2016 23:29:03] /c  buch
[11/02/2016 23:29:13] /m shiny slowking
[11/02/2016 23:29:13] /m shiny slowking
[11/02/2016 23:29:14] /m shiny slowking
[11/02/2016 23:29:14] /m shiny slowking
[11/02/2016 23:29:14] /m shiny slowking
[11/02/2016 23:29:15] /m shiny slowking
[11/02/2016 23:29:15] /m shiny slowking
[11/02/2016 23:29:15] /m shiny slowking
[11/02/2016 23:29:16] /m shiny slowking
[11/02/2016 23:29:16] /m shiny slowking
[11/02/2016 23:29:17] /m shiny slowking
[11/02/2016 23:29:17] /m shiny slowking
[11/02/2016 23:29:17] /m shiny slowking
[11/02/2016 23:29:18] /m shiny slowking
[11/02/2016 23:29:18] /m shiny slowking
[11/02/2016 23:29:18] /m shiny slowking
[11/02/2016 23:29:19] /m shiny slowking
[11/02/2016 23:29:19] /m shiny slowking
[11/02/2016 23:29:20] /m shiny slowking
[11/02/2016 23:34:49] /i fainted shiny slowking
[11/02/2016 23:34:50] /i fainted shiny slowking
[11/02/2016 23:34:51] /i fainted shiny slowking
[11/02/2016 23:34:51] /i fainted shiny slowking
[11/02/2016 23:34:51] /i fainted shiny slowking
[11/02/2016 23:34:51] /i fainted shiny slowking
[11/02/2016 23:34:51] /i fainted shiny slowking
[11/02/2016 23:34:51] /i fainted shiny slowking
[11/02/2016 23:34:51] /i fainted shiny slowking
[11/02/2016 23:34:51] /i fainted shiny slowking
[11/02/2016 23:34:51] /i fainted shiny slowking
[11/02/2016 23:34:51] /i fainted shiny slowking
[11/02/2016 23:34:51] /i fainted shiny slowking
[11/02/2016 23:34:51] /i fainted shiny slowking
[11/02/2016 23:34:51] /i fainted shiny slowking
[11/02/2016 23:34:51] /i fainted shiny slowking
[11/02/2016 23:34:51] /i fainted shiny slowking
[11/02/2016 23:34:51] /i fainted shiny slowking
[11/02/2016 23:34:51] /i fainted shiny slowking
[11/02/2016 23:34:51] /i fainted shiny slowking
[11/02/2016 23:34:51] /i fainted shiny slowking
[11/02/2016 23:34:52] /i fainted shiny slowking
[11/02/2016 23:34:52] /i fainted shiny slowking
[11/02/2016 23:34:52] /i fainted shiny slowking
[11/02/2016 23:34:52] /i fainted shiny slowking
[11/02/2016 23:34:53] /i fainted shiny slowking
[11/02/2016 23:34:53] /i fainted shiny slowking
[11/02/2016 23:34:53] /i fainted shiny slowking
[11/02/2016 23:34:53] /i fainted shiny slowking
[11/02/2016 23:34:53] /i fainted shiny slowking
[11/02/2016 23:34:53] /i fainted shiny slowking
[11/02/2016 23:34:53] /i fainted shiny slowking
[11/02/2016 23:34:53] /i fainted shiny slowking
[11/02/2016 23:34:53] /i fainted shiny slowking
[11/02/2016 23:34:53] /i fainted shiny slowking
[11/02/2016 23:34:53] /i fainted shiny slowking
[11/02/2016 23:34:53] /i fainted shiny slowking
[11/02/2016 23:34:54] /i fainted shiny slowking
[11/02/2016 23:34:54] /i fainted shiny slowking
[11/02/2016 23:34:54] /i fainted shiny slowking
[11/02/2016 23:34:54] /i fainted shiny slowking
[11/02/2016 23:34:54] /i fainted shiny slowking
[11/02/2016 23:34:54] /i fainted shiny slowking
[11/02/2016 23:34:54] /i fainted shiny slowking
[11/02/2016 23:34:54] /i fainted shiny slowking
[11/02/2016 23:34:54] /i fainted shiny slowking
[11/02/2016 23:34:55] /i fainted shiny slowking
[11/02/2016 23:34:56] /i fainted shiny slowking
[11/02/2016 23:34:56] /i fainted shiny slowking
[11/02/2016 23:34:56] /i fainted shiny slowking
[11/02/2016 23:34:56] /i fainted shiny slowking
[11/02/2016 23:34:56] /i fainted shiny slowking
[11/02/2016 23:34:56] /i fainted shiny slowking
[11/02/2016 23:34:56] /i fainted shiny slowking
[11/02/2016 23:34:56] /i fainted shiny slowking
[11/02/2016 23:34:56] /i fainted shiny slowking
[11/02/2016 23:34:56] /i fainted shiny slowking
[11/02/2016 23:34:56] /i fainted shiny slowking
[11/02/2016 23:34:56] /i fainted shiny slowking
[11/02/2016 23:34:56] /i fainted shiny slowking
[11/02/2016 23:34:56] /i fainted shiny slowking
[11/02/2016 23:34:56] /i fainted shiny slowking
[11/02/2016 23:34:56] /i fainted shiny slowking
[11/02/2016 23:34:56] /i fainted shiny slowking
[11/02/2016 23:34:56] /i fainted shiny slowking
[11/02/2016 23:34:56] /i fainted shiny slowking
[11/02/2016 23:34:57] /i fainted shiny slowking
[11/02/2016 23:34:57] /i fainted shiny slowking
[11/02/2016 23:34:57] /i fainted shiny slowking
[11/02/2016 23:34:57] /i fainted shiny slowking
[11/02/2016 23:34:57] /i fainted shiny slowking
[11/02/2016 23:34:57] /i fainted shiny slowking
[11/02/2016 23:34:57] /i fainted shiny slowking
[11/02/2016 23:34:57] /i fainted shiny slowking
[11/02/2016 23:34:57] /i fainted shiny slowking
[11/02/2016 23:34:57] /i fainted shiny slowking
[11/02/2016 23:34:57] /i fainted shiny slowking
[11/02/2016 23:34:57] /i fainted shiny slowking
[11/02/2016 23:34:57] /i fainted shiny slowking
[11/02/2016 23:34:57] /i fainted shiny slowking
[11/02/2016 23:34:57] /i fainted shiny slowking
[11/02/2016 23:34:57] /i fainted shiny slowking
[11/02/2016 23:34:57] /i fainted shiny slowking
[11/02/2016 23:34:57] /i fainted shiny slowking
[11/02/2016 23:34:57] /i fainted shiny slowking
[11/02/2016 23:34:57] /i fainted shiny slowking
[11/02/2016 23:34:57] /i fainted shiny slowking
[11/02/2016 23:34:57] /i fainted shiny slowking
[11/02/2016 23:34:57] /i fainted shiny slowking
[11/02/2016 23:34:57] /i fainted shiny slowking
[11/02/2016 23:34:57] /i fainted shiny slowking
[11/02/2016 23:34:57] /i fainted shiny slowking
[11/02/2016 23:34:57] /i fainted shiny slowking
[11/02/2016 23:34:58] /i fainted shiny slowking
[11/02/2016 23:34:58] /i fainted shiny slowking
[11/02/2016 23:34:58] /i fainted shiny slowking
[11/02/2016 23:34:58] /i fainted shiny slowking
[11/02/2016 23:34:58] /i fainted shiny slowking
[11/02/2016 23:34:58] /i fainted shiny slowking
[11/02/2016 23:34:59] /i fainted shiny slowking
[11/02/2016 23:34:59] /i fainted shiny slowking
[11/02/2016 23:35:12] /i fainted shiny slowking
[11/02/2016 23:35:13] /i fainted shiny slowking
[11/02/2016 23:35:13] /i fainted shiny slowking
[11/02/2016 23:35:13] /i fainted shiny slowking
[11/02/2016 23:35:13] /i fainted shiny slowking
[11/02/2016 23:35:13] /i fainted shiny slowking
[11/02/2016 23:35:13] /i fainted shiny slowking
[11/02/2016 23:35:13] /i fainted shiny slowking
[11/02/2016 23:35:13] /i fainted shiny slowking
[11/02/2016 23:35:13] /i fainted shiny slowking
[11/02/2016 23:35:13] /i fainted shiny slowking
[11/02/2016 23:35:13] /i fainted shiny slowking
[11/02/2016 23:35:13] /i fainted shiny slowking
[11/02/2016 23:35:13] /i fainted shiny slowking
[11/02/2016 23:35:13] /i fainted shiny slowking
[11/02/2016 23:35:13] /i fainted shiny slowking
[11/02/2016 23:35:13] /i fainted shiny slowking
[11/02/2016 23:35:13] /i fainted shiny slowking
[11/02/2016 23:35:14] /i fainted shiny slowking
[11/02/2016 23:35:14] /i fainted shiny slowking
[11/02/2016 23:35:14] /i fainted shiny slowking
[11/02/2016 23:35:14] /i fainted shiny slowking
[11/02/2016 23:35:14] /i fainted shiny slowking
[11/02/2016 23:35:14] /i fainted shiny slowking
[11/02/2016 23:35:14] /i fainted shiny slowking
[11/02/2016 23:35:14] /i fainted shiny slowking
[11/02/2016 23:35:14] /i fainted shiny slowking
[11/02/2016 23:35:14] /i fainted shiny slowking
[11/02/2016 23:35:14] /i fainted shiny slowking
[11/02/2016 23:35:14] /i fainted shiny slowking
[11/02/2016 23:35:14] /i fainted shiny slowking
[11/02/2016 23:35:14] /i fainted shiny slowking
[11/02/2016 23:35:14] /i fainted shiny slowking
[11/02/2016 23:35:14] /i fainted shiny slowking
[11/02/2016 23:35:14] /i fainted shiny slowking
[11/02/2016 23:35:14] /i fainted shiny slowking
[11/02/2016 23:35:14] /i fainted shiny slowking
[11/02/2016 23:35:14] /i fainted shiny slowking
[11/02/2016 23:35:14] /i fainted shiny slowking
[11/02/2016 23:35:14] /i fainted shiny slowking
[11/02/2016 23:35:14] /i fainted shiny slowking
[11/02/2016 23:35:14] /i fainted shiny slowking
[11/02/2016 23:35:14] /i fainted shiny slowking
[11/02/2016 23:35:14] /i fainted shiny slowking
[11/02/2016 23:35:15] /i fainted shiny slowking
[11/02/2016 23:35:15] /i fainted shiny slowking
[11/02/2016 23:35:15] /i fainted shiny slowking
[11/02/2016 23:35:15] /i fainted shiny slowking
[11/02/2016 23:35:15] /i fainted shiny slowking
[11/02/2016 23:35:15] /i fainted shiny slowking
[11/02/2016 23:46:25] /i fainted shiny slowking
[11/02/2016 23:46:26] /i fainted shiny slowking
[11/02/2016 23:46:26] /i fainted shiny slowking
[11/02/2016 23:46:26] /i fainted shiny slowking
[11/02/2016 23:46:26] /i fainted shiny slowking
[11/02/2016 23:46:26] /i fainted shiny slowking
[11/02/2016 23:46:26] /i fainted shiny slowking
[11/02/2016 23:46:26] /i fainted shiny slowking
[11/02/2016 23:46:26] /i fainted shiny slowking
[11/02/2016 23:46:26] /i fainted shiny slowking
[11/02/2016 23:46:26] /i fainted shiny slowking
[11/02/2016 23:46:26] /i fainted shiny slowking
[11/02/2016 23:46:26] /i fainted shiny slowking
[11/02/2016 23:46:26] /i fainted shiny slowking
[11/02/2016 23:46:26] /i fainted shiny slowking
[11/02/2016 23:46:26] /i fainted shiny slowking
[11/02/2016 23:46:26] /i fainted shiny slowking
[11/02/2016 23:46:26] /i fainted shiny slowking
[11/02/2016 23:46:26] /i fainted shiny slowking
[11/02/2016 23:46:26] /i fainted shiny slowking
[11/02/2016 23:46:26] /i fainted shiny slowking
[11/02/2016 23:46:26] /i fainted shiny slowking
[11/02/2016 23:46:27] /i fainted shiny slowking
[11/02/2016 23:46:27] /i fainted shiny slowking
[11/02/2016 23:46:27] /i fainted shiny slowking
[11/02/2016 23:46:27] /i fainted shiny slowking
[11/02/2016 23:46:27] /i fainted shiny slowking
[11/02/2016 23:46:27] /i fainted shiny slowking
[11/02/2016 23:46:27] /i fainted shiny slowking
[11/02/2016 23:46:27] /i fainted shiny slowking
[11/02/2016 23:46:27] /i fainted shiny slowking
[11/02/2016 23:46:27] /i fainted shiny slowking
[11/02/2016 23:46:27] /i fainted shiny slowking
[11/02/2016 23:46:27] /i fainted shiny slowking
[11/02/2016 23:46:27] /i fainted shiny slowking
[11/02/2016 23:46:27] /i fainted shiny slowking
[11/02/2016 23:46:27] /i fainted shiny slowking
[11/02/2016 23:46:27] /i fainted shiny slowking
[11/02/2016 23:46:27] /i fainted shiny slowking
[11/02/2016 23:46:27] /i fainted shiny slowking
[11/02/2016 23:46:27] /i fainted shiny slowking
[11/02/2016 23:46:27] /i fainted shiny slowking
[11/02/2016 23:46:27] /i fainted shiny slowking
[11/02/2016 23:46:27] /i fainted shiny slowking
[11/02/2016 23:46:27] /i fainted shiny slowking
[11/02/2016 23:46:27] /i fainted shiny slowking
[11/02/2016 23:46:27] /i fainted shiny slowking
[11/02/2016 23:46:27] /i fainted shiny slowking
[11/02/2016 23:46:27] /i fainted shiny slowking
[11/02/2016 23:46:27] /i fainted shiny slowking
[11/02/2016 23:46:27] /i fainted shiny slowking
[11/02/2016 23:46:27] /i fainted shiny slowking
[11/02/2016 23:46:28] /i fainted shiny slowking
[11/02/2016 23:46:28] /i fainted shiny slowking
[11/02/2016 23:46:28] /i fainted shiny slowking
[11/02/2016 23:46:28] /i fainted shiny slowking
[11/02/2016 23:46:28] /i fainted shiny slowking
[11/02/2016 23:46:28] /i fainted shiny slowking
[11/02/2016 23:46:28] /i fainted shiny slowking
[11/02/2016 23:46:28] /i fainted shiny slowking
[11/02/2016 23:46:28] /i fainted shiny slowking
[11/02/2016 23:46:28] /i fainted shiny slowking
[11/02/2016 23:46:28] /i fainted shiny slowking
[11/02/2016 23:46:28] /i fainted shiny slowking
[11/02/2016 23:46:28] /i fainted shiny slowking
[11/02/2016 23:46:28] /i fainted shiny slowking
[11/02/2016 23:46:28] /i fainted shiny slowking
[11/02/2016 23:46:28] /i fainted shiny slowking
[11/02/2016 23:46:28] /i fainted shiny slowking
[11/02/2016 23:46:28] /i fainted shiny slowking
[11/02/2016 23:46:28] /i fainted shiny slowking
[11/02/2016 23:46:28] /i fainted shiny slowking
[11/02/2016 23:46:28] /i fainted shiny slowking
[11/02/2016 23:46:28] /i fainted shiny slowking
[11/02/2016 23:46:28] /i fainted shiny slowking
[11/02/2016 23:46:28] /i fainted shiny slowking
[11/02/2016 23:46:28] /i fainted shiny slowking
[11/02/2016 23:46:28] /i fainted shiny slowking
[11/02/2016 23:46:28] /i fainted shiny slowking
[11/02/2016 23:46:28] /i fainted shiny slowking
[11/02/2016 23:46:29] /i fainted shiny slowking
[11/02/2016 23:46:29] /i fainted shiny slowking
[11/02/2016 23:46:29] /i fainted shiny slowking
[11/02/2016 23:46:29] /i fainted shiny slowking
[11/02/2016 23:46:29] /i fainted shiny slowking
[11/02/2016 23:46:29] /i fainted shiny slowking
[11/02/2016 23:46:29] /i fainted shiny slowking
[11/02/2016 23:46:29] /i fainted shiny slowking
[11/02/2016 23:46:29] /i fainted shiny slowking
[11/02/2016 23:46:29] /i fainted shiny slowking
[11/02/2016 23:46:29] /i fainted shiny slowking
[11/02/2016 23:46:29] /i fainted shiny slowking
[11/02/2016 23:46:29] /i fainted shiny slowking
[11/02/2016 23:46:29] /i fainted shiny slowking
[11/02/2016 23:46:29] /i fainted shiny slowking
[11/02/2016 23:46:29] /i fainted shiny slowking
[11/02/2016 23:46:29] /i fainted shiny slowking
[11/02/2016 23:46:29] /i fainted shiny slowking
[11/02/2016 23:46:29] /i fainted shiny slowking
[11/02/2016 23:46:29] /i fainted shiny slowking
[11/02/2016 23:46:29] /i fainted shiny slowking
[11/02/2016 23:46:29] /i fainted shiny slowking
[11/02/2016 23:46:29] /i fainted shiny slowking
[11/02/2016 23:46:29] /i fainted shiny slowking
[11/02/2016 23:46:29] /i fainted shiny slowking
[11/02/2016 23:46:29] /i fainted shiny slowking
[11/02/2016 23:46:30] /i fainted shiny slowking
[11/02/2016 23:46:30] /i fainted shiny slowking
[11/02/2016 23:46:30] /i fainted shiny slowking
[11/02/2016 23:46:30] /i fainted shiny slowking
[11/02/2016 23:46:30] /i fainted shiny slowking
[11/02/2016 23:46:30] /i fainted shiny slowking
[11/02/2016 23:46:30] /i fainted shiny slowking
[11/02/2016 23:46:30] /i fainted shiny slowking
[11/02/2016 23:46:30] /i fainted shiny slowking
[11/02/2016 23:46:30] /i fainted shiny slowking
[11/02/2016 23:46:30] /i fainted shiny slowking
[11/02/2016 23:46:30] /i fainted shiny slowking
[11/02/2016 23:46:30] /i fainted shiny slowking
[11/02/2016 23:46:30] /i fainted shiny slowking
[11/02/2016 23:46:30] /i fainted shiny slowking
[11/02/2016 23:46:30] /i fainted shiny slowking
[11/02/2016 23:46:30] /i fainted shiny slowking
[11/02/2016 23:46:30] /i fainted shiny slowking
[11/02/2016 23:46:30] /i fainted shiny slowking
[11/02/2016 23:46:30] /i fainted shiny slowking
[11/02/2016 23:46:30] /i fainted shiny slowking
[11/02/2016 23:46:30] /i fainted shiny slowking
[11/02/2016 23:46:30] /i fainted shiny slowking
[11/02/2016 23:46:30] /i fainted shiny slowking
[11/02/2016 23:46:30] /i fainted shiny slowking
[11/02/2016 23:46:30] /i fainted shiny slowking
[11/02/2016 23:46:30] /i fainted shiny slowking
[11/02/2016 23:46:30] /i fainted shiny slowking
[11/02/2016 23:46:30] /i fainted shiny slowking
[11/02/2016 23:46:30] /i fainted shiny slowking
[11/02/2016 23:46:30] /i fainted shiny slowking
[11/02/2016 23:46:31] /i fainted shiny slowking
[11/02/2016 23:46:31] /i fainted shiny slowking
[11/02/2016 23:46:31] /i fainted shiny slowking
[11/02/2016 23:46:31] /i fainted shiny slowking
[11/02/2016 23:46:31] /i fainted shiny slowking
[11/02/2016 23:46:31] /i fainted shiny slowking
[11/02/2016 23:46:31] /i fainted shiny slowking
[11/02/2016 23:46:31] /i fainted shiny slowking
[11/02/2016 23:46:31] /i fainted shiny slowking
[11/02/2016 23:46:31] /i fainted shiny slowking
[11/02/2016 23:46:31] /i fainted shiny slowking
[11/02/2016 23:46:31] /i fainted shiny slowking
[11/02/2016 23:46:31] /i fainted shiny slowking
[11/02/2016 23:46:31] /i fainted shiny slowking
[11/02/2016 23:46:31] /i fainted shiny slowking
[11/02/2016 23:46:31] /i fainted shiny slowking
[11/02/2016 23:46:31] /i fainted shiny slowking
[11/02/2016 23:46:31] /i fainted shiny slowking
[11/02/2016 23:46:31] /i fainted shiny slowking
[11/02/2016 23:46:31] /i fainted shiny slowking
[11/02/2016 23:46:31] /i fainted shiny slowking
[11/02/2016 23:46:31] /i fainted shiny slowking
[11/02/2016 23:46:31] /i fainted shiny slowking
[11/02/2016 23:46:31] /i fainted shiny slowking
[11/02/2016 23:46:31] /i fainted shiny slowking
[11/02/2016 23:46:31] /i fainted shiny slowking
[11/02/2016 23:46:31] /i fainted shiny slowking
[11/02/2016 23:46:31] /i fainted shiny slowking
[11/02/2016 23:46:32] /i fainted shiny slowking
[11/02/2016 23:46:32] /i fainted shiny slowking
[11/02/2016 23:46:32] /i fainted shiny slowking
[11/02/2016 23:46:32] /i fainted shiny slowking
[11/02/2016 23:46:32] /i fainted shiny slowking
[11/02/2016 23:46:32] /i fainted shiny slowking
[11/02/2016 23:46:32] /i fainted shiny slowking
[11/02/2016 23:46:32] /i fainted shiny slowking
[11/02/2016 23:46:32] /i fainted shiny slowking
[11/02/2016 23:46:32] /i fainted shiny slowking
[11/02/2016 23:46:32] /i fainted shiny slowking
[11/02/2016 23:46:32] /i fainted shiny slowking
[11/02/2016 23:46:32] /i fainted shiny slowking
[11/02/2016 23:46:32] /i fainted shiny slowking
[11/02/2016 23:46:32] /i fainted shiny slowking
[11/02/2016 23:46:32] /i fainted shiny slowking
[11/02/2016 23:46:32] /i fainted shiny slowking
[11/02/2016 23:46:32] /i fainted shiny slowking
[11/02/2016 23:46:32] /i fainted shiny slowking
[11/02/2016 23:46:32] /i fainted shiny slowking
[11/02/2016 23:46:32] /i fainted shiny slowking
[11/02/2016 23:46:32] /i fainted shiny slowking
[11/02/2016 23:46:32] /i fainted shiny slowking
[11/02/2016 23:46:32] /i fainted shiny slowking
[11/02/2016 23:46:32] /i fainted shiny slowking
[11/02/2016 23:46:32] /i fainted shiny slowking
[11/02/2016 23:46:33] /i fainted shiny slowking
[11/02/2016 23:46:33] /i fainted shiny slowking
[11/02/2016 23:46:33] /i fainted shiny slowking
[11/02/2016 23:46:33] /i fainted shiny slowking
[11/02/2016 23:46:33] /i fainted shiny slowking
[11/02/2016 23:46:33] /i fainted shiny slowking
[11/02/2016 23:46:33] /i fainted shiny slowking
[11/02/2016 23:46:33] /i fainted shiny slowking
[11/02/2016 23:46:34] /i fainted shiny slowking
[11/02/2016 23:46:34] /i fainted shiny slowking
[11/02/2016 23:46:34] /i fainted shiny slowking
[11/02/2016 23:46:34] /i fainted shiny slowking
[11/02/2016 23:46:34] /i fainted shiny slowking
[11/02/2016 23:46:34] /i fainted shiny slowking
[11/02/2016 23:46:34] /i fainted shiny slowking
[11/02/2016 23:46:34] /i fainted shiny slowking
[11/02/2016 23:46:34] /i fainted shiny slowking
[11/02/2016 23:46:34] /i fainted shiny slowking
[11/02/2016 23:46:34] /i fainted shiny slowking
[11/02/2016 23:46:34] /i fainted shiny slowking
[11/02/2016 23:46:34] /i fainted shiny slowking
[11/02/2016 23:46:34] /i fainted shiny slowking
[11/02/2016 23:46:34] /i fainted shiny slowking
[11/02/2016 23:46:34] /i fainted shiny slowking
[11/02/2016 23:46:34] /i fainted shiny slowking
[11/02/2016 23:46:34] /i fainted shiny slowking
[11/02/2016 23:46:34] /i fainted shiny slowking
[11/02/2016 23:46:34] /i fainted shiny slowking
[11/02/2016 23:46:34] /i fainted shiny slowking
[11/02/2016 23:46:34] /i fainted shiny slowking
[11/02/2016 23:46:34] /i fainted shiny slowking
[11/02/2016 23:46:34] /i fainted shiny slowking
[11/02/2016 23:46:34] /i fainted shiny slowking
[11/02/2016 23:46:34] /i fainted shiny slowking
[11/02/2016 23:46:35] /i fainted shiny slowking
[11/02/2016 23:46:35] /i fainted shiny slowking
[11/02/2016 23:46:35] /i fainted shiny slowking
[11/02/2016 23:46:35] /i fainted shiny slowking
[11/02/2016 23:46:35] /i fainted shiny slowking
[11/02/2016 23:46:35] /i fainted shiny slowking
[11/02/2016 23:46:35] /i fainted shiny slowking
[11/02/2016 23:46:35] /i fainted shiny slowking
[11/02/2016 23:46:35] /i fainted shiny slowking
[11/02/2016 23:46:35] /i fainted shiny slowking
[11/02/2016 23:46:35] /i fainted shiny slowking
[11/02/2016 23:46:35] /i fainted shiny slowking
[11/02/2016 23:46:35] /i fainted shiny slowking
[11/02/2016 23:46:35] /i fainted shiny slowking
[11/02/2016 23:46:35] /i fainted shiny slowking
[11/02/2016 23:46:35] /i fainted shiny slowking
[11/02/2016 23:46:35] /i fainted shiny slowking
[11/02/2016 23:46:35] /i fainted shiny slowking
[11/02/2016 23:46:35] /i fainted shiny slowking
[11/02/2016 23:46:35] /i fainted shiny slowking
[11/02/2016 23:46:35] /i fainted shiny slowking
[11/02/2016 23:46:35] /i fainted shiny slowking
[11/02/2016 23:46:35] /i fainted shiny slowking
[11/02/2016 23:46:35] /i fainted shiny slowking
[11/02/2016 23:46:35] /i fainted shiny slowking
[11/02/2016 23:46:35] /i fainted shiny slowking
[11/02/2016 23:46:35] /i fainted shiny slowking
[11/02/2016 23:46:35] /i fainted shiny slowking
[11/02/2016 23:46:36] /i fainted shiny slowking
[11/02/2016 23:46:36] /i fainted shiny slowking
[11/02/2016 23:46:36] /i fainted shiny slowking
[11/02/2016 23:46:36] /i fainted shiny slowking
[11/02/2016 23:46:36] /i fainted shiny slowking
[11/02/2016 23:46:36] /i fainted shiny slowking
[11/02/2016 23:46:36] /i fainted shiny slowking
[11/02/2016 23:46:36] /i fainted shiny slowking
[11/02/2016 23:46:36] /i fainted shiny slowking
[11/02/2016 23:46:36] /i fainted shiny slowking
[11/02/2016 23:46:36] /i fainted shiny slowking
[11/02/2016 23:46:36] /i fainted shiny slowking
[11/02/2016 23:46:36] /i fainted shiny slowking
[11/02/2016 23:46:36] /i fainted shiny slowking
[11/02/2016 23:46:36] /i fainted shiny slowking
[11/02/2016 23:46:38] /i ultra ball
[11/02/2016 23:46:39] /i ultra ball
[11/02/2016 23:46:40] /i ultra ball
[11/02/2016 23:46:40] /i ultra ball
[11/02/2016 23:46:40] /i ultra ball
[11/02/2016 23:46:48] /i fainted shiny slowking
[11/02/2016 23:46:48] /i fainted shiny slowking
[11/02/2016 23:46:48] /i fainted shiny slowking
[11/02/2016 23:46:48] /i fainted shiny slowking
[11/02/2016 23:46:48] /i fainted shiny slowking
[11/02/2016 23:46:48] /i fainted shiny slowking
[11/02/2016 23:46:48] /i fainted shiny slowking
[11/02/2016 23:46:48] /i fainted shiny slowking
[11/02/2016 23:46:49] /i fainted shiny slowking
[11/02/2016 23:46:49] /i fainted shiny slowking
[11/02/2016 23:46:49] /i fainted shiny slowking
[11/02/2016 23:46:49] /i fainted shiny slowking
[11/02/2016 23:46:49] /i fainted shiny slowking
[11/02/2016 23:46:49] /i fainted shiny slowking
[11/02/2016 23:46:49] /i fainted shiny slowking
[11/02/2016 23:46:49] /i fainted shiny slowking
[11/02/2016 23:46:49] /i fainted shiny slowking
[11/02/2016 23:46:49] /i fainted shiny slowking
[11/02/2016 23:46:49] /i fainted shiny slowking
[11/02/2016 23:46:49] /i fainted shiny slowking
[11/02/2016 23:46:49] /i fainted shiny slowking
[11/02/2016 23:46:49] /i fainted shiny slowking
[11/02/2016 23:46:49] /i fainted shiny slowking
[11/02/2016 23:46:49] /i fainted shiny slowking
[11/02/2016 23:46:49] /i fainted shiny slowking
[11/02/2016 23:46:49] /i fainted shiny slowking
[11/02/2016 23:46:49] /i fainted shiny slowking
[11/02/2016 23:46:49] /i fainted shiny slowking
[11/02/2016 23:46:49] /i fainted shiny slowking
[11/02/2016 23:46:49] /i fainted shiny slowking
[11/02/2016 23:46:49] /i fainted shiny slowking
[11/02/2016 23:46:49] /i fainted shiny slowking
[11/02/2016 23:46:49] /i fainted shiny slowking
[11/02/2016 23:46:49] /i fainted shiny slowking
[11/02/2016 23:46:49] /i fainted shiny slowking
[11/02/2016 23:46:50] /i fainted shiny slowking
[11/02/2016 23:46:50] /i fainted shiny slowking
[11/02/2016 23:46:50] /i fainted shiny slowking
[11/02/2016 23:46:50] /i fainted shiny slowking
[11/02/2016 23:46:50] /i fainted shiny slowking
[11/02/2016 23:46:50] /i fainted shiny slowking
[11/02/2016 23:46:50] /i fainted shiny slowking
[11/02/2016 23:46:50] /i fainted shiny slowking
[11/02/2016 23:46:50] /i fainted shiny slowking
[11/02/2016 23:46:50] /i fainted shiny slowking
[11/02/2016 23:46:50] /i fainted shiny slowking
[11/02/2016 23:46:50] /i fainted shiny slowking
[11/02/2016 23:46:50] /i fainted shiny slowking
[11/02/2016 23:46:50] /i fainted shiny slowking
[11/02/2016 23:46:50] /i fainted shiny slowking
[11/02/2016 23:46:50] /i fainted shiny slowking
[11/02/2016 23:46:50] /i fainted shiny slowking
[11/02/2016 23:46:50] /i fainted shiny slowking
[11/02/2016 23:46:50] /i fainted shiny slowking
[11/02/2016 23:46:50] /i fainted shiny slowking
[11/02/2016 23:46:50] /i fainted shiny slowking
[11/02/2016 23:46:50] /i fainted shiny slowking
[11/02/2016 23:46:50] /i fainted shiny slowking
[11/02/2016 23:46:50] /i fainted shiny slowking
[11/02/2016 23:46:51] /i fainted shiny slowking
[11/02/2016 23:46:51] /i fainted shiny slowking
[11/02/2016 23:46:51] /i fainted shiny slowking
[11/02/2016 23:46:51] /i fainted shiny slowking
[11/02/2016 23:46:51] /i fainted shiny slowking
[11/02/2016 23:46:51] /i fainted shiny slowking
[11/02/2016 23:46:51] /i fainted shiny slowking
[11/02/2016 23:46:51] /i fainted shiny slowking
[11/02/2016 23:46:51] /i fainted shiny slowking
[11/02/2016 23:46:51] /i fainted shiny slowking
[11/02/2016 23:46:51] /i fainted shiny slowking
[11/02/2016 23:46:51] /i fainted shiny slowking
[11/02/2016 23:46:51] /i fainted shiny slowking
[11/02/2016 23:46:51] /i fainted shiny slowking
[11/02/2016 23:46:51] /i fainted shiny slowking
[11/02/2016 23:46:51] /i fainted shiny slowking
[11/02/2016 23:46:51] /i fainted shiny slowking
[11/02/2016 23:46:51] /i fainted shiny slowking
[11/02/2016 23:46:51] /i fainted shiny slowking
[11/02/2016 23:46:51] /i fainted shiny slowking
[11/02/2016 23:46:51] /i fainted shiny slowking
[11/02/2016 23:46:51] /i fainted shiny slowking
[11/02/2016 23:46:51] /i fainted shiny slowking
[11/02/2016 23:46:51] /i fainted shiny slowking
[11/02/2016 23:46:51] /i fainted shiny slowking
[11/02/2016 23:46:51] /i fainted shiny slowking
[11/02/2016 23:46:51] /i fainted shiny slowking
[11/02/2016 23:46:52] /i fainted shiny slowking
[11/02/2016 23:46:52] /i fainted shiny slowking
[11/02/2016 23:46:52] /i fainted shiny slowking
[11/02/2016 23:46:52] /i fainted shiny slowking
[11/02/2016 23:46:52] /i fainted shiny slowking
[11/02/2016 23:46:52] /i fainted shiny slowking
[11/02/2016 23:46:52] /i fainted shiny slowking
[11/02/2016 23:46:52] /i fainted shiny slowking
[11/02/2016 23:46:52] /i fainted shiny slowking
[11/02/2016 23:46:52] /i fainted shiny slowking
[11/02/2016 23:46:52] /i fainted shiny slowking
[11/02/2016 23:46:52] /i fainted shiny slowking
[11/02/2016 23:46:52] /i fainted shiny slowking
[11/02/2016 23:46:52] /i fainted shiny slowking
[11/02/2016 23:46:52] /i fainted shiny slowking
[11/02/2016 23:46:52] /i fainted shiny slowking
[11/02/2016 23:46:52] /i fainted shiny slowking
[11/02/2016 23:46:52] /i fainted shiny slowking
[11/02/2016 23:46:52] /i fainted shiny slowking
[11/02/2016 23:46:52] /i fainted shiny slowking
[11/02/2016 23:46:52] /i fainted shiny slowking
[11/02/2016 23:46:52] /i fainted shiny slowking
[11/02/2016 23:46:52] /i fainted shiny slowking
[11/02/2016 23:46:52] /i fainted shiny slowking
[11/02/2016 23:46:52] /i fainted shiny slowking
[11/02/2016 23:46:52] /i fainted shiny slowking
[11/02/2016 23:46:52] /i fainted shiny slowking
[11/02/2016 23:46:53] /i fainted shiny slowking
[11/02/2016 23:46:53] /i fainted shiny slowking
[11/02/2016 23:46:53] /i fainted shiny slowking
[11/02/2016 23:46:53] /i fainted shiny slowking
[11/02/2016 23:46:53] /i fainted shiny slowking
[11/02/2016 23:46:53] /i fainted shiny slowking
[11/02/2016 23:46:53] /i fainted shiny slowking
[11/02/2016 23:46:53] /i fainted shiny slowking
[11/02/2016 23:46:53] /i fainted shiny slowking
[11/02/2016 23:46:53] /i fainted shiny slowking
[11/02/2016 23:46:53] /i fainted shiny slowking
[11/02/2016 23:46:53] /i fainted shiny slowking
[11/02/2016 23:46:53] /i fainted shiny slowking
[11/02/2016 23:46:53] /i fainted shiny slowking
[11/02/2016 23:46:53] /i fainted shiny slowking
[11/02/2016 23:46:53] /i fainted shiny slowking
[11/02/2016 23:46:53] /i fainted shiny slowking
[11/02/2016 23:46:53] /i fainted shiny slowking
[11/02/2016 23:46:53] /i fainted shiny slowking
[11/02/2016 23:46:53] /i fainted shiny slowking
[11/02/2016 23:46:53] /i fainted shiny slowking
[11/02/2016 23:46:53] /i fainted shiny slowking
[11/02/2016 23:46:53] /i fainted shiny slowking
[11/02/2016 23:46:53] /i fainted shiny slowking
[11/02/2016 23:46:53] /i fainted shiny slowking
[11/02/2016 23:46:54] /i fainted shiny slowking
[11/02/2016 23:46:54] /i fainted shiny slowking
[11/02/2016 23:46:54] /i fainted shiny slowking
[11/02/2016 23:46:54] /i fainted shiny slowking
[11/02/2016 23:46:54] /i fainted shiny slowking
[11/02/2016 23:46:54] /i fainted shiny slowking
[11/02/2016 23:46:54] /i fainted shiny slowking
[11/02/2016 23:46:54] /i fainted shiny slowking
[11/02/2016 23:46:54] /i fainted shiny slowking
[11/02/2016 23:46:54] /i fainted shiny slowking
[11/02/2016 23:46:54] /i fainted shiny slowking
[11/02/2016 23:46:54] /i fainted shiny slowking
[11/02/2016 23:46:54] /i fainted shiny slowking
[11/02/2016 23:46:54] /i fainted shiny slowking
[11/02/2016 23:46:54] /i fainted shiny slowking
[11/02/2016 23:46:54] /i fainted shiny slowking
[11/02/2016 23:46:54] /i fainted shiny slowking
[11/02/2016 23:46:54] /i fainted shiny slowking
[11/02/2016 23:46:54] /i fainted shiny slowking
[11/02/2016 23:46:54] /i fainted shiny slowking
[11/02/2016 23:46:54] /i fainted shiny slowking
[11/02/2016 23:46:54] /i fainted shiny slowking
[11/02/2016 23:46:54] /i fainted shiny slowking
[11/02/2016 23:46:54] /i fainted shiny slowking
[11/02/2016 23:46:54] /i fainted shiny slowking
[11/02/2016 23:46:54] /i fainted shiny slowking
[11/02/2016 23:46:54] /i fainted shiny slowking
[11/02/2016 23:46:55] /i fainted shiny slowking
[11/02/2016 23:46:55] /i fainted shiny slowking
[11/02/2016 23:46:55] /i fainted shiny slowking
[11/02/2016 23:46:55] /i fainted shiny slowking
[11/02/2016 23:46:55] /i fainted shiny slowking
[11/02/2016 23:46:55] /i fainted shiny slowking
[12/02/2016 00:02:09] /goto flygon
[12/02/2016 00:02:10] /goto flygon
[12/02/2016 00:02:14] /goto trapinch
[12/02/2016 00:02:19] /goto tranpich
[12/02/2016 00:02:23] /goto vibrava
[12/02/2016 00:02:36] /goto flygon
[12/02/2016 00:02:37] /goto flygon
[12/02/2016 00:02:37] /goto flygon
[12/02/2016 00:02:41] /goto vibrava
[12/02/2016 00:02:46] /c buch
[12/02/2016 00:02:56] /c [help teste] rebecca
[12/02/2016 00:23:27] /i fainted shiny flygon
[12/02/2016 00:23:27] /i fainted shiny flygon
[12/02/2016 00:23:27] /i fainted shiny flygon
[12/02/2016 00:23:27] /i fainted shiny flygon
[12/02/2016 00:23:27] /i fainted shiny flygon
[12/02/2016 00:23:27] /i fainted shiny flygon
[12/02/2016 00:23:27] /i fainted shiny flygon
[12/02/2016 00:23:27] /i fainted shiny flygon
[12/02/2016 00:23:28] /i fainted shiny flygon
[12/02/2016 00:23:28] /i fainted shiny flygon
[12/02/2016 00:23:28] /i fainted shiny flygon
[12/02/2016 00:23:28] /i fainted shiny flygon
[12/02/2016 00:23:28] /i fainted shiny flygon
[12/02/2016 00:23:28] /i fainted shiny flygon
[12/02/2016 00:23:28] /i fainted shiny flygon
[12/02/2016 00:23:28] /i fainted shiny flygon
[12/02/2016 00:23:28] /i fainted shiny flygon
[12/02/2016 00:23:28] /i fainted shiny flygon
[12/02/2016 00:23:28] /i fainted shiny flygon
[12/02/2016 00:23:28] /i fainted shiny flygon
[12/02/2016 00:23:28] /i fainted shiny flygon
[12/02/2016 00:23:28] /i fainted shiny flygon
[12/02/2016 00:23:28] /i fainted shiny flygon
[12/02/2016 00:23:28] /i fainted shiny flygon
[12/02/2016 00:23:28] /i fainted shiny flygon
[12/02/2016 00:23:28] /i fainted shiny flygon
[12/02/2016 00:23:28] /i fainted shiny flygon
[12/02/2016 00:23:28] /i fainted shiny flygon
[12/02/2016 00:23:28] /i fainted shiny flygon
[12/02/2016 00:23:28] /i fainted shiny flygon
[12/02/2016 00:23:28] /i fainted shiny flygon
[12/02/2016 00:23:28] /i fainted shiny flygon
[12/02/2016 00:23:28] /i fainted shiny flygon
[12/02/2016 00:23:29] /i fainted shiny flygon
[12/02/2016 00:23:29] /i fainted shiny flygon
[12/02/2016 00:23:29] /i fainted shiny flygon
[12/02/2016 00:23:29] /i fainted shiny flygon
[12/02/2016 00:23:29] /i fainted shiny flygon
[12/02/2016 00:23:29] /i fainted shiny flygon
[12/02/2016 00:23:29] /i fainted shiny flygon
[12/02/2016 00:23:29] /i fainted shiny flygon
[12/02/2016 00:23:29] /i fainted shiny flygon
[12/02/2016 00:23:29] /i fainted shiny flygon
[12/02/2016 00:23:29] /i fainted shiny flygon
[12/02/2016 00:23:29] /i fainted shiny flygon
[12/02/2016 00:23:29] /i fainted shiny flygon
[12/02/2016 00:23:29] /i fainted shiny flygon
[12/02/2016 00:23:29] /i fainted shiny flygon
[12/02/2016 00:23:29] /i fainted shiny flygon
[12/02/2016 00:23:29] /i fainted shiny flygon
[12/02/2016 00:23:29] /i fainted shiny flygon
[12/02/2016 00:23:29] /i fainted shiny flygon
[12/02/2016 00:23:29] /i fainted shiny flygon
[12/02/2016 00:23:29] /i fainted shiny flygon
[12/02/2016 00:23:29] /i fainted shiny flygon
[12/02/2016 00:23:29] /i fainted shiny flygon
[12/02/2016 00:23:29] /i fainted shiny flygon
[12/02/2016 00:23:29] /i fainted shiny flygon
[12/02/2016 00:23:29] /i fainted shiny flygon
[12/02/2016 00:23:29] /i fainted shiny flygon
[12/02/2016 00:23:29] /i fainted shiny flygon
[12/02/2016 00:23:29] /i fainted shiny flygon
[12/02/2016 00:23:30] /i fainted shiny flygon
[12/02/2016 00:23:30] /i fainted shiny flygon
[12/02/2016 00:23:30] /i fainted shiny flygon
[12/02/2016 00:23:30] /i fainted shiny flygon
[12/02/2016 00:23:30] /i fainted shiny flygon
[12/02/2016 00:23:30] /i fainted shiny flygon
[12/02/2016 00:23:30] /i fainted shiny flygon
[12/02/2016 00:23:30] /i fainted shiny flygon
[12/02/2016 00:23:30] /i fainted shiny flygon
[12/02/2016 00:23:30] /i fainted shiny flygon
[12/02/2016 00:23:30] /i fainted shiny flygon
[12/02/2016 00:23:30] /i fainted shiny flygon
[12/02/2016 00:23:30] /i fainted shiny flygon
[12/02/2016 00:23:30] /i fainted shiny flygon
[12/02/2016 00:23:30] /i fainted shiny flygon
[12/02/2016 00:23:30] /i fainted shiny flygon
[12/02/2016 00:23:30] /i fainted shiny flygon
[12/02/2016 00:23:30] /i fainted shiny flygon
[12/02/2016 00:23:30] /i fainted shiny flygon
[12/02/2016 00:23:30] /i fainted shiny flygon
[12/02/2016 00:23:30] /i fainted shiny flygon
[12/02/2016 00:23:30] /i fainted shiny flygon
[12/02/2016 00:23:30] /i fainted shiny flygon
[12/02/2016 00:23:30] /i fainted shiny flygon
[12/02/2016 00:23:30] /i fainted shiny flygon
[12/02/2016 00:23:30] /i fainted shiny flygon
[12/02/2016 00:23:31] /i fainted shiny flygon
[12/02/2016 00:23:31] /i fainted shiny flygon
[12/02/2016 00:23:31] /i fainted shiny flygon
[12/02/2016 00:23:31] /i fainted shiny flygon
[12/02/2016 00:23:31] /i fainted shiny flygon
[12/02/2016 00:23:31] /i fainted shiny flygon
[12/02/2016 00:23:31] /i fainted shiny flygon
[12/02/2016 00:23:31] /i fainted shiny flygon
[12/02/2016 00:23:31] /i fainted shiny flygon
[12/02/2016 00:23:31] /i fainted shiny flygon
[12/02/2016 00:23:31] /i fainted shiny flygon
[12/02/2016 00:23:31] /i fainted shiny flygon
[12/02/2016 00:23:31] /i fainted shiny flygon
[12/02/2016 00:23:31] /i fainted shiny flygon
[12/02/2016 00:23:31] /i fainted shiny flygon
[12/02/2016 00:23:31] /i fainted shiny flygon
[12/02/2016 00:23:31] /i fainted shiny flygon
[12/02/2016 00:23:31] /i fainted shiny flygon
[12/02/2016 00:23:31] /i fainted shiny flygon
[12/02/2016 00:23:31] /i fainted shiny flygon
[12/02/2016 00:23:31] /i fainted shiny flygon
[12/02/2016 00:23:31] /i fainted shiny flygon
[12/02/2016 00:23:31] /i fainted shiny flygon
[12/02/2016 00:23:31] /i fainted shiny flygon
[12/02/2016 00:23:31] /i fainted shiny flygon
[12/02/2016 00:23:31] /i fainted shiny flygon
[12/02/2016 00:23:31] /i fainted shiny flygon
[12/02/2016 00:23:32] /i fainted shiny flygon
[12/02/2016 00:23:32] /i fainted shiny flygon
[12/02/2016 00:23:32] /i fainted shiny flygon
[12/02/2016 00:23:32] /i fainted shiny flygon
[12/02/2016 00:23:32] /i fainted shiny flygon
[12/02/2016 00:23:32] /i fainted shiny flygon
[12/02/2016 00:23:32] /i fainted shiny flygon
[12/02/2016 00:23:32] /i fainted shiny flygon
[12/02/2016 00:23:32] /i fainted shiny flygon
[12/02/2016 00:23:32] /i fainted shiny flygon
[12/02/2016 00:23:32] /i fainted shiny flygon
[12/02/2016 00:23:32] /i fainted shiny flygon
[12/02/2016 00:23:32] /i fainted shiny flygon
[12/02/2016 00:23:32] /i fainted shiny flygon
[12/02/2016 00:23:32] /i fainted shiny flygon
[12/02/2016 00:23:32] /i fainted shiny flygon
[12/02/2016 00:23:32] /i fainted shiny flygon
[12/02/2016 00:23:32] /i fainted shiny flygon
[12/02/2016 00:23:32] /i fainted shiny flygon
[12/02/2016 00:23:32] /i fainted shiny flygon
[12/02/2016 00:23:32] /i fainted shiny flygon
[12/02/2016 00:23:32] /i fainted shiny flygon
[12/02/2016 00:23:33] /i fainted shiny flygon
[12/02/2016 00:24:11] /i ultra ball
[12/02/2016 00:24:12] /i ultra ball
[12/02/2016 00:24:12] /i ultra ball
[12/02/2016 00:24:57] /i fainted shiny flygon
[12/02/2016 00:46:07] /a 50
[12/02/2016 01:04:13] /ghost
[12/02/2016 01:04:15] /town 5
[12/02/2016 01:04:28] /b Pessoal lembrando todo fim de semana eventos.
[12/02/2016 01:04:29] /b Pessoal lembrando todo fim de semana eventos.
[12/02/2016 01:04:29] /b Pessoal lembrando todo fim de semana eventos.
[12/02/2016 01:04:39] /b Pessoal lembrando todo fim de semana eventos.
[12/02/2016 01:04:40] /b Pessoal lembrando todo fim de semana eventos.
[12/02/2016 01:04:57] /c [help teste] kills black
[12/02/2016 01:14:05] /r
[12/02/2016 01:14:29] /r
[12/02/2016 01:15:49] /i 12727
[12/02/2016 01:15:50] /i 12727
[12/02/2016 01:15:51] /i 12727
[12/02/2016 01:15:52] /i 12727
[12/02/2016 01:15:55] /i 12727
[12/02/2016 01:15:55] /i 12727
[12/02/2016 01:15:58] /i 12727
[12/02/2016 01:17:34] /r
[12/02/2016 01:17:36] /r
[12/02/2016 01:17:38] /r
[12/02/2016 01:17:41] /r
[12/02/2016 01:17:42] /r
[12/02/2016 01:17:51] /r
[12/02/2016 01:17:52] /r
[12/02/2016 01:17:53] /r
[12/02/2016 01:17:54] /r
[12/02/2016 01:17:55] /r
[12/02/2016 01:17:58] /r
[12/02/2016 01:18:00] /r
[12/02/2016 01:18:01] /r
[12/02/2016 01:18:03] /r
[12/02/2016 01:18:04] /r
[12/02/2016 01:18:06] /r
[12/02/2016 01:22:50] /i x-attack t7
[12/02/2016 01:22:59] /i y-regeneration t7
[12/02/2016 01:23:17] /attr set boost 200
[12/02/2016 01:23:50] /bc mega metagross
[12/02/2016 01:24:03] /i x-attack t7
[12/02/2016 01:29:32] /reload actions
[12/02/2016 01:29:34] /save
[12/02/2016 01:29:54] /bc green Liberei Boost Shiny Gardevoir Shiny Swellow e Shiny Flygon.
[12/02/2016 01:29:56] /bc green Liberei Boost Shiny Gardevoir Shiny Swellow e Shiny Flygon.
[12/02/2016 01:37:17] /c [HELP TESTE] Harlley Swwiit
[12/02/2016 01:37:20] /s shiny kabutops
[12/02/2016 01:37:47] /r
[12/02/2016 01:37:49] /r
[12/02/2016 01:38:04] /attr set boost 500
[12/02/2016 01:38:15] /i x-attack t7
[12/02/2016 01:38:26] /i y-cure t7
[12/02/2016 01:40:39] /attr set boost 400
[12/02/2016 01:40:48] /i x-attack t7
[12/02/2016 01:40:54] /i y-cure t7
[12/02/2016 01:46:28] /attr set boost 500
[12/02/2016 01:46:37] /i x-attack t7
[12/02/2016 01:46:47] /i y-cure t7
[12/02/2016 01:48:11] /i x-return t3
[12/02/2016 01:48:15] /m ho-oh
[12/02/2016 01:48:34] /r
[12/02/2016 01:49:54] /i x-attack t7
[12/02/2016 01:50:48] /m ho-oh
[12/02/2016 01:51:28] /r
[12/02/2016 01:51:52] /m articuno
[12/02/2016 01:51:55] /r
[12/02/2016 01:51:58] /m articuno
[12/02/2016 01:52:32] /m articuno
[12/02/2016 01:53:18] /bc green estamos testando força dos pokes povo rlx
[12/02/2016 01:53:19] /bc green estamos testando força dos pokes povo rlx
[12/02/2016 01:53:20] /bc green estamos testando força dos pokes povo rlx
[12/02/2016 01:57:11] /i x-return t7
[12/02/2016 01:57:20] /i x-attack t7
[12/02/2016 01:57:32] /attr set boost +400
[12/02/2016 02:00:03] /goto luis killer
[12/02/2016 02:00:04] /ghost
[12/02/2016 02:00:07] /m taillow
[12/02/2016 02:00:07] /m taillow
[12/02/2016 02:00:08] /m taillow
[12/02/2016 02:00:08] /m taillow
[12/02/2016 02:00:08] /m taillow
[12/02/2016 02:00:09] /m taillow
[12/02/2016 02:00:09] /m taillow
[12/02/2016 02:00:09] /m taillow
[12/02/2016 02:00:10] /m taillow
[12/02/2016 02:00:10] /m taillow
[12/02/2016 02:00:11] /m taillow
[12/02/2016 02:00:11] /m taillow
[12/02/2016 02:00:11] /m taillow
[12/02/2016 02:00:46] /i fainted swellow
[12/02/2016 13:56:10] /c divulgador
[12/02/2016 13:56:36] /bc green Mais alguem pensando em divulgar outro servidor?
[12/02/2016 13:57:03] /c buch
[12/02/2016 13:59:38] /bc green Buch para de mandar pm porra ja ouvi tou vendo aqui calma caraio
[12/02/2016 13:59:39] /bc green Buch para de mandar pm porra ja ouvi tou vendo aqui calma caraio
[12/02/2016 13:59:40] /bc green Buch para de mandar pm porra ja ouvi tou vendo aqui calma caraio
[12/02/2016 13:59:41] /bc green Buch para de mandar pm porra ja ouvi tou vendo aqui calma caraio
[12/02/2016 14:00:10] /a 2
[12/02/2016 14:00:12] /a 2
[12/02/2016 14:00:13] /a 2
[12/02/2016 14:00:13] /a 2
[12/02/2016 14:00:14] /a 2
[12/02/2016 14:00:14] /a 2
[12/02/2016 14:00:14] /a 2
[12/02/2016 14:00:15] /a 2
[12/02/2016 14:00:15] /a 2
[12/02/2016 14:00:15] /a 2
[12/02/2016 14:00:16] /a 2
[12/02/2016 14:00:17] /a 5
[12/02/2016 14:00:18] /a 5
[12/02/2016 14:00:19] /a 5
[12/02/2016 14:00:20] /a 5
[12/02/2016 14:00:22] /a 5
[12/02/2016 14:00:29] /i 2159,30
[12/02/2016 14:00:41] /i x-attack t5
[12/02/2016 14:00:42] /i x-attack t5
[12/02/2016 14:00:43] /i x-attack t5
[12/02/2016 14:00:43] /i x-attack t5
[12/02/2016 14:00:43] /i x-attack t5
[12/02/2016 14:00:47] /i x-regeneration t5
[12/02/2016 14:00:48] /i x-regeneration t5
[12/02/2016 14:00:51] /i y-regeneration t5
[12/02/2016 14:00:52] /i y-regeneration t5
[12/02/2016 14:00:52] /i y-regeneration t5
[12/02/2016 14:00:53] /i y-regeneration t5
[12/02/2016 14:00:53] /i y-regeneration t5
[12/02/2016 14:01:11] /b bom povo saindo' Eventos so fins de semana!
[12/02/2016 14:01:12] /b bom povo saindo' Eventos so fins de semana!
[12/02/2016 14:01:13] /b bom povo saindo' Eventos so fins de semana!
[12/02/2016 14:01:15] /t
[12/02/2016 14:28:00] /ghost
[12/02/2016 14:28:02] /ghost
[12/02/2016 14:28:04] /goto jamai
[12/02/2016 14:28:18] /a 5
[12/02/2016 14:28:20] /r
[12/02/2016 14:28:22] /r
[12/02/2016 14:28:23] /r
[12/02/2016 14:28:25] /r
[12/02/2016 14:28:34] /c buch
[12/02/2016 14:28:45] /c buch
[12/02/2016 14:28:58] /c buch
[12/02/2016 14:29:08] /r
[12/02/2016 14:29:10] /r
[12/02/2016 14:29:12] /c buch
[12/02/2016 14:29:22] /c buch
[12/02/2016 14:30:03] /c buch
[12/02/2016 14:30:12] /t
[12/02/2016 14:30:19] /goto buch
[12/02/2016 14:30:29] /c luis killer
[12/02/2016 14:30:30] /t
[12/02/2016 14:31:53] /addskill luis killer,lvl,50
[12/02/2016 14:38:01] /goto buch
[12/02/2016 14:39:36] /a 15
[12/02/2016 14:39:40] /c [HELP TESTE] Rebecca
[12/02/2016 14:39:40] /c Luis Killer
[12/02/2016 14:39:40] /c buch
[12/02/2016 14:39:42] /c buch
[12/02/2016 14:39:43] /c buch
[12/02/2016 14:39:43] /c buch
[12/02/2016 14:39:43] /c buch
[12/02/2016 14:42:14] /addskill buch,lvl,55
[12/02/2016 14:50:13] /t
[12/02/2016 14:50:39] /goto buch
[12/02/2016 14:50:52] /i 2145,15
[12/02/2016 15:44:22] /i fainted shiny kabutops
[12/02/2016 15:44:29] /i fainted shiny armaldo
[12/02/2016 15:44:42] /t
[12/02/2016 16:27:18] /ghost
[12/02/2016 16:27:19] /ghost
[12/02/2016 16:27:21] /goto buch
[12/02/2016 16:27:38] /m shiny tangela
[12/02/2016 16:27:41] /t
[12/02/2016 16:34:29] /goto ralts
[12/02/2016 16:34:32] /goto buch
[12/02/2016 16:34:46] /m shiny tangela
[12/02/2016 16:35:01] /save
[12/02/2016 18:04:13] /ghost
[12/02/2016 18:04:16] /ghost
[12/02/2016 18:04:35] /i
[12/02/2016 22:38:30] /t
[12/02/2016 22:39:14] /c stonegoldd
[12/02/2016 22:41:43] /goto Fernando Nawran
[12/02/2016 22:43:09] /goto lojider
[12/02/2016 22:44:54] /bc green Povo vou priorizar adentimento dos bugs, vamos la quem tem bugs serios fale no ctrl + r.
[12/02/2016 22:44:56] /bc green Povo vou priorizar adentimento dos bugs, vamos la quem tem bugs serios fale no ctrl + r.
[12/02/2016 22:45:23] /goto rafael
[12/02/2016 22:53:31] /bc green porra se eu osuber quem ta tentando entra minha acc vai c foder comigo ja aviso.
[12/02/2016 22:53:51] /bc green calma vou rastriar ip de um lek fdp tentando invadir minha acc, ja volto.
[12/02/2016 22:54:39] /bc green Boa Sorte entra ai ja liguei rastriador seu filho da puta so entra que tu perde seu pc.
[12/02/2016 22:55:23] /bc green Informem Bugs no ctrl + r estou tentando atender todos, e por favor descreva o bug neh ¬¬'
[12/02/2016 22:58:00] /pos
[12/02/2016 23:02:51] /bc green Filho da puta rastriei seu ip arrombado ta fodido na minha mão fdp
[12/02/2016 23:05:24] /bc green Ja Avisei so respondo ctrl + r.
[12/02/2016 23:05:47] /squelch
[12/02/2016 23:07:02] /b Eventos So Sabado e Domingo.
[12/02/2016 23:07:03] /b Eventos So Sabado e Domingo.
[12/02/2016 23:07:03] /b Eventos So Sabado e Domingo.
[12/02/2016 23:07:04] /b Eventos So Sabado e Domingo.
[12/02/2016 23:07:04] /b Eventos So Sabado e Domingo.
[12/02/2016 23:07:10] /bc green Eventos So Sabado e Domingo.
[12/02/2016 23:07:10] /bc green Eventos So Sabado e Domingo.
[12/02/2016 23:07:11] /bc green Eventos So Sabado e Domingo.
[12/02/2016 23:07:11] /bc green Eventos So Sabado e Domingo.
[12/02/2016 23:08:22] /c nana
[12/02/2016 23:08:35] /ghost
[12/02/2016 23:08:53] /i rock stone
[12/02/2016 23:08:55] /i metal stone
[12/02/2016 23:09:04] /i earth stone
[12/02/2016 23:10:07] /m metagross
[12/02/2016 23:10:13] /r
[12/02/2016 23:10:46] /t nana
[12/02/2016 23:10:49] /ghost
[12/02/2016 23:15:25] /bc green Está com erro ? utilize o ctrl + r, mas somente para erros ou bugs, ou poderá ser punido, lembrando bloquiei PMS.
[12/02/2016 23:19:11] /bc green Povo estou levando o Game Chat ao estremo por que estou vendo muita bagunça simples.
[12/02/2016 23:19:39] /c pacboy
[12/02/2016 23:19:52] /ghost
[12/02/2016 23:21:44] /c pacboy
[12/02/2016 23:26:35] /ghost
[12/02/2016 23:26:37] /r
[12/02/2016 23:26:38] /r
[12/02/2016 23:27:07] /bc green Bom Todos bugs falados irei verificar e ver um possivel geito de resolver.
[12/02/2016 23:28:15] /r
[12/02/2016 23:28:23] /i fainted shiny snorlax
[12/02/2016 23:34:48] /bc green vocês querem que eu de clean ? fmz cansei de explica parabens agora servidor vai cair e da rollback to poco me lxiando vcs pediro :D
[12/02/2016 23:34:48] /bc green vocês querem que eu de clean ? fmz cansei de explica parabens agora servidor vai cair e da rollback to poco me lxiando vcs pediro :D
[12/02/2016 23:34:49] /bc green vocês querem que eu de clean ? fmz cansei de explica parabens agora servidor vai cair e da rollback to poco me lxiando vcs pediro :D
[12/02/2016 23:34:49] /bc green vocês querem que eu de clean ? fmz cansei de explica parabens agora servidor vai cair e da rollback to poco me lxiando vcs pediro :D
[12/02/2016 23:34:50] /bc green vocês querem que eu de clean ? fmz cansei de explica parabens agora servidor vai cair e da rollback to poco me lxiando vcs pediro :D
[12/02/2016 23:34:50] /bc green vocês querem que eu de clean ? fmz cansei de explica parabens agora servidor vai cair e da rollback to poco me lxiando vcs pediro :D
[12/02/2016 23:34:51] /bc green vocês querem que eu de clean ? fmz cansei de explica parabens agora servidor vai cair e da rollback to poco me lxiando vcs pediro :D
[12/02/2016 23:34:51] /bc green vocês querem que eu de clean ? fmz cansei de explica parabens agora servidor vai cair e da rollback to poco me lxiando vcs pediro :D
[12/02/2016 23:34:52] /bc green vocês querem que eu de clean ? fmz cansei de explica parabens agora servidor vai cair e da rollback to poco me lxiando vcs pediro :D
[12/02/2016 23:34:52] /bc green vocês querem que eu de clean ? fmz cansei de explica parabens agora servidor vai cair e da rollback to poco me lxiando vcs pediro :D
[12/02/2016 23:34:53] /bc green vocês querem que eu de clean ? fmz cansei de explica parabens agora servidor vai cair e da rollback to poco me lxiando vcs pediro :D
[12/02/2016 23:34:53] /bc green vocês querem que eu de clean ? fmz cansei de explica parabens agora servidor vai cair e da rollback to poco me lxiando vcs pediro :D
[12/02/2016 23:34:54] /bc green vocês querem que eu de clean ? fmz cansei de explica parabens agora servidor vai cair e da rollback to poco me lxiando vcs pediro :D
[12/02/2016 23:34:54] /bc green vocês querem que eu de clean ? fmz cansei de explica parabens agora servidor vai cair e da rollback to poco me lxiando vcs pediro :D
[12/02/2016 23:34:55] /bc green vocês querem que eu de clean ? fmz cansei de explica parabens agora servidor vai cair e da rollback to poco me lxiando vcs pediro :D
[12/02/2016 23:35:16] /clean
[12/02/2016 23:47:54] /ghost
[13/02/2016 00:09:08] /goto bell cranell
[13/02/2016 00:09:11] /ghost
[13/02/2016 00:09:38] /goto bell cranell
[13/02/2016 00:09:42] /r
[13/02/2016 00:09:43] /r
[13/02/2016 00:09:45] /r
[13/02/2016 00:09:46] /r
[13/02/2016 00:09:48] /r
[13/02/2016 00:10:10] /i 351
[13/02/2016 00:10:13] /i 351
[13/02/2016 00:10:13] /i 351
[13/02/2016 00:10:24] /goto bell cranell
[13/02/2016 00:10:27] /r 
[13/02/2016 00:10:28] /r 
[13/02/2016 00:10:28] /r 
[13/02/2016 00:10:30] /r  all
[13/02/2016 00:10:34] /i 407
[13/02/2016 00:10:35] /i 407
[13/02/2016 00:12:18] /i 3766
[13/02/2016 00:12:26] /goto bell cranell
[13/02/2016 00:12:33] /goto bell cranell
[13/02/2016 00:12:45] /i 3766
[13/02/2016 00:12:46] /i 3766
[13/02/2016 00:12:48] /i 3766
[13/02/2016 00:12:49] /i 3766
[13/02/2016 00:12:52] /i 3766
[13/02/2016 00:12:53] /i 3766
[13/02/2016 00:12:53] /i 3766
[13/02/2016 00:12:55] /i 3766
[13/02/2016 00:12:58] /t
[13/02/2016 00:15:09] /ghost
[13/02/2016 00:15:42] /bc green Evento Será Amanhã as 12:00, Colocarei Double XP e farei Evento PVP Guilds por isso formem suas Guilds.
[13/02/2016 00:15:56] /bc green Evento Será Amanhã as 12:00, Colocarei Double XP e farei Evento PVP Guilds por isso formem suas Guilds. Serão Escolhidos 5 Players de cada Guild.
[13/02/2016 00:15:57] /bc green Evento Será Amanhã as 12:00, Colocarei Double XP e farei Evento PVP Guilds por isso formem suas Guilds. Serão Escolhidos 5 Players de cada Guild.
[13/02/2016 00:15:58] /bc green Evento Será Amanhã as 12:00, Colocarei Double XP e farei Evento PVP Guilds por isso formem suas Guilds. Serão Escolhidos 5 Players de cada Guild.
[13/02/2016 00:16:01] /bc green Evento Será Amanhã as 12:00, Colocarei Double XP e farei Evento PVP Guilds por isso formem suas Guilds. Serão Escolhidos 5 Players de cada Guild.
[13/02/2016 00:16:03] /bc green Evento Será Amanhã as 12:00, Colocarei Double XP e farei Evento PVP Guilds por isso formem suas Guilds. Serão Escolhidos 5 Players de cada Guild.
[13/02/2016 00:17:07] /bc green Lembrando Não adianta geral entra em 1 ou 2 guild Somente os 5 Players Escolhidos pelo dono da guild juntamente ocm o dono ganharão o premio não sera a guild inteira.
[13/02/2016 00:17:07] /bc green Lembrando Não adianta geral entra em 1 ou 2 guild Somente os 5 Players Escolhidos pelo dono da guild juntamente ocm o dono ganharão o premio não sera a guild inteira.
[13/02/2016 00:17:08] /bc green Lembrando Não adianta geral entra em 1 ou 2 guild Somente os 5 Players Escolhidos pelo dono da guild juntamente ocm o dono ganharão o premio não sera a guild inteira.
[13/02/2016 00:17:08] /bc green Lembrando Não adianta geral entra em 1 ou 2 guild Somente os 5 Players Escolhidos pelo dono da guild juntamente ocm o dono ganharão o premio não sera a guild inteira.
[13/02/2016 00:17:09] /bc green Lembrando Não adianta geral entra em 1 ou 2 guild Somente os 5 Players Escolhidos pelo dono da guild juntamente ocm o dono ganharão o premio não sera a guild inteira.
[13/02/2016 00:17:15] /bc green Lembrando Não adianta geral entra em 1 ou 2 guild Somente os 5 Players Escolhidos pelo dono da guild juntamente ocm o dono ganharão o premio não sera a guild inteira.
[13/02/2016 00:17:16] /bc green Lembrando Não adianta geral entra em 1 ou 2 guild Somente os 5 Players Escolhidos pelo dono da guild juntamente ocm o dono ganharão o premio não sera a guild inteira.
[13/02/2016 00:17:32] /bc green Supondo Melhor chamarem amigos e formarem guilds
[13/02/2016 00:18:35] /bc green A Guild Vencedora com os Membros Participantes (5 Membros ao todo incluindo o Dono da Guild) Irão ganhar algo especial surpresa.
[13/02/2016 00:18:37] /bc green A Guild Vencedora com os Membros Participantes (5 Membros ao todo incluindo o Dono da Guild) Irão ganhar algo especial surpresa.
[13/02/2016 00:19:19] /squelch
[13/02/2016 00:19:39] /bc Entendero neh Players?
[13/02/2016 00:19:45] /bc green Entendero neh Players?
[13/02/2016 00:19:46] /bc green Entendero neh Players?
[13/02/2016 00:20:38] /bc green Sim SOmente 5 Players por Guilds vão participar do evento e ganhar premio.
[13/02/2016 00:20:39] /bc green Sim SOmente 5 Players por Guilds vão participar do evento e ganhar premio.
[13/02/2016 00:20:40] /bc green Sim SOmente 5 Players por Guilds vão participar do evento e ganhar premio.
[13/02/2016 00:20:41] /bc green Sim SOmente 5 Players por Guilds vão participar do evento e ganhar premio.
[13/02/2016 00:20:42] /bc green Sim SOmente 5 Players por Guilds vão participar do evento e ganhar premio.
[13/02/2016 00:21:42] /bc green Lembrando Eu Darei os poeks que irão participar por isso não vai ter diferença de pokes nesta, mas na proxima terá.
[13/02/2016 00:21:43] /bc green Lembrando Eu Darei os poeks que irão participar por isso não vai ter diferença de pokes nesta, mas na proxima terá.
[13/02/2016 00:21:43] /bc green Lembrando Eu Darei os poeks que irão participar por isso não vai ter diferença de pokes nesta, mas na proxima terá.
[13/02/2016 00:22:45] /bc green Serão Pokes iguais a Todos, para nao haver X-Return e esse tipo, mais no proximo serão com seus pokes.
[13/02/2016 00:22:47] /bc green Serão Pokes iguais a Todos, para nao haver X-Return e esse tipo, mais no proximo serão com seus pokes.
[13/02/2016 00:24:23] /bc green Bom Povo se preparem Amanhã 12:00 Ativo DOuble XP, e depois elaboro Evento Guilds, Irei criar uma coluna no Formfacil aonde as Guilds irão se cadastrar, e colocar os players que irão.
[13/02/2016 00:24:36] /bc green Bom Povo se preparem Amanhã 12:00 Ativo DOuble XP, e depois elaboro Evento Guilds, Irei criar uma coluna no Formfacil aonde as Guilds irão se cadastrar, e colocar os players que irão.
[13/02/2016 00:24:37] /bc green Bom Povo se preparem Amanhã 12:00 Ativo DOuble XP, e depois elaboro Evento Guilds, Irei criar uma coluna no Formfacil aonde as Guilds irão se cadastrar, e colocar os players que irão.
[13/02/2016 00:25:26] /bc green Horario de Brasilia, ás 13:00 All do evento torneio guild tem que estar online.
[13/02/2016 00:25:27] /bc green Horario de Brasilia, ás 13:00 All do evento torneio guild tem que estar online.
[13/02/2016 00:25:43] /bc green Horario de Brasilia, ás 13:00 All do evento torneio guild tem que estar online.
[13/02/2016 00:29:10] /bc green TUTORE's não tem comando criar poke nem nada do tipo então esta liberado.
[13/02/2016 00:32:59] /bc green Bug tela preta so baixar novo client, por que deve estar usando lcient da base antiga desta vps por isso conseguil entrar no ot, quando trocamso de vps tinha uma base nesta vps.
[13/02/2016 00:33:01] /bc green Bug tela preta so baixar novo client, por que deve estar usando lcient da base antiga desta vps por isso conseguil entrar no ot, quando trocamso de vps tinha uma base nesta vps.
[13/02/2016 00:33:02] /bc green Bug tela preta so baixar novo client, por que deve estar usando lcient da base antiga desta vps por isso conseguil entrar no ot, quando trocamso de vps tinha uma base nesta vps.
[13/02/2016 00:33:09] /bc green Bug tela preta so baixar novo client, por que deve estar usando lcient da base antiga desta vps por isso conseguil entrar no ot, quando trocamso de vps tinha uma base nesta vps.
[13/02/2016 00:37:27] /bc green 12:00 Double XP e ás 13:00 Torneio Guild.
[13/02/2016 00:37:28] /bc green 12:00 Double XP e ás 13:00 Torneio Guild.
[13/02/2016 00:37:29] /bc green 12:00 Double XP e ás 13:00 Torneio Guild.
[13/02/2016 00:38:15] /bc green Irei Remover Double XP ás 22:00 De Domingo.
[13/02/2016 00:38:17] /bc green Irei Remover Double XP ás 22:00 De Domingo.
[13/02/2016 00:44:26] /b so para nao falarem q sou ruim...
[13/02/2016 00:44:27] /b so para nao falarem q sou ruim...
[13/02/2016 00:44:56] /a 5
[13/02/2016 00:45:01] /a 5
[13/02/2016 00:45:13] /c kirito'kun
[13/02/2016 00:49:05] /bc green Saindo Povo. 
[13/02/2016 00:49:07] /bc green Saindo Povo. 
[13/02/2016 01:14:06] /goto Luis killer
[13/02/2016 01:14:10] /a 5
[13/02/2016 01:14:11] /a 5
[13/02/2016 01:14:14] /c luis killer
[13/02/2016 01:14:18] /ghost
[13/02/2016 01:16:49] /bc green Para as Guilds participantes os Donos Por favor criem os Formularios no Site: https://form.jotformz.com/60428866088669    Por favor somente os Donos das guilds Crie o Formulario.
[13/02/2016 01:16:50] /bc green Para as Guilds participantes os Donos Por favor criem os Formularios no Site: https://form.jotformz.com/60428866088669    Por favor somente os Donos das guilds Crie o Formulario.
[13/02/2016 01:17:14] /bc green Para as Guilds participantes os Donos Por favor criem os Formularios no Site: https://form.jotformz.com/60428866088669    Por favor somente os Donos das guilds Crie o Formulario.
[13/02/2016 01:17:15] /bc green Para as Guilds participantes os Donos Por favor criem os Formularios no Site: https://form.jotformz.com/60428866088669    Por favor somente os Donos das guilds Crie o Formulario.
[13/02/2016 01:17:38] /bc green Para as Guilds participantes os Donos Por favor criem os Formularios no Site: https://form.jotformz.com/60428866088669    Por favor somente os Donos das guilds Crie o Formulario.
[13/02/2016 01:18:16] /bc green Para as Guilds participantes os Donos Por favor criem os Formularios no Site: https://form.jotformz.com/60428866088669    Por favor somente os Donos das guilds Crie o Formulario.
[13/02/2016 01:18:17] /bc green Para as Guilds participantes os Donos Por favor criem os Formularios no Site: https://form.jotformz.com/60428866088669    Por favor somente os Donos das guilds Crie o Formulario.
[13/02/2016 01:18:21] /ghost
[13/02/2016 01:18:32] /bc green Para as Guilds participantes os Donos Por favor criem os Formularios no Site: https://form.jotformz.com/60428866088669    Por favor somente os Donos das guilds Crie o Formulario.
[13/02/2016 01:18:33] /bc green Para as Guilds participantes os Donos Por favor criem os Formularios no Site: https://form.jotformz.com/60428866088669    Por favor somente os Donos das guilds Crie o Formulario.
[13/02/2016 01:18:34] /bc green Para as Guilds participantes os Donos Por favor criem os Formularios no Site: https://form.jotformz.com/60428866088669    Por favor somente os Donos das guilds Crie o Formulario.
[13/02/2016 01:18:49] /bc green Para as Guilds participantes os Donos Por favor criem os Formularios no Site: https://form.jotformz.com/60428866088669    Por favor somente os Donos das guilds Crie o Formulario.
[13/02/2016 01:19:07] /bc green So Irá Participar as Guilds que criarem Formularios ja aviso.
[13/02/2016 01:19:08] /bc green So Irá Participar as Guilds que criarem Formularios ja aviso.
[13/02/2016 01:19:08] /bc green So Irá Participar as Guilds que criarem Formularios ja aviso.
[13/02/2016 01:19:09] /bc green So Irá Participar as Guilds que criarem Formularios ja aviso.
[13/02/2016 01:19:10] /bc green So Irá Participar as Guilds que criarem Formularios ja aviso.
[13/02/2016 01:19:10] /bc green So Irá Participar as Guilds que criarem Formularios ja aviso.
[13/02/2016 01:19:13] /bc green Para as Guilds participantes os Donos Por favor criem os Formularios no Site: https://form.jotformz.com/60428866088669    Por favor somente os Donos das guilds Crie o Formulario.
[13/02/2016 01:19:30] /a 5
[13/02/2016 01:20:49] /bc green Para as Guilds participantes os Donos Por favor criem os Formularios no Site: https://form.jotformz.com/60428866088669    Por favor somente os Donos das guilds Crie o Formulario.
[13/02/2016 01:21:15] /bc green Bom Ja Avisei Saindo.
[13/02/2016 01:21:16] /bc green Bom Ja Avisei Saindo.
[13/02/2016 01:21:16] /bc green Bom Ja Avisei Saindo.
[13/02/2016 10:59:58] /c bickslow
[13/02/2016 11:16:58] /bc green Pessoal So tem 3 Guilds cadastradas no evento, depois não veiam reclamar, está com duvida ocmo se cadastra? fala help um dos tutores ira te ajudar.
[13/02/2016 11:17:07] /bc green Pessoal So tem 3 Guilds cadastradas no evento, depois não veiam reclamar, está com duvida ocmo se cadastra? fala help um dos tutores ira te ajudar.
[13/02/2016 11:20:03] /bc green Olá Sua guild não esta cadastrada, se quer fazer parte do Torneio Guild, por favor a cadastre no site:  https://www.jotform.com/60428866088669   Muito Obrigado.
[13/02/2016 11:21:56] /bc green Olá Sua guild não esta cadastrada, se quer fazer parte do Torneio Guild, por favor a cadastre no site:  https://www.jotform.com/60428866088669   Muito Obrigado.
[13/02/2016 11:25:21] /c bickslow
[13/02/2016 11:26:33] /r
[13/02/2016 11:26:41] /b Bick entra ae
[13/02/2016 11:34:35] /t akmy
[13/02/2016 11:37:42] /town 5
[13/02/2016 11:37:49] /c bickslow
[13/02/2016 11:42:25] /r
[13/02/2016 11:45:55] /r
[13/02/2016 11:50:35] /t bickslow
[13/02/2016 11:50:36] /t
[13/02/2016 11:50:48] /town 5
[13/02/2016 11:50:53] /m caterpie
[13/02/2016 11:51:27] /reload config
[13/02/2016 11:51:30] /m caterpie
[13/02/2016 11:51:54] /bc green Povo Para Colocar Double XP o ot precisa reinicia, vamos reiniciar?
[13/02/2016 11:52:15] /goto Konan
[13/02/2016 11:52:18] /t
[13/02/2016 11:52:23] /r
[13/02/2016 11:52:25] /ghost
[13/02/2016 11:52:38] /bc green Esperar os Mlks morrer quest para reiniciar.
[13/02/2016 11:52:39] /bc green Esperar os Mlks morrer quest para reiniciar.
[13/02/2016 11:52:49] /bc green Esperar os Mlks morrer quest para reiniciar.
[13/02/2016 11:53:38] /bc green Reiniciando Double XP Todos Procurem Abrigo.
[13/02/2016 11:53:39] /bc green Reiniciando Double XP Todos Procurem Abrigo.
[13/02/2016 11:53:40] /bc green Reiniciando Double XP Todos Procurem Abrigo.
[13/02/2016 11:53:42] /bc green Reiniciando Double XP Todos Procurem Abrigo.
[13/02/2016 11:53:44] /bc green Reiniciando Double XP Todos Procurem Abrigo.
[13/02/2016 11:53:48] /bc green Reiniciando Double XP Todos Procurem Abrigo.
[13/02/2016 11:53:50] /bc green Reiniciando Double XP Todos Procurem Abrigo.
[13/02/2016 11:53:51] /bc green Reiniciando Double XP Todos Procurem Abrigo.
[13/02/2016 11:54:08] /bc green Contagem Para Reiniciar Apatir do 30.
[13/02/2016 11:54:08] /bc green Contagem Para Reiniciar Apatir do 30.
[13/02/2016 11:54:08] /bc green Contagem Para Reiniciar Apatir do 30.
[13/02/2016 11:54:10] /bc green Contagem Para Reiniciar Apatir do 30.
[13/02/2016 11:54:15] /bc green Contagem Para Reiniciar Apatir do 30.
[13/02/2016 11:54:16] /bc green Contagem Para Reiniciar Apatir do 30.
[13/02/2016 11:54:20] /bc green 30
[13/02/2016 11:54:21] /bc green 29
[13/02/2016 11:54:22] /bc green 28
[13/02/2016 11:54:23] /bc green 27
[13/02/2016 11:54:24] /bc green 26
[13/02/2016 11:54:25] /bc green 25
[13/02/2016 11:54:26] /bc green 24
[13/02/2016 11:54:27] /bc green 23
[13/02/2016 11:54:28] /bc green 22
[13/02/2016 11:54:30] /goto bickslow
[13/02/2016 11:54:35] /bc green 21
[13/02/2016 11:54:36] /bc green 20
[13/02/2016 11:54:37] /bc green 19
[13/02/2016 11:54:38] /bc green 18
[13/02/2016 11:54:40] /bc green 17
[13/02/2016 11:54:41] /bc green 16
[13/02/2016 11:54:42] /bc green 15
[13/02/2016 11:54:43] /bc green 14
[13/02/2016 11:54:44] /bc green 13
[13/02/2016 11:54:45] /bc green 12
[13/02/2016 11:54:46] /bc green 11
[13/02/2016 11:54:47] /bc green 10
[13/02/2016 11:54:49] /bc green 09
[13/02/2016 11:55:06] /bc green 08
[13/02/2016 11:55:07] /bc green 07
[13/02/2016 11:55:08] /bc green 06
[13/02/2016 11:55:09] /bc green 05
[13/02/2016 11:55:11] /bc green 04
[13/02/2016 11:55:12] /bc green 03
[13/02/2016 11:55:13] /bc green 02
[13/02/2016 11:55:13] /bc green 01
[13/02/2016 11:55:14] /bc green 00
[13/02/2016 11:55:22] /bc green Salvando.
[13/02/2016 11:55:23] /bc green Salvando.
[13/02/2016 11:55:24] /bc green Salvando.
[13/02/2016 11:55:28] /save
[13/02/2016 11:55:51] /bc green Reiniciando.
[13/02/2016 11:55:52] /bc green Reiniciando.
[13/02/2016 11:55:52] /bc green Reiniciando.
[13/02/2016 11:55:53] /bc green Reiniciando.
[13/02/2016 11:55:58] /closeserver
[13/02/2016 11:57:48] /b not so staff podem ficar online
[13/02/2016 11:57:54] /n estou fazendo um bang.
[13/02/2016 11:57:58] /b estou fazendo um bang.
[13/02/2016 11:57:59] /b estou fazendo um bang.
[13/02/2016 12:02:28] /bc green Torneio Guild Jaja.
[13/02/2016 12:02:33] /town 5
[13/02/2016 12:02:37] /m caterpie
[13/02/2016 12:29:32] /addskill Buch,lvl,50
[13/02/2016 12:29:36] /mc
[13/02/2016 12:31:25] /goto buch
[13/02/2016 12:31:28] /t
[13/02/2016 12:31:29] /t
[13/02/2016 12:31:31] /goto buch
[13/02/2016 12:31:38] /r
[13/02/2016 12:31:43] /i 11473
[13/02/2016 12:31:43] /i 11473
[13/02/2016 12:31:44] /i 11473
[13/02/2016 12:31:45] /i 11473
[13/02/2016 12:31:46] /i 11473
[13/02/2016 12:31:52] /i 11473
[13/02/2016 12:32:15] /i 11473
[13/02/2016 12:32:16] /i 11473
[13/02/2016 12:32:17] /i 11473
[13/02/2016 12:32:19] /i 11473
[13/02/2016 12:32:55] /i 11473
[13/02/2016 12:32:56] /i 11473
[13/02/2016 12:33:03] /i 11473
[13/02/2016 12:33:04] /i 11473
[13/02/2016 12:33:04] /i 11473
[13/02/2016 12:33:06] /i 11473
[13/02/2016 12:33:07] /i 11473
[13/02/2016 12:33:07] /i 11473
[13/02/2016 12:34:09] /i 11473
[13/02/2016 12:34:10] /i 11473
[13/02/2016 12:34:10] /i 11473
[13/02/2016 12:34:11] /i 11473
[13/02/2016 12:34:12] /i 11473
[13/02/2016 12:34:12] /i 11473
[13/02/2016 12:34:13] /i 11473
[13/02/2016 12:34:14] /i 11473
[13/02/2016 12:34:14] /i 11473
[13/02/2016 12:34:15] /i 11473
[13/02/2016 12:34:15] /i 11473
[13/02/2016 12:34:16] /i 11473
[13/02/2016 12:34:17] /i 11473
[13/02/2016 12:34:18] /i 11473
[13/02/2016 12:34:18] /i 11473
[13/02/2016 12:34:19] /i 11473
[13/02/2016 12:34:20] /i 11473
[13/02/2016 12:34:20] /i 11473
[13/02/2016 12:34:25] /i 11473
[13/02/2016 12:34:27] /i 11473
[13/02/2016 12:34:52] /r
[13/02/2016 12:34:53] /i 11473
[13/02/2016 12:34:54] /i 11473
[13/02/2016 12:34:55] /i 11473
[13/02/2016 12:34:56] /i 11473
[13/02/2016 12:34:57] /i 11473
[13/02/2016 12:35:16] /bc green Jaja Será encerrado as inscrições para Evento Torneio Guild.
[13/02/2016 12:35:17] /bc green Jaja Será encerrado as inscrições para Evento Torneio Guild.
[13/02/2016 12:35:17] /bc green Jaja Será encerrado as inscrições para Evento Torneio Guild.
[13/02/2016 12:35:50] /i y-regeneration t5
[13/02/2016 12:35:51] /i y-regeneration t5
[13/02/2016 12:36:57] /c Bickslow
[13/02/2016 12:37:44] /t bickslow
[13/02/2016 12:38:36] /bc green Bom cheguei as Informações que a guild hand não ira participar.
[13/02/2016 12:39:23] /b so temos 4 guilds registradas povo
[13/02/2016 12:39:24] /b so temos 4 guilds registradas povo
[13/02/2016 12:41:14] /bc green 12:50 Escrições Acaba, Melhor Montar time direito, qualquer informação está no grupo.
[13/02/2016 12:41:15] /bc green 12:50 Escrições Acaba, Melhor Montar time direito, qualquer informação está no grupo.
[13/02/2016 12:41:16] /bc green 12:50 Escrições Acaba, Melhor Montar time direito, qualquer informação está no grupo.
[13/02/2016 12:41:17] /bc green 12:50 Escrições Acaba, Melhor Montar time direito, qualquer informação está no grupo.
[13/02/2016 12:41:22] /c Kyogre
[13/02/2016 12:43:00] /t kyogre
[13/02/2016 12:45:38] /r
[13/02/2016 12:46:01] /r
[13/02/2016 12:46:05] /i 12712
[13/02/2016 12:46:06] /i 12712
[13/02/2016 12:46:07] /i 12712
[13/02/2016 12:46:07] /i 12712
[13/02/2016 12:46:12] /i 12691
[13/02/2016 12:46:12] /i 12691
[13/02/2016 12:46:13] /i 12691
[13/02/2016 12:46:13] /i 12691
[13/02/2016 12:48:42] /bc green Site Formulario : https://form.jotformz.com/60428866088669
[13/02/2016 12:48:48] /bc green Site Formulario : https://form.jotformz.com/60428866088669
[13/02/2016 12:49:04] /r
[13/02/2016 12:50:27] /r
[13/02/2016 12:51:08] /goto luis killer
[13/02/2016 12:51:41] /t
[13/02/2016 12:51:57] /a 5
[13/02/2016 12:54:11] /bc Inscrições fechadas.
[13/02/2016 12:54:16] /bc green Inscrições fechadas.
[13/02/2016 12:54:18] /bc green Inscrições fechadas.
[13/02/2016 12:54:26] /bc green Vou Puchar os donos de Guild.
[13/02/2016 12:54:27] /bc green Vou Puchar os donos de Guild.
[13/02/2016 12:55:00] /b Serão 5 Guilds.
[13/02/2016 12:56:12] /b Sinto Muito horario do evento é fixo, vcs tem a escolha de continuar sem ele ou com ele.
[13/02/2016 12:56:38] /c kyogre
[13/02/2016 12:56:50] /c buch
[13/02/2016 12:57:09] /c bickslow
[13/02/2016 12:58:04] /c buch
[13/02/2016 12:58:16] /bc green Os Lideres dos grupos ja deixaro Pokes DP?
[13/02/2016 12:58:17] /bc green Os Lideres dos grupos ja deixaro Pokes DP?
[13/02/2016 12:58:18] /bc green Os Lideres dos grupos ja deixaro Pokes DP?
[13/02/2016 12:58:21] /c kyogre
[13/02/2016 12:58:45] /c bickslow
[13/02/2016 12:59:22] /c Aldito
[13/02/2016 12:59:29] /bc green Aldito Offiline
[13/02/2016 12:59:54] /bc green Guild Kappa Descrasificada Por Ausencia do Lider.
[13/02/2016 12:59:55] /bc green Guild Kappa Descrasificada Por Ausencia do Lider.
[13/02/2016 12:59:56] /bc green Guild Kappa Descrasificada Por Ausencia do Lider.
[13/02/2016 13:00:34] /c [HELP TESTE] Harlley Swwiit
[13/02/2016 13:04:44] /c xtremex
[13/02/2016 13:04:50] /c killua
[13/02/2016 13:04:56] /c Luis Killer
[13/02/2016 13:05:02] /c [Help Teste] Rebecca
[13/02/2016 13:06:39] /i 11473
[13/02/2016 13:06:40] /i 11473
[13/02/2016 13:06:40] /i 11473
[13/02/2016 13:06:41] /i 11473
[13/02/2016 13:06:42] /i 11473
[13/02/2016 13:06:42] /i 11473
[13/02/2016 13:06:43] /i 11473
[13/02/2016 13:06:44] /i 11473
[13/02/2016 13:06:45] /i 11473
[13/02/2016 13:06:45] /i 11473
[13/02/2016 13:06:49] /i 11473
[13/02/2016 13:06:50] /i 11473
[13/02/2016 13:06:51] /i 11473
[13/02/2016 13:06:51] /i 11473
[13/02/2016 13:06:52] /i 11473
[13/02/2016 13:06:53] /i 11473
[13/02/2016 13:07:17] /i 11473
[13/02/2016 13:07:19] /i 11473
[13/02/2016 13:07:19] /i 11473
[13/02/2016 13:07:22] /i 11473
[13/02/2016 13:07:22] /i 11473
[13/02/2016 13:07:23] /i 11473
[13/02/2016 13:07:24] /i 11473
[13/02/2016 13:07:25] /i 11473
[13/02/2016 13:07:26] /i 11473
[13/02/2016 13:07:30] /i 11473
[13/02/2016 13:07:30] /i 11473
[13/02/2016 13:07:31] /i 11473
[13/02/2016 13:07:32] /i 11473
[13/02/2016 13:07:36] /i 11473
[13/02/2016 13:08:50] /c strigoi
[13/02/2016 13:09:45] /c victorklo
[13/02/2016 13:09:59] /bc green Sim Vale Revive.
[13/02/2016 13:10:00] /bc green Sim Vale Revive.
[13/02/2016 13:10:03] /bc green Sim Vale Revive.
[13/02/2016 13:17:07] /bc green COmeçem
[13/02/2016 13:17:08] /bc green COmeçem
[13/02/2016 13:17:09] /bc green COmeçem
[13/02/2016 13:21:23] /i 12691
[13/02/2016 13:22:26] /a 2
[13/02/2016 13:23:00] /c jamai
[13/02/2016 13:23:15] /c wiaa
[13/02/2016 13:23:29] /c bell cranell
[13/02/2016 13:23:34] /c ruanxp
[13/02/2016 13:24:33] /c daiskin
[13/02/2016 13:25:13] /c malcon
[13/02/2016 13:25:26] /c [Help Teste] Kills Black
[13/02/2016 13:25:28] /c seven x
[13/02/2016 13:26:52] /bc green Vale Revive.
[13/02/2016 13:26:53] /bc green Vale Revive.
[13/02/2016 13:26:53] /bc green Vale Revive.
[13/02/2016 13:31:07] /r
[13/02/2016 13:31:10] /r
[13/02/2016 13:31:14] /r
[13/02/2016 13:31:22] /r
[13/02/2016 13:31:40] /r
[13/02/2016 13:31:44] /r
[13/02/2016 13:31:48] /r
[13/02/2016 13:31:59] /kick kyogre
[13/02/2016 13:37:38] /bc green Iniciem !
[13/02/2016 13:37:39] /bc green Iniciem !
[13/02/2016 13:37:39] /bc green Iniciem !
[13/02/2016 13:37:48] /a 5
[13/02/2016 13:37:53] /ghost
[13/02/2016 13:41:14] /bc green Team Vencedora Fica na area protegida do seu lado.
[13/02/2016 13:41:15] /bc green Team Vencedora Fica na area protegida do seu lado.
[13/02/2016 13:41:16] /bc green Team Vencedora Fica na area protegida do seu lado.
[13/02/2016 13:41:23] /goto bickslow
[13/02/2016 13:42:25] /bc green Que a guerra Começe Guilds.
[13/02/2016 13:42:26] /bc green Que a guerra Começe Guilds.
[13/02/2016 13:42:26] /bc green Que a guerra Começe Guilds.
[13/02/2016 13:52:40] /r
[13/02/2016 13:52:42] /r
[13/02/2016 13:52:43] /r
[13/02/2016 13:52:44] /r
[13/02/2016 13:52:44] /r
[13/02/2016 13:52:47] /r
[13/02/2016 13:53:47] /c luis
[13/02/2016 13:53:49] /c luis killer
[13/02/2016 13:54:01] /c [HELP TESTE] Rebecca
[13/02/2016 13:54:04] /c killua
[13/02/2016 13:54:08] /c [HELP TESTE] Rebecca
[13/02/2016 13:56:33] /i 2156
[13/02/2016 13:56:35] /r
[13/02/2016 13:56:45] /r
[13/02/2016 13:56:47] /r
[13/02/2016 13:56:49] /r
[13/02/2016 13:56:52] /r
[13/02/2016 13:56:53] /r
[13/02/2016 13:57:05] /i 12227
[13/02/2016 13:57:14] /i 12227
[13/02/2016 13:57:20] /i 12227
[13/02/2016 13:57:23] /i 12227
[13/02/2016 13:57:34] /i 2159,5
[13/02/2016 13:57:51] /i 2159,5
[13/02/2016 13:57:56] /i 2159,5
[13/02/2016 13:57:59] /i 2159,5
[13/02/2016 13:59:04] /r
[13/02/2016 13:59:31] /r
[13/02/2016 13:59:32] /r
[13/02/2016 13:59:34] /r
[13/02/2016 13:59:35] /r
[13/02/2016 13:59:37] /r
[13/02/2016 13:59:40] /r
[13/02/2016 13:59:43] /r
[13/02/2016 13:59:46] /r
[13/02/2016 14:00:13] /bc green Acabou Evento Torneio Guild, a Guild Vencedora FOi Os Ilegais, Parabens.
[13/02/2016 14:00:14] /bc green Acabou Evento Torneio Guild, a Guild Vencedora FOi Os Ilegais, Parabens.
[13/02/2016 14:00:15] /bc green Acabou Evento Torneio Guild, a Guild Vencedora FOi Os Ilegais, Parabens.
[13/02/2016 14:00:20] /r
[13/02/2016 14:00:31] /r
[13/02/2016 14:00:35] /t luis killer
[13/02/2016 14:00:37] /r
[13/02/2016 14:00:38] /r
[13/02/2016 14:00:39] /r
[13/02/2016 14:00:41] /r
[13/02/2016 14:00:43] /r
[13/02/2016 14:00:44] /r
[13/02/2016 14:00:46] /r
[13/02/2016 14:00:48] /r
[13/02/2016 14:00:49] /r
[13/02/2016 14:00:51] /r
[13/02/2016 14:00:53] /r
[13/02/2016 14:00:55] /r
[13/02/2016 14:00:57] /r
[13/02/2016 14:00:58] /r
[13/02/2016 14:01:00] /r
[13/02/2016 14:01:01] /r
[13/02/2016 14:01:02] /r
[13/02/2016 14:01:04] /r
[13/02/2016 14:01:05] /r
[13/02/2016 14:01:09] /r
[13/02/2016 14:01:28] /r
[13/02/2016 14:01:31] /r
[13/02/2016 14:01:33] /r
[13/02/2016 14:01:35] /r
[13/02/2016 14:01:37] /r
[13/02/2016 14:01:38] /r
[13/02/2016 14:01:40] /r
[13/02/2016 14:01:41] /r
[13/02/2016 14:02:01] /r
[13/02/2016 14:02:03] /r
[13/02/2016 14:02:04] /r
[13/02/2016 14:02:06] /r
[13/02/2016 14:02:08] /r
[13/02/2016 14:02:09] /r
[13/02/2016 14:02:10] /r
[13/02/2016 14:02:12] /r
[13/02/2016 14:02:13] /r
[13/02/2016 14:02:49] /bc green Sabado que vem vai ser Torneio Solo Terão que se escrever Tambem, será das 13:00 ás 16:00 o Torneio.
[13/02/2016 14:02:53] /r
[13/02/2016 14:02:55] /r
[13/02/2016 14:03:02] /r
[13/02/2016 14:03:03] /r
[13/02/2016 14:03:05] /r
[13/02/2016 14:03:07] /r
[13/02/2016 14:03:08] /bc green Sabado que vem vai ser Torneio Solo Terão que se escrever Tambem, será das 13:00 ás 16:00 o Torneio.
[13/02/2016 14:03:10] /r
[13/02/2016 14:03:11] /r
[13/02/2016 14:03:13] /r
[13/02/2016 14:03:21] /bc green Sabado que vem vai ser Torneio Solo Terão que se escrever Tambem, será das 13:00 ás 16:00 o Torneio, Com os Pokemons de vocês.
[13/02/2016 14:03:22] /bc green Sabado que vem vai ser Torneio Solo Terão que se escrever Tambem, será das 13:00 ás 16:00 o Torneio, Com os Pokemons de vocês.
[13/02/2016 14:03:24] /r
[13/02/2016 14:03:25] /r
[13/02/2016 14:03:26] /r
[13/02/2016 14:03:28] /r
[13/02/2016 14:03:29] /r
[13/02/2016 14:03:31] /r
[13/02/2016 14:03:32] /r
[13/02/2016 14:03:34] /r
[13/02/2016 14:03:36] /r
[13/02/2016 14:03:38] /r
[13/02/2016 14:03:41] /r
[13/02/2016 14:03:43] /r
[13/02/2016 14:03:47] /r
[13/02/2016 14:03:49] /r
[13/02/2016 14:03:51] /r
[13/02/2016 14:03:52] /r
[13/02/2016 14:03:55] /r
[13/02/2016 14:03:57] /r
[13/02/2016 14:04:00] /bc green Sabado que vem vai ser Torneio Solo Terão que se escrever Tambem, será das 13:00 ás 16:00 o Torneio, Com os Pokemons de vocês.
[13/02/2016 14:04:46] /bc vou Conferir o Double XP Povo, tem muitos players falando que não está
[13/02/2016 14:05:02] /bc green vou Conferir o Double XP Povo, tem muitos players falando que não está
[13/02/2016 14:05:04] /bc green vou Conferir o Double XP Povo, tem muitos players falando que não está
[13/02/2016 14:05:49] /bc green Acabei de Conferir está sim pessoal double xp.
[13/02/2016 14:31:48] /town 5
[13/02/2016 14:31:49] /c [HELP TESTE] Rebecca
[13/02/2016 14:31:51] /ghost
[13/02/2016 14:32:03] /r
[13/02/2016 14:32:44] /i 12227
[13/02/2016 14:32:48] /i 2159,5
[13/02/2016 14:34:55] /r
[13/02/2016 14:35:44] /i 14577
[13/02/2016 14:36:02] /r
[13/02/2016 14:38:37] /save
[13/02/2016 14:39:01] /reload actions
[13/02/2016 14:39:33] /bc green Backup Sucedido.
[13/02/2016 14:39:41] /i 14577
[13/02/2016 14:39:49] /r
[13/02/2016 14:43:12] /b Dando save no servidor.
[13/02/2016 14:43:16] /save
[13/02/2016 14:43:40] /reload npcs
[13/02/2016 14:43:55] /c java
[13/02/2016 14:44:10] /t java
[13/02/2016 14:45:06] /bc green Mega Box Adicionada NPC Shop Donater.
[13/02/2016 14:45:07] /bc green Mega Box Adicionada NPC Shop Donater.
[13/02/2016 14:45:08] /bc green Mega Box Adicionada NPC Shop Donater.
[13/02/2016 14:45:08] /t
[13/02/2016 14:45:14] /r
[13/02/2016 14:45:48] /bc green Mega Box Adicionada NPC Shop Donater.
[13/02/2016 14:45:48] /bc green Mega Box Adicionada NPC Shop Donater.
[13/02/2016 14:45:57] /bc green Mega Box Adicionada NPC Shop Donater.
[13/02/2016 14:45:59] /bc green Mega Box Adicionada NPC Shop Donater.
[13/02/2016 14:48:26] /goto xtremex
[13/02/2016 14:50:28] /reload monster
[13/02/2016 14:51:17] /c xtremex
[13/02/2016 14:51:20] /c xtremex
[13/02/2016 14:52:06] /reload monster
[13/02/2016 14:53:56] /bc green Bom povo para os que ficaram de mimi so vou falar uma coisa eu e o Wang estamos pensando em por 1 quest que de 1 mega box, mas estamos pensando e se ficarem e mimi agente não coloca so isso.
[13/02/2016 14:54:02] /bc green Bom povo para os que ficaram de mimi so vou falar uma coisa eu e o Wang estamos pensando em por 1 quest que de 1 mega box, mas estamos pensando e se ficarem e mimi agente não coloca so isso.
[13/02/2016 14:54:18] /ghost
[13/02/2016 14:54:19] /ghost
[13/02/2016 14:59:55] /spy xtremex
[13/02/2016 15:00:07] /goto xtremex
[13/02/2016 15:00:09] /goto xtremex
[13/02/2016 15:00:22] /n tiermond
[13/02/2016 15:05:55] /reload monster
[13/02/2016 15:07:02] /m giant primeape
[13/02/2016 15:09:21] /attr set boost 300
[13/02/2016 15:09:26] /i x-attack t7
[13/02/2016 15:09:34] /i x-renegation t7
[13/02/2016 15:09:39] /i y-renegation t7
[13/02/2016 15:09:47] /i y-regeneration t7
[13/02/2016 15:09:54] /i x-attack t7
[13/02/2016 15:17:20] /bc green Bom players saindo.
[13/02/2016 15:17:21] /bc green Bom players saindo.
[13/02/2016 15:17:24] /ghost
[13/02/2016 15:17:39] /bc green FUIXXX
[13/02/2016 15:17:47] /r
[13/02/2016 15:17:53] /goto xtremex
[13/02/2016 15:20:41] /goto xtremex
[13/02/2016 15:20:53] /a 5
[13/02/2016 15:20:54] /a 5
[13/02/2016 15:20:55] /a 5
[13/02/2016 15:20:56] /a 5
[13/02/2016 15:20:57] /a 5
[13/02/2016 15:20:59] /a 5
[13/02/2016 15:21:00] /a 5
[13/02/2016 15:21:03] /a 5
[13/02/2016 15:21:03] /a 5
[13/02/2016 15:21:11] /ghost
[13/02/2016 15:22:14] /m suicune
[13/02/2016 15:22:14] /m suicune
[13/02/2016 15:22:15] /m suicune
[13/02/2016 15:22:18] /m articuno
[13/02/2016 15:22:19] /m articuno
[13/02/2016 15:22:19] /m articuno
[13/02/2016 15:22:28] /ghost
[13/02/2016 15:22:38] /m lugia
[13/02/2016 15:22:49] /r
[13/02/2016 15:22:52] /r
[13/02/2016 15:22:54] /r
[13/02/2016 15:22:58] /r
[13/02/2016 15:23:05] /goto xtremex
[13/02/2016 15:23:55] /goto gusts
[13/02/2016 15:23:58] /c xtreme
[13/02/2016 15:24:01] /c xtremex
[13/02/2016 15:24:20] /m zapdos
[13/02/2016 15:24:22] /m zapdos
[13/02/2016 15:24:24] /m zapdos
[13/02/2016 15:24:26] /m zapdos
[13/02/2016 15:24:43] /m mew
[13/02/2016 15:25:06] /a 5
[13/02/2016 15:25:07] /a 5
[13/02/2016 15:25:07] /a 5
[13/02/2016 15:25:08] /a 5
[13/02/2016 15:25:08] /a 5
[13/02/2016 15:25:09] /a 5
[13/02/2016 15:25:10] /a 5
[13/02/2016 15:25:10] /a 5
[13/02/2016 15:25:11] /a 5
[13/02/2016 15:25:11] /a 5
[13/02/2016 15:25:12] /a 5
[13/02/2016 15:25:12] /a 5
[13/02/2016 15:25:13] /a 5
[13/02/2016 15:25:15] /a 5
[13/02/2016 15:25:15] /a 5
[13/02/2016 15:25:16] /a 5
[13/02/2016 15:25:17] /a 5
[13/02/2016 15:25:18] /a 5
[13/02/2016 15:25:19] /a 5
[13/02/2016 15:25:19] /a 5
[13/02/2016 15:25:19] /a 5
[13/02/2016 15:25:21] /a 5
[13/02/2016 15:25:21] /a 5
[13/02/2016 15:25:21] /a 5
[13/02/2016 15:25:22] /a 5
[13/02/2016 15:25:23] /a 5
[13/02/2016 15:25:23] /a 5
[13/02/2016 15:25:24] /a 5
[13/02/2016 15:25:24] /a 5
[13/02/2016 15:25:25] /a 5
[13/02/2016 15:25:25] /a 5
[13/02/2016 15:25:26] /a 5
[13/02/2016 15:25:27] /a 5
[13/02/2016 15:25:34] /m mega gardevoir
[13/02/2016 15:25:48] /goto xtremex
[13/02/2016 15:26:50] /a 5
[13/02/2016 15:26:59] /a 5
[13/02/2016 15:27:00] /a 5
[13/02/2016 15:27:04] /m mega charizardx
[13/02/2016 15:27:08] /a 5
[13/02/2016 15:27:09] /a 5
[13/02/2016 15:27:40] /a 5
[13/02/2016 15:27:50] /m entei
[13/02/2016 15:27:51] /m entei
[13/02/2016 15:27:52] /m entei
[13/02/2016 15:28:06] /m mega alakazam
[13/02/2016 15:28:22] /a 5
[13/02/2016 15:28:27] /info xtremex
[13/02/2016 15:28:38] /info xtremex
[13/02/2016 15:29:49] /a 5
[13/02/2016 15:29:50] /a 5
[13/02/2016 15:30:04] /a 5
[13/02/2016 15:30:04] /a 5
[13/02/2016 15:30:07] /a 5
[13/02/2016 15:30:12] /m mewtwo
[13/02/2016 15:30:19] /a 5
[13/02/2016 15:30:19] /a 5
[13/02/2016 15:30:20] /a 5
[13/02/2016 15:30:25] /m mega ampharos
[13/02/2016 15:30:32] /r
[13/02/2016 15:31:00] /m mega gyarados
[13/02/2016 15:31:08] /a 5
[13/02/2016 15:31:17] /a 5
[13/02/2016 15:31:30] /a 5
[13/02/2016 15:31:54] /a 5
[13/02/2016 15:31:55] /a 5
[13/02/2016 15:32:00] /m mega swampert
[13/02/2016 15:32:42] /r
[13/02/2016 15:32:44] /t
[13/02/2016 15:35:36] /town 5
[13/02/2016 15:35:44] /m charizard
[13/02/2016 15:35:45] /m charizard
[13/02/2016 15:35:46] /m charizard
[13/02/2016 15:36:12] /reload config
[13/02/2016 15:36:14] /m charizard
[13/02/2016 15:36:14] /m charizard
[13/02/2016 15:36:15] /m charizard
[13/02/2016 15:36:20] /m charizard
[13/02/2016 15:36:49] /reload monster
[13/02/2016 15:37:17] /bc green Por causa dos Reclamão ocloquei Triple XP So que so vai até amanha as 14:00 eu tiro.
[13/02/2016 15:37:18] /bc green Por causa dos Reclamão ocloquei Triple XP So que so vai até amanha as 14:00 eu tiro.
[13/02/2016 15:37:19] /bc green Por causa dos Reclamão ocloquei Triple XP So que so vai até amanha as 14:00 eu tiro.
[13/02/2016 15:37:19] /bc green Por causa dos Reclamão ocloquei Triple XP So que so vai até amanha as 14:00 eu tiro.
[13/02/2016 15:37:20] /bc green Por causa dos Reclamão ocloquei Triple XP So que so vai até amanha as 14:00 eu tiro.
[13/02/2016 15:37:24] /r
[13/02/2016 15:37:25] /t
[13/02/2016 15:37:47] /bc green Agora sem xoro.
[13/02/2016 15:38:01] /bc green não ira reiniciar ja esta triple xp
[13/02/2016 15:38:05] /town 5
[13/02/2016 15:38:23] /m charizard
[13/02/2016 15:38:24] /m charizard
[13/02/2016 15:38:24] /m charizard
[13/02/2016 15:38:25] /m charizard
[13/02/2016 15:38:25] /m charizard
[13/02/2016 15:38:25] /m charizard
[13/02/2016 15:38:26] /m charizard
[13/02/2016 15:38:48] /m ancient dragonite
[13/02/2016 15:38:48] /m ancient dragonite
[13/02/2016 15:38:49] /m ancient dragonite
[13/02/2016 15:38:49] /m ancient dragonite
[13/02/2016 15:38:50] /m ancient dragonite
[13/02/2016 15:38:50] /m ancient dragonite
[13/02/2016 15:38:50] /m ancient dragonite
[13/02/2016 15:38:51] /m ancient dragonite
[13/02/2016 15:38:51] /m ancient dragonite
[13/02/2016 15:38:52] /m ancient dragonite
[13/02/2016 15:38:52] /m ancient dragonite
[13/02/2016 15:38:52] /m ancient dragonite
[13/02/2016 15:38:53] /m ancient dragonite
[13/02/2016 15:38:53] /m ancient dragonite
[13/02/2016 15:38:53] /m ancient dragonite
[13/02/2016 15:38:54] /m ancient dragonite
[13/02/2016 15:38:54] /m ancient dragonite
[13/02/2016 15:38:55] /m ancient dragonite
[13/02/2016 15:38:55] /m ancient dragonite
[13/02/2016 15:38:55] /m ancient dragonite
[13/02/2016 15:38:56] /m ancient dragonite
[13/02/2016 15:38:56] /m ancient dragonite
[13/02/2016 15:38:57] /m ancient dragonite
[13/02/2016 15:38:57] /m ancient dragonite
[13/02/2016 15:38:57] /m ancient dragonite
[13/02/2016 15:38:58] /m ancient dragonite
[13/02/2016 15:38:58] /m ancient dragonite
[13/02/2016 15:38:59] /m ancient dragonite
[13/02/2016 15:38:59] /m ancient dragonite
[13/02/2016 15:39:00] /m ancient dragonite
[13/02/2016 15:39:00] /m ancient dragonite
[13/02/2016 15:39:00] /m ancient dragonite
[13/02/2016 15:39:01] /m ancient dragonite
[13/02/2016 15:39:01] /m ancient dragonite
[13/02/2016 15:39:02] /m ancient dragonite
[13/02/2016 15:39:02] /m ancient dragonite
[13/02/2016 15:39:02] /m ancient dragonite
[13/02/2016 15:39:03] /m ancient dragonite
[13/02/2016 15:39:03] /m ancient dragonite
[13/02/2016 15:39:04] /m ancient dragonite
[13/02/2016 15:39:52] /bc green Eu Upei 1 Lvl matando 35 Ancient Dragonite e so lvl 600 por isso nao reclamem ta alto pakas.
[13/02/2016 15:39:55] /t
[13/02/2016 15:40:11] /goto xtremex
[13/02/2016 15:40:27] /info xtremex
[13/02/2016 15:42:11] /reload config
[13/02/2016 15:42:44] /reload config
[13/02/2016 15:43:06] /reload config
[13/02/2016 15:43:10] /m blastoise
[13/02/2016 15:43:49] /reload config
[13/02/2016 15:45:56] /goto dratini
[13/02/2016 15:46:57] /r
[13/02/2016 15:47:05] /town 13
[13/02/2016 15:47:06] /town 14
[13/02/2016 15:47:07] /town 7
[13/02/2016 15:47:09] /town 6
[13/02/2016 15:47:10] /town 8
[13/02/2016 15:47:11] /town 9
[13/02/2016 15:47:12] /town 10
[13/02/2016 15:47:13] /town 11
[13/02/2016 15:48:03] /goto dratini
[13/02/2016 15:48:05] /r
[13/02/2016 15:48:06] /goto dratini
[13/02/2016 15:48:09] /r
[13/02/2016 15:48:11] /goto dratini
[13/02/2016 15:48:13] /r
[13/02/2016 15:48:14] /goto dratini
[13/02/2016 15:48:16] /r
[13/02/2016 15:48:17] /goto dratini
[13/02/2016 15:48:18] /r
[13/02/2016 15:48:19] /goto dratini
[13/02/2016 15:48:22] /r
[13/02/2016 15:48:23] /goto dratini
[13/02/2016 15:48:24] /goto dratini
[13/02/2016 15:48:30] /t
[13/02/2016 19:34:59] /town 5
[13/02/2016 19:35:46] /ghost
[13/02/2016 19:35:48] /ghost
[13/02/2016 19:35:50] /goto jamai
[13/02/2016 19:36:56] /goto jamai
[13/02/2016 19:37:22] /r
[13/02/2016 19:37:25] /r
[13/02/2016 19:37:28] /r all
[13/02/2016 19:37:31] /r all
[13/02/2016 19:37:32] /r all
[13/02/2016 19:37:34] /r all
[13/02/2016 19:37:38] /r all
[13/02/2016 19:37:40] /r all
[13/02/2016 19:37:42] /r all
[13/02/2016 19:37:44] /r all
[13/02/2016 19:37:45] /r all
[13/02/2016 19:37:47] /r all
[13/02/2016 19:37:50] /r all
[13/02/2016 19:37:51] /r all
[13/02/2016 19:37:52] /r all
[13/02/2016 19:37:54] /r all
[13/02/2016 19:37:55] /r all
[13/02/2016 19:37:58] /r all
[13/02/2016 19:38:00] /r all
[13/02/2016 19:38:02] /r all
[13/02/2016 19:38:05] /r all
[13/02/2016 19:38:08] /r
[13/02/2016 19:38:31] /town 5
[13/02/2016 19:38:33] /c pobre
[13/02/2016 19:38:47] /r
[13/02/2016 19:39:35] /c pobre
[13/02/2016 19:40:04] /town 5
[13/02/2016 19:40:07] /c pobre
[13/02/2016 19:43:33] /t pobre
[13/02/2016 19:43:35] /t
[13/02/2016 19:46:53] /ghost
[13/02/2016 19:46:54] /ghost
[13/02/2016 19:49:01] /goto shiny rhydon
[13/02/2016 19:49:06] /c luis killer
[13/02/2016 19:58:25] /goto [Help teste] Kills Black
[13/02/2016 19:58:31] /goto [Help teste] Kills Black
[13/02/2016 19:58:39] /goto [Help teste] Kills Black
[13/02/2016 19:58:47] /goto [Help teste] Kills Black
[13/02/2016 20:00:53] /goto shiny rhydon
[13/02/2016 20:00:57] /r
[13/02/2016 20:00:58] /goto shiny rhydon
[13/02/2016 20:01:11] /c luis killer
[13/02/2016 20:01:40] /c luis killer
[13/02/2016 20:02:04] /c luis killer
[13/02/2016 20:02:23] /c luis killer
[13/02/2016 20:03:29] /t
[13/02/2016 20:11:03] /goto alerquia
[13/02/2016 20:11:14] /goto alerquina
[13/02/2016 20:11:24] /goto alerquina
[13/02/2016 20:11:28] /a 5
[13/02/2016 20:11:29] /a 5
[13/02/2016 20:11:29] /a 5
[13/02/2016 20:11:30] /a 5
[13/02/2016 20:11:30] /a 5
[13/02/2016 20:11:46] /goto alerquina
[13/02/2016 20:12:54] /bc green Pessoal o pvp esta chato neh? vou ver um bang vou almentar defesa de todos pokes para assim nao ficar killando em um hit bom isso ovu fazer um teste se vcs nao gostarem eu volto ao normal.
[13/02/2016 20:13:02] /bc green Pessoal o pvp esta chato neh? vou ver um bang vou almentar defesa de todos pokes para assim nao ficar killando em um hit bom isso ovu fazer um teste se vcs nao gostarem eu volto ao normal.
[13/02/2016 20:13:40] /bc green Pessoal o pvp esta chato neh? vou ver um bang vou almentar defesa de todos pokes para assim nao ficar killando em um hit bom isso ovu fazer um teste se vcs nao gostarem eu volto ao normal. Todos Concorda? Falem Game Chat
[13/02/2016 20:13:42] /bc green Pessoal o pvp esta chato neh? vou ver um bang vou almentar defesa de todos pokes para assim nao ficar killando em um hit bom isso ovu fazer um teste se vcs nao gostarem eu volto ao normal. Todos Concorda? Falem Game Chat
[13/02/2016 20:26:14] /bc green Povo Que tal Eu reiniciar agora e testa defesa dos pokemons para ver como está?
[13/02/2016 20:26:15] /bc green Povo Que tal Eu reiniciar agora e testa defesa dos pokemons para ver como está?
[13/02/2016 20:26:18] /bc green Povo Que tal Eu reiniciar agora e testa defesa dos pokemons para ver como está?
[13/02/2016 20:27:55] /bc green Vamos fazer assim se eu reiniciar agora almento um pouco o catch deixo Double Catch fmz?
[13/02/2016 20:27:56] /bc green Vamos fazer assim se eu reiniciar agora almento um pouco o catch deixo Double Catch fmz?
[13/02/2016 20:27:57] /bc green Vamos fazer assim se eu reiniciar agora almento um pouco o catch deixo Double Catch fmz?
[13/02/2016 20:29:15] /b Bom Povo que esta em quest ou hunter se proteja em algum lugar, 1 Minuto servidor reinicia por voto da maioria.
[13/02/2016 20:29:16] /b Bom Povo que esta em quest ou hunter se proteja em algum lugar, 1 Minuto servidor reinicia por voto da maioria.
[13/02/2016 20:29:17] /b Bom Povo que esta em quest ou hunter se proteja em algum lugar, 1 Minuto servidor reinicia por voto da maioria.
[13/02/2016 20:29:17] /b Bom Povo que esta em quest ou hunter se proteja em algum lugar, 1 Minuto servidor reinicia por voto da maioria.
[13/02/2016 20:30:14] /b Todos Reloguem as accs para dar Save
[13/02/2016 20:30:16] /t
[13/02/2016 20:30:24] /b Todos Reloguem as accs para dar Save
[13/02/2016 20:30:25] /b Todos Reloguem as accs para dar Save
[13/02/2016 20:30:38] /save
[13/02/2016 20:30:56] /bc green Servidor Reiniciando, Em 1 Minuto volta.
[13/02/2016 20:30:59] /bc green Servidor Reiniciando, Em 1 Minuto volta.
[13/02/2016 20:31:05] /bc green Servidor Reiniciando, Em 1 Minuto volta.
[13/02/2016 20:31:07] /bc green Servidor Reiniciando, Em 1 Minuto volta.
[13/02/2016 20:31:07] /bc green Servidor Reiniciando, Em 1 Minuto volta.
[13/02/2016 20:31:08] /bc green Servidor Reiniciando, Em 1 Minuto volta.
[13/02/2016 20:31:15] /closeserver
[13/02/2016 20:31:33] /shutdown
[13/02/2016 20:40:58] /bc green Muitos Players entrando junto ta fazendo distro cair calma ai povo.
[13/02/2016 20:40:58] /bc green Muitos Players entrando junto ta fazendo distro cair calma ai povo.
[13/02/2016 20:41:21] /ghost
[13/02/2016 20:43:44] /bc green Ja está ficando bom a defesa, vou almentar mais um pokin so ai quando servidor reiniciar amanhã para remover os doubles eventos ja atualiza a defesa.
[13/02/2016 20:43:45] /bc green Ja está ficando bom a defesa, vou almentar mais um pokin so ai quando servidor reiniciar amanhã para remover os doubles eventos ja atualiza a defesa.
[13/02/2016 20:43:50] /bc green Ja está ficando bom a defesa, vou almentar mais um pokin so ai quando servidor reiniciar amanhã para remover os doubles eventos ja atualiza a defesa.
[13/02/2016 20:44:54] /goto milotic
[13/02/2016 20:44:59] /c malcon
[13/02/2016 20:45:01] /t malcon
[13/02/2016 20:45:02] /t
[13/02/2016 22:51:37] /ghost
[13/02/2016 22:51:39] /ghost
[13/02/2016 22:53:36] /town 3
[13/02/2016 22:54:05] /t
[13/02/2016 22:54:25] /a 5
[13/02/2016 22:54:26] /a 5
[13/02/2016 22:54:27] /a 5
[13/02/2016 22:54:37] /ghost
[13/02/2016 22:56:16] /m mega gardevoir
[13/02/2016 22:56:47] /town 5
[13/02/2016 22:57:19] /i x-boost t7
[13/02/2016 22:57:26] /i x-boost t7
[13/02/2016 22:58:09] /goto luis killer
[13/02/2016 22:58:13] /ghost
[13/02/2016 23:02:03] /i x-return t5
[13/02/2016 23:03:20] /i x-return r7
[13/02/2016 23:03:26] /i x-return t7
[13/02/2016 23:05:54] /m shiny rhydon
[13/02/2016 23:05:56] /m shiny rhydon
[13/02/2016 23:06:46] /i saffari ball
[13/02/2016 23:09:06] /bc green Para diminuir um pouco o lag aperte CTRL + T, e Digite CLEAR e de ENTER, depois aperte ESC, Diminui bastante o laag.
[13/02/2016 23:09:08] /bc green Para diminuir um pouco o lag aperte CTRL + T, e Digite CLEAR e de ENTER, depois aperte ESC, Diminui bastante o laag.
[13/02/2016 23:09:08] /bc green Para diminuir um pouco o lag aperte CTRL + T, e Digite CLEAR e de ENTER, depois aperte ESC, Diminui bastante o laag.
[13/02/2016 23:09:09] /bc green Para diminuir um pouco o lag aperte CTRL + T, e Digite CLEAR e de ENTER, depois aperte ESC, Diminui bastante o laag.
[13/02/2016 23:09:10] /bc green Para diminuir um pouco o lag aperte CTRL + T, e Digite CLEAR e de ENTER, depois aperte ESC, Diminui bastante o laag.
[13/02/2016 23:09:11] /bc green Para diminuir um pouco o lag aperte CTRL + T, e Digite CLEAR e de ENTER, depois aperte ESC, Diminui bastante o laag.
[13/02/2016 23:09:12] /bc green Para diminuir um pouco o lag aperte CTRL + T, e Digite CLEAR e de ENTER, depois aperte ESC, Diminui bastante o laag.
[13/02/2016 23:09:18] /bc green Para diminuir um pouco o lag aperte CTRL + T, e Digite CLEAR e de ENTER, depois aperte ESC, Diminui bastante o laag.
[13/02/2016 23:10:17] /m lugia
[13/02/2016 23:10:41] /r
[13/02/2016 23:10:44] /c Luis killer
[13/02/2016 23:10:55] /addskill Luis Kiler,lvl,10
[13/02/2016 23:11:04] /addskill Luis Killer,lvl,15
[13/02/2016 23:13:14] /ghost
[13/02/2016 23:13:14] /i fainted shiny armaldo
[13/02/2016 23:13:15] /i fainted shiny armaldo
[13/02/2016 23:13:15] /i fainted shiny armaldo
[13/02/2016 23:13:15] /i fainted shiny armaldo
[13/02/2016 23:13:15] /i fainted shiny armaldo
[13/02/2016 23:13:15] /i fainted shiny armaldo
[13/02/2016 23:13:15] /i fainted shiny armaldo
[13/02/2016 23:13:15] /i fainted shiny armaldo
[13/02/2016 23:13:15] /i fainted shiny armaldo
[13/02/2016 23:13:15] /i fainted shiny armaldo
[13/02/2016 23:13:15] /i fainted shiny armaldo
[13/02/2016 23:13:15] /i fainted shiny armaldo
[13/02/2016 23:13:15] /i fainted shiny armaldo
[13/02/2016 23:13:15] /i fainted shiny armaldo
[13/02/2016 23:13:15] /i fainted shiny armaldo
[13/02/2016 23:13:15] /i fainted shiny armaldo
[13/02/2016 23:13:15] /i fainted shiny armaldo
[13/02/2016 23:13:15] /i fainted shiny armaldo
[13/02/2016 23:13:15] /i fainted shiny armaldo
[13/02/2016 23:13:15] /i fainted shiny armaldo
[13/02/2016 23:13:15] /i fainted shiny armaldo
[13/02/2016 23:13:15] /i fainted shiny armaldo
[13/02/2016 23:13:16] /i fainted shiny armaldo
[13/02/2016 23:13:16] /i fainted shiny armaldo
[13/02/2016 23:13:16] /i fainted shiny armaldo
[13/02/2016 23:13:16] /i fainted shiny armaldo
[13/02/2016 23:13:16] /i fainted shiny armaldo
[13/02/2016 23:13:16] /i fainted shiny armaldo
[13/02/2016 23:13:16] /i fainted shiny armaldo
[13/02/2016 23:13:16] /i fainted shiny armaldo
[13/02/2016 23:13:16] /i fainted shiny armaldo
[13/02/2016 23:13:16] /i fainted shiny armaldo
[13/02/2016 23:13:16] /i fainted shiny armaldo
[13/02/2016 23:13:16] /i fainted shiny armaldo
[13/02/2016 23:13:16] /i fainted shiny armaldo
[13/02/2016 23:13:16] /i fainted shiny armaldo
[13/02/2016 23:13:16] /i fainted shiny armaldo
[13/02/2016 23:13:16] /i fainted shiny armaldo
[13/02/2016 23:13:16] /i fainted shiny armaldo
[13/02/2016 23:13:16] /i fainted shiny armaldo
[13/02/2016 23:13:16] /i fainted shiny armaldo
[13/02/2016 23:13:16] /i fainted shiny armaldo
[13/02/2016 23:13:16] /i fainted shiny armaldo
[13/02/2016 23:13:16] /i fainted shiny armaldo
[13/02/2016 23:13:16] /i fainted shiny armaldo
[13/02/2016 23:13:16] /i fainted shiny armaldo
[13/02/2016 23:13:16] /i fainted shiny armaldo
[13/02/2016 23:13:17] /i fainted shiny armaldo
[13/02/2016 23:13:17] /i fainted shiny armaldo
[13/02/2016 23:13:17] /i fainted shiny armaldo
[13/02/2016 23:13:17] /i fainted shiny armaldo
[13/02/2016 23:13:17] /i fainted shiny armaldo
[13/02/2016 23:13:17] /i fainted shiny armaldo
[13/02/2016 23:13:17] /i fainted shiny armaldo
[13/02/2016 23:13:17] /i fainted shiny armaldo
[13/02/2016 23:13:17] /i fainted shiny armaldo
[13/02/2016 23:13:17] /i fainted shiny armaldo
[13/02/2016 23:13:17] /i fainted shiny armaldo
[13/02/2016 23:13:17] /i fainted shiny armaldo
[13/02/2016 23:13:17] /i fainted shiny armaldo
[13/02/2016 23:13:17] /i fainted shiny armaldo
[13/02/2016 23:13:17] /i fainted shiny armaldo
[13/02/2016 23:13:17] /i fainted shiny armaldo
[13/02/2016 23:13:17] /i fainted shiny armaldo
[13/02/2016 23:13:17] /i fainted shiny armaldo
[13/02/2016 23:13:17] /i fainted shiny armaldo
[13/02/2016 23:13:17] /i fainted shiny armaldo
[13/02/2016 23:13:17] /i fainted shiny armaldo
[13/02/2016 23:13:17] /i fainted shiny armaldo
[13/02/2016 23:13:17] /i fainted shiny armaldo
[13/02/2016 23:13:17] /i fainted shiny armaldo
[13/02/2016 23:13:17] /i fainted shiny armaldo
[13/02/2016 23:13:17] /i fainted shiny armaldo
[13/02/2016 23:13:18] /i fainted shiny armaldo
[13/02/2016 23:13:18] /i fainted shiny armaldo
[13/02/2016 23:13:18] /i fainted shiny armaldo
[13/02/2016 23:13:18] /i fainted shiny armaldo
[13/02/2016 23:13:18] /i fainted shiny armaldo
[13/02/2016 23:13:18] /i fainted shiny armaldo
[13/02/2016 23:13:18] /i fainted shiny armaldo
[13/02/2016 23:13:18] /i fainted shiny armaldo
[13/02/2016 23:13:18] /i fainted shiny armaldo
[13/02/2016 23:13:18] /i fainted shiny armaldo
[13/02/2016 23:13:18] /i fainted shiny armaldo
[13/02/2016 23:13:18] /i fainted shiny armaldo
[13/02/2016 23:13:18] /i fainted shiny armaldo
[13/02/2016 23:13:18] /i fainted shiny armaldo
[13/02/2016 23:13:18] /i fainted shiny armaldo
[13/02/2016 23:13:18] /i fainted shiny armaldo
[13/02/2016 23:13:18] /i fainted shiny armaldo
[13/02/2016 23:13:18] /i fainted shiny armaldo
[13/02/2016 23:13:18] /i fainted shiny armaldo
[13/02/2016 23:13:18] /i fainted shiny armaldo
[13/02/2016 23:13:18] /i fainted shiny armaldo
[13/02/2016 23:13:18] /i fainted shiny armaldo
[13/02/2016 23:13:18] /i fainted shiny armaldo
[13/02/2016 23:13:18] /i fainted shiny armaldo
[13/02/2016 23:13:18] /i fainted shiny armaldo
[13/02/2016 23:13:18] /i fainted shiny armaldo
[13/02/2016 23:13:18] /i fainted shiny armaldo
[13/02/2016 23:13:18] /i fainted shiny armaldo
[13/02/2016 23:13:18] /i fainted shiny armaldo
[13/02/2016 23:13:19] /i fainted shiny armaldo
[13/02/2016 23:13:19] /i fainted shiny armaldo
[13/02/2016 23:13:19] /i fainted shiny armaldo
[13/02/2016 23:13:19] /i fainted shiny armaldo
[13/02/2016 23:13:19] /i fainted shiny armaldo
[13/02/2016 23:13:19] /i fainted shiny armaldo
[13/02/2016 23:13:19] /i fainted shiny armaldo
[13/02/2016 23:13:19] /i fainted shiny armaldo
[13/02/2016 23:13:19] /i fainted shiny armaldo
[13/02/2016 23:13:19] /i fainted shiny armaldo
[13/02/2016 23:13:19] /i fainted shiny armaldo
[13/02/2016 23:13:19] /i fainted shiny armaldo
[13/02/2016 23:13:19] /i fainted shiny armaldo
[13/02/2016 23:13:19] /i fainted shiny armaldo
[13/02/2016 23:13:19] /i fainted shiny armaldo
[13/02/2016 23:13:19] /i fainted shiny armaldo
[13/02/2016 23:13:19] /i fainted shiny armaldo
[13/02/2016 23:13:19] /i fainted shiny armaldo
[13/02/2016 23:13:19] /i fainted shiny armaldo
[13/02/2016 23:13:19] /i fainted shiny armaldo
[13/02/2016 23:13:19] /i fainted shiny armaldo
[13/02/2016 23:14:13] /r all
[13/02/2016 23:14:14] /r all
[13/02/2016 23:14:16] /r all
[13/02/2016 23:14:17] /r all
[13/02/2016 23:16:57] /t
[13/02/2016 23:17:24] /bc green Povo vou sair aproveitem o Double Catch e Triple XP Por que amanhã ás 14:00 Eu removo.
[13/02/2016 23:17:26] /bc green Povo vou sair aproveitem o Double Catch e Triple XP Por que amanhã ás 14:00 Eu removo.
[13/02/2016 23:22:00] /i fainted shiny swellow
[13/02/2016 23:22:11] /i fainted shiny mr mime
[13/02/2016 23:22:15] /i fainted shiny mr.mime
[13/02/2016 23:22:21] /i fainted shiny Mr. mime
[13/02/2016 23:22:42] /i fainted shiny dragonair
[13/02/2016 23:22:51] /i fainted shiny pupitar
[13/02/2016 23:23:26] /i fainted shiny lapras
[13/02/2016 23:24:05] /i fainted shiny ludicolo
[14/02/2016 00:10:32] /attr set boost 300
[14/02/2016 00:10:41] /i x-attack t7
[14/02/2016 00:10:44] /i x-attack t7
[14/02/2016 00:10:44] /i x-attack t7
[14/02/2016 00:11:27] /i fainted shiny wobbuffet
[14/02/2016 00:11:39] /attr set boost 150
[14/02/2016 00:11:49] /attr set boost 300
[14/02/2016 00:12:02] /i y-regeneration t5
[14/02/2016 00:57:48] /reload npcs
[14/02/2016 01:07:52] /reload npc
[14/02/2016 01:09:09] /ghost
[14/02/2016 01:09:11] /ghost
[14/02/2016 01:09:13] /goto buch
[14/02/2016 01:09:33] /ghost
[14/02/2016 01:09:40] /ghost
[14/02/2016 01:09:42] /t
[14/02/2016 01:09:57] /goto buch
[14/02/2016 01:10:07] /i 2159,50
[14/02/2016 01:11:00] /reload npc
[14/02/2016 01:11:33] /reload npc
[14/02/2016 01:13:16] /reload npc
[14/02/2016 14:35:46] /t
[14/02/2016 14:36:08] /bc green Vou Tirar Triple Xp e Double Catch povo.
[14/02/2016 14:36:10] /bc green Vou Tirar Triple Xp e Double Catch povo.
[14/02/2016 14:39:40] /reload actions
[14/02/2016 14:39:46] /reload config
[14/02/2016 14:40:43] /bc green Double Catch tirado, e Triple XP Tirado ( Mais deixei o xp mais alto que antes um pouco).
[14/02/2016 14:41:36] /town 5
[14/02/2016 14:52:30] /t
[14/02/2016 15:02:38] /rename [ADM] Lucas,[ADM] Lucas Da Silva
